nom;categorie;description;image;fichier_source
Primatesta Séverine;Autres points d'intérêt;"Ateliers théâtre, philo et ""Mon livret de bord créatif""";;0/00/13-000249bc-89dc-3a23-bdb8-cce2252d43a7.json
Boutique de la Ferme des Délices Foréziens;Shopping et artisanat;L'exploitation familiale transforme son lait en glace et desserts. Ces terres sont cultivées en agroécologie, et grâce à elles produisent : bière artisanale, lentilles vertes, maïs pop-corn, steak haché, lait cru et crème fraîche (sur commande).;;0/00/13-0003a39e-f266-396a-89b9-5ba4eec22aa2.json
La Gargote - Snack;Restauration et gastronomie;La Gargote vous propose galettes, crêpes, salades, charcuterie, tartes, glaces artisanales... pour une pause salée ou sucrée dans un petit coin de nature.;;0/00/13-00053503-fa01-3883-a14e-6490c63b79e9.json
Marché hebdomadaire;Spectacles et événements;À deux pas des rives du Rhône, un petit marché alléchant fidèle à sa clientèle villageoise bien utile pour vos repas du weekend. Parfait pour se mettre en appétit avec les produits locaux.;;0/00/13-0005cd3c-502f-364b-8451-43bf7b113d7e.json
Galerie YellowKorner Lyon Centre;Culture et patrimoine;Dans des espaces consacrés à la découverte et aux rencontres, l’équipe YellowKorner vous accompagnera dans votre visite, avec une seule passion, vous faire découvrir et aimer la photographie d’art.;;0/00/13-00081605-f8de-3882-8b65-c1563b6949e0.json
Piste de luge en bordure du domaine nordique du Monolithe;Sports et activités outdoor;Les plaisirs de la luge en famille, à proximité du chalet nordique à Sardières.;;0/00/13-000b41e6-2a66-3c63-81a3-5e8e42d9b063.json
Piscine Municipale de la Pacaudière;Sports et activités outdoor;Piscine en plein air, climatisée.et surveillée avec 2 bassins côte à côte et un petit bassin pour enfants, parc aménagé et ensoleillé, table pique-nique, pelouse, jeux et balançoires, située près du camping Municipal Beausoleil, ombragé et calme.;;0/00/13-000d20cb-c639-35e7-ae98-7da6a57db588.json
Sentier nature du Calvaire;Nature et détente;Ce sentier de découverte met en valeur les trésors naturels et culturels présents sur le site du Calvaire et agrémente la promenade du Creux Saint-Jean de pauses ludiques et interactives.;;0/00/13-000de5fa-1a6a-3b1e-ac3a-da925331f067.json
Restaurant Carlino;Restauration et gastronomie;"Dans un décor sobre et chaleureux, Marcel et Yajaïra vous accueillent pour un tour du monde de saveurs! Ils partagent avec vous leurs découvertes culinaires: Pâtes fraîches maison, , fruits de mer, Gambas , Autant de plats à déguster !
Plats à emporter.";;0/00/13-0014c5d6-c537-3ebf-bf4a-62e6ce01f422.json
Bureau des guides et accompagnateurs du Grand-Bornand;Autres points d'intérêt;Nous vous proposons diverses activités : escalade, canyoning, alpinisme, via ferrata, vtt, randonnée, randonnée itinérante, visites, randonnée glaciaire, ski de randonnée, randonnée en raquette, ski hors-pistes, cascade de glace, vallée blanche...;;0/00/13-001657fc-99c0-3fbb-b9f3-11c5234c8a83.json
Petit Marché de Saint-Jean-de-Maurienne;Spectacles et événements;En milieu de semaine, une petite poignée de commerçants vous proposent de vous approvisionner en fruits et légumes dans le centre-ville de Saint-Jean-de-Maurienne.;;0/00/13-0017606a-1afc-3a1f-9ffc-7edd52314a17.json
Pho 8 restaurant;Restauration et gastronomie;Restaurant de Gastronomie Asiatique sur place ou à emporter;;0/00/13-001be95e-0c95-3a8f-8474-05a3884351ca.json
La Nécropole de Saint Nizier du Moucherotte;Autres points d'intérêt;C'est ici devant l'un des plus beaux panoramas des Alpes à l'aplomb de Grenoble que 250 maquisards ont tenu tête aux assauts allemands le 13 juin 1944.Tombes de Jean Prévost et de nombreux héros du Vercors dont celle d'Eugène Chavant,chef civil du maquis.;;0/00/13-001c10d2-8e51-3c41-bb46-1eae83abdb4b.json
Parcours historique;Culture et patrimoine;Les vestiges du rempart, la halle, l'ancien prieuré, la rue basse et les ruelles étroites sont d'autant éléments hérités du Moyen-Age qui structurent encore fortement le village et lui confère un charme particulier. Parcours avec panneau explicatif.;;0/00/13-001dfd8e-f5ba-3b99-b7c9-bc192eb63b78.json
Hôtel Le Relais Nordique;Hébergement;Hôtel de montagne entièrement rénové : de la chambre single à la suite familiale de 6 places. Lieu idéal pour étape et séjour en famille ou groupe. Chambres spacieuses de 18 à 40m² entièrement équipée : WIFI, TV, salle de bains et Wc séparés.;;0/00/13-001e0197-5210-3cee-940f-f99052b9aa22.json
Format Vertical;Autres points d'intérêt;Thomas est passionné par la beauté et les mystères que nous offre notre planète. Partez à l'aventure, sur les traces enfouies de notre passé.;;0/00/13-001e5943-153a-3c23-805b-32b1a7317a2b.json
Médiathèque Alexandre Varenne;Culture et patrimoine;La Médiathèque de Puy-Guillaume vous propose de partager vos coups de cœur et grâce à son club 'lecture'. Retrouvez aussi les bébés-lecteurs, animation spécialement conçue pour les enfants de 0 à 3 ans.;;0/00/13-0021cf13-77fe-301a-9913-cc65d054eb04.json
Bibliothèque;Culture et patrimoine;La bibliothèque de Chambles propose le prêt de livres en lien avec internet, des animations notamment avant les vacances de noel autour de veillées lecture avec le foyer rural ainsi qu'un bibliobus.;;0/00/13-0023d763-54c9-32b4-a75d-975e388d1a8c.json
Cinéma l'Oron;Culture et patrimoine;Le cinéma L'Oron, équipé de projecteurs numériques et de la 3D, est composé de 2 salles de projection ainsi que d'une salle de rencontres culturelles. Il propose des sorties nationales ainsi que des films en avant-première.;;0/00/13-0028527a-2a67-3823-ae35-2f425767de00.json
Gîte d'étape - Le Patio;Hébergement;Bienvenue au Patio, lieu cosy et tendance, en centre ville d'Yssingeaux ! Immeuble entièrement rénové, où se lovent 7 chambres grand confort toutes avec sanitaires privatifs. Adresse idéale pour des séjours en famille, entre amis ou en solo.;;0/00/13-002be441-df7a-3a75-b865-643016ec5d5f.json
La Ravioline;Autres points d'intérêt;Restaurant familial de spécialités régionales, Alexandre a la cuisine à cœur de vous proposer des plats originaux élaborés avec des produits locaux.;;0/00/13-002c2ae8-ef9d-3bf3-aa1c-d787e9c0344c.json
Restaurant de l'Ancien Grand Séminaire;Restauration et gastronomie;CUISINE TRADITIONNELLE - CUISINE DE TERROIR AUX PRODUITS FRAIS;;0/00/13-002c9030-68a0-317c-864c-64d915bd00bf.json
La Licorne Victorieuse;Autres points d'intérêt;"En toutes saisons, La Licorne Victorieuse vous propose :
- Rencontres-narrations de Mythes et Légendes...
- Rose Thérapie
- ""Langage"" des Etoiles";;0/00/13-002cfd37-2b4f-3689-b1f0-78dc58e63fc5.json
Chez le Père Durdu;Autres points d'intérêt;"Une cuisine soignée et un emplacement idéal au bord du lac ont fait la réputation de cet établissement familial. On vient notamment pour y déguster le fameux ""gratin du lac"" : excellente quenelle de Nantua tranchée.";;0/00/13-002cfd45-1acf-3e03-9b87-2d0d6a7c82d7.json
Le Rocher du Glaisy;Autres points d'intérêt;Un site d'escalade apprécié des grimpeurs tout niveau, avec pas moins de 230 voies sécurisées ! La falaise est accessible depuis le camping du Glaisy et le spot offre un panorama incroyable au coeur de la nature.;;0/00/13-002e63c0-44da-3980-b015-038e827459d3.json
Spectacle - La petite fille de Monsieur Linh;Spectacles et événements;Venez écouter l'histoire de Monsieur Linh... A partir de 12 ans.  Organisé dans le cadre des Biblis en folie.;;0/00/13-002e7a65-baae-35b3-8c10-159113de963b.json
Circuit Autour de la Vallée de Brezons;Nature et détente;Circuit en voiture de 3h et 64 km autour d'une de plus belles vallées glaciaires en auge d'Europe.;;0/00/13-002ef8d2-a822-3954-aa20-2ee8b7c7c20b.json
Basilique Notre-Dame;Culture et patrimoine;La basilique Notre-Dame fut construite dans les années 1934-1935 dans le style Art déco, dans le centre, pour mieux desservir la population à cette époque de développement de la ville.;;0/00/13-003206b3-a1de-3da7-ae2e-6abbf28c345d.json
Château du Chassan;Culture et patrimoine;"Un ensemble architectural classique des XIVe et XVIIIe siècles avec un corps de logis flanqué de deux ailes encadrant une cour d’honneur. Des jardins à la Française. 
Une halte de visite dans les Gorges de la Truyère, à 5 mn du viaduc de Garabit.";;0/00/13-003634f9-c91e-3e54-8f45-edb49bf0dec2.json
Bar - Café - Le Français;Restauration et gastronomie;Le Français vous propose une sélection de tapas, café et cocktails.;;0/00/13-00367d59-b93d-31b2-bd83-4978c87ff5da.json
Place Grenette;Autres points d'intérêt;Comme dans de nombreuses villes, la place Grenette doit son nom aux grains qu’on y échangeait lors du marché hebdomadaire, des halles s’y dressèrent un temps. Cette place a retrouvé en 1978 le nom qui lui était attribué au XVIII° siècle.;;0/00/13-0036d273-c60e-3971-b0e3-e436bfc3b6ec.json
Red Chauffage;Autres points d'intérêt;Ramonage, Entretien, Dépannage Chaudières toutes marques, plomberie, électricité, Nettoyage des circuits chauffants (radiateurs et planchers chauffants);;0/00/13-0037d7f7-b092-3903-add3-8b7cc7626c2a.json
Tour de la Grande Casse - Rando pédestre 5 jours;Autres points d'intérêt;Cet itinéraire est l'occasion d'une belle immersion au cœur du Parc national de la Vanoise. il vous permettra de faire le tour de la Grande Casse, plus haut sommet de Savoie (3855 m), dans un cadre idyllique au milieu des marmottes et des bouquetins.;;0/00/13-003a2f53-3f04-3b42-a4bd-d803277b36ec.json
Mini-golf;Sports et activités outdoor;"Parcours mini-golf situé dans un cadre de verdure à proximité du parc thermal.
Venez profiter d'un moment convivial en famille ou entre amis.";;0/00/13-003d2430-185b-3c21-b2eb-c5c5553d116e.json
Médiathèque de  Vézeronce-Curtin;Culture et patrimoine;"Prêt de livres, magazines, CD, DVD. Accès internet et impressions.
La médiathèque est accessible aux habitants de tous les villages alentours.";;0/00/13-003d6db8-c846-35fa-b9f8-540177fd3a56.json
Piste de Skate Board de Vic sur Cère;Autres points d'intérêt;Dans le parc de loisirs de Vic sur Cère, située près du gymnase, une piste de skate board , de roller et une piste de BMX sont à la disposition des adeptes de ce sport. L'accès est libre tout au long de l'année.;;0/00/13-003f9277-58df-39a0-a4ea-4822979f7364.json
La Chèvre qui Saourit;Autres points d'intérêt;Cette ancienne étable vous accueille à la ferme dans une chambre collective jusqu'à 6 couchages avec accès cuisine. Accueil de cavaliers, Vttétistes, randonneurs, familles... Adhérent  accueil paysan.;;0/00/13-003f9c2f-b3c0-305e-928b-289aed99077e.json
Balicina - Spa & Balnéo;Autres points d'intérêt;L’expérience Balicina… Venez prendre une pause dans ce refuge urbain au cadre exceptionnel. Un véritable cocon dédié à votre bien-être grâce aux bienfaits de l’eau et à des soins experts.;;0/00/13-0040af69-3689-3620-adb6-29b5308e5ccf.json
Ma Belle Campagne : Spa & Wellness;Autres points d'intérêt;Ma belle campagne est un complexe dédié au bien-être situé à Saint-Geneys-près-Saint-Paulien, en face au château du Maréchal Fayolle.;;0/00/13-0041ebed-f0a9-3015-81b2-a2ee3c26db89.json
Les Sarmentelles de Beaujeu;Autres points d'intérêt;Les Sarmentelles de Beaujeu : la véritable fête du Beaujolais Nouveau reste le rendez-vous international en l’honneur de la mise en consommation du beaujolais primeur mais c’est maintenant cinq jours d’événements !;;0/00/13-004383c2-9400-3b65-9fb8-659758e83ec9.json
Boucle du Dou du Praz;Autres points d'intérêt;Le plateau du Dou du Praz, situé à 2140 m. d’altitude, vous offrira une vue imprenable sur le Mont Blanc et à 360°C sur les montagnes alentour (Pierra Menta, Mont Saint Jacques, etc).;;0/00/13-00464817-24f2-3796-a2b6-30ef4e3218e6.json
Les Remparts;Autres points d'intérêt;Surplombant la vallée de la Maronne, l'établissement fait face au plus vaste volcan d'Europe depuis maintenant 3 générations. Il est doté de 15 chambres spacieuses, une cuisine régionale soignée, un spa, une terrasse panoramique ouverte sur la campagne.;;0/00/13-0046ff5c-bdc2-3e44-9a60-669c01994ad9.json
Aux Creux des Pierres;Autres points d'intérêt;"Découvrez cette auberge pour un séjour hors du temps.
Niché sur les hauteurs yssingelaises, cet ancien corps de ferme vous offre une vue imprenable sur le Meygal et les sucs alentours, dans un environnement calme et propice à la détente.";;0/00/13-0049febb-eeda-3a57-9f2d-34b15373cd90.json
"Sentier thématique ""A fleur de coteau""";Nature et détente;"Un des 5 nouveaux sentiers thématiques de ""L’aventure climatique"" valorisant le patrimoine naturel de la vallée par un concept itinérant, ludique et pédagogique.";;0/00/13-004ece1f-739d-3abc-b05a-eaa661ba6a9d.json
Eglise de Mépieu;Culture et patrimoine;"L'église actuelle date de 1854, d'après les plans des architectes Riondet et Calloud.
Le bâtiment est de style néo-gothique. 
Les vitraux sur lesquels sont représentés le Christ, la Vierge et les 12 Apôtres ont été réalisés en 1856 par Moullot.";;0/00/13-004f09c6-0a4b-3d60-a7aa-bb411c9bb127.json
Evasion dans le Bocage - En vélo à assistance électrique ou non;Sports et activités outdoor;Evadez-vous en vélo électrique ou sans assistance!;;0/00/13-004f3d18-a986-3de7-99a4-0fdaa1c0c558.json
Itinéraire Cimgo / FTT - La Rosière - Samoëns;Autres points d'intérêt;Itinéraire de découverte de la vallée du giffre et des hameaux de Samoens.;;0/00/13-004fce5e-3ae0-3d77-bdea-7e177dc2b509.json
L'Atelier Les Pages Libres;Autres points d'intérêt;L'Atelier Les Pages Libres est une librairie-jeux-café, un lieu de rencontre. L'Atelier propose également des visites et activités de découverte des légendes et de la vie traditionnelle des Entremonts (pour groupes et scolaires).;;0/00/13-00540e7e-9caf-3ce6-a36a-0b4c3610554d.json
Gîte de groupe et d'étape de Saint Pancrasse;Hébergement;A_GENERER_VIA_IA;;0/00/13-00552fae-0ed8-354c-993b-7b2b88869d40.json
Tour du Chastelas;Autres points d'intérêt;Ce court circuit familial au départ de la Bâtie fait le tour du Chastelas, la motte de La Bâtie et emprunte la paisible voie verte du Jabron.;;0/00/13-0055574f-ec33-3876-a1ca-740aa492915e.json
Eglise St Etienne;Culture et patrimoine;Office religieux le samedi soir ou le dimanche matin.;;0/00/13-00574530-cf36-3c2f-82ee-5dcd662bd618.json
Golf Club du Vercors;Sports et activités outdoor;"Dans un cadre somptueux, niché en plein cœur du Vercors, découvrez ce parcours 9 trous surprenant par son rythme de jeu, ses deux pars 5 et ses paysages à couper le souffle ! Sur place, practice, académie de golf et bar restaurant le ""9"".";;0/00/13-005ae356-8f99-31c8-8fab-090f7fb49ec6.json
Crêperie paysanne La Ronde des champs;Restauration et gastronomie;"Tous les vendredis soirs du 11 juillet au 22 août 2025, sur le ""Super Petit Marché estival"" au cœur du village médiéval de Chalencon, le chef-paysan vous propose une cuisine créative à base de produits cultivés dans ses jardins (agriculture biologique).";;0/00/13-005d4879-2b90-309a-9a54-fc7230a7c0e6.json
Le Quai - Halte fluviale;Autres points d'intérêt;"Halte nautique réservée aux bateaux de croisière. 
Celle-ci permettra aux croisiéristes de débarquer le temps d'une visite culturelle, touristique, gastronomique sur la ville de Valence et sa région.";;0/00/13-005eb15c-2df3-3a78-9818-dd31ffd99794.json
Ski sur les pentes du Grand Serre par le téléski des Cloutons;Sports et activités outdoor;Sur le domaine skiable, la glisse du côté du téléski des Cloutons offre une vue imprenable sur les monts environnants et les lacs de Laffrey, de l'autre côté du Grand Serre. On profite de l'instant pour se repérer dans l'espace et admirer ce spectacle !;;0/00/13-005f51a5-4f42-3480-b490-2936bc0f1f16.json
Restaurant La Chaumière;Restauration et gastronomie;"Le restaurant ""La Chaumière"" situé au coeur du bocage Bourbonnais vous proposant une cuisine traditionnelle dans un cadre chaleureux et convivial.
Accueil de groupes, repas de famille, baptême, anniversaire...";;0/00/13-00625a60-5672-3cde-872c-a99ada18b8a1.json
Tir Sportif - La Roche;Autres points d'intérêt;Tirs, stages d'initiation, cours;;0/00/13-0064cefa-bbc9-3364-8af6-b27a5a77fc3e.json
Comfort Hotel Grenoble Meylan;Hébergement;Vous serez accueillis par une équipe jeune et dynamique dans ce petit hôtel de caractère, proche des pistes de Chamrousse et des 7 Laux, idéalement situé dans une zone d'activité aux portes de Grenoble.;;0/00/13-00670351-72fc-3864-88ff-7c6317ed88c9.json
The Hub Les Gets - Netski.com;Autres points d'intérêt;"""The Hub Les Gets"" est un magasin de location de skis, snowboard et VTT, au centre des Gets, avec un accès ski in and out, tout proche de la patinoire et de l'ESF.";;0/00/13-006b0b31-3514-3975-973d-11e9d29805db.json
Les 9 Névés;Autres points d'intérêt;Benoit et Cindy vous invitent à découvrir une cuisine raffinée, où tout est préparé maison à partir de produits bruts, de saison et soigneusement sélectionnés auprès de producteurs régionaux.;;0/00/13-006c6ad8-a7e5-37b2-90ba-ee0bafb0c6ef.json
Poulette;Autres points d'intérêt;Fast good de produits frais et locaux. Burgers Gourmets, Frites fraîches, viandes grillées au barbecue  et desserts gourmands.;;0/00/13-006ce4b5-39e8-3259-85e1-6bc3a5fedadf.json
Bar glacier Le Kiosque;Restauration et gastronomie;Dès les beaux jours et pendant les 3 mois d'été, la terrasse ne désemplit pas. Confortablement installé au bord du lac de Nantua, la tentation est grande : boissons fraîches, glaces délicieuses ou gaufres moelleuses ...  Egalement location de pédal'eau.;;0/00/13-006d0d43-0615-3b33-9b73-5f4f41e425bc.json
Thierry Ballay;Autres points d'intérêt;Thierry Ballay, accompagnateur en montagne vous accompagne pour une demi-journée de randonnée raquettes ou pour une journée complète afin de découvrir un autre visage du Massif Cantalien.;;0/00/13-006d5424-2c7b-3d90-a753-efa9d7596c15.json
L'atelier Rongefer;Autres points d'intérêt;Au cœur d'une ancienne usine textile rénovée dans un esprit contemporain, Fabien et Carine Gauthier vous proposent une cuisine de passion, raffinée et renouvelée au fil des saisons.;;0/00/13-006de99f-fe95-36e5-b39c-7c130687d860.json
Eglise Notre-Dame;Culture et patrimoine;Edifice de premier art roman. La partie mieux conservée reste le cœur qui comprend un transept et 3 absides semi-circulaires.;;0/00/13-0071bc5d-0bd0-3625-bfb6-65757c7d6a54.json
Red Peppers;Autres points d'intérêt;Red Peppers est l'adresse incontournable des amateurs de restauration rapide. Sandwichs américains, pizzas, roulées, hot-dog, paninis,  frites, desserts, pâtes...;;0/00/13-0073663f-288b-33c1-aa1a-8d8cd2c9cf31.json
Espace balnéothérapie;Autres points d'intérêt;Aqualude, située en plein cœur du jardin d’Allard, propose la balnéothérapie, douche multi jets, hammam, sauna et jacuzzi.;;0/00/13-007421ff-5625-3185-828e-c0a9008f5353.json
Morel - PR n°27;Autres points d'intérêt;Au départ du bourg, cette randonnée vous emmène à la découverte de quelques-uns des nombreux hameaux d'Arfeuilles.;;0/00/13-00770edc-ee9e-3f3e-b2a1-d5263e527014.json
Fête aux Plantes Rares;Spectacles et événements;"Une quarantaine de producteurs de la région, viendront présenter leurs collections.
Stands : petite restauration, glaces, librairie, Fleurs et Fontaines...";;0/00/13-007862bc-a659-3661-a7fc-b720a4085fbe.json
Salle de réunion des 5 éléments;Autres points d'intérêt;Nous vous proposons un espace de travail original et accueillant au coeur de nos gîtes, près du château des Allues. Un lieu cosy et apaisant, hors des sentiers battus.;;0/00/13-007ab5a2-5a6f-3c0b-b7ab-0667b71a99b8.json
Les Petits Siamois;Autres points d'intérêt;Ce restaurant vous propose, dans un cadre moderne, lounge et cosy une cuisine saine et raffinée : la cuisine thaïlandaise. Le chef vous propose tous les midis un menu du jour et une carte de saison le soir pour vous garantir fraicheur et authenticité.;;0/00/13-007b4259-ef30-3453-b892-aa02211e3332.json
Les monts d'Ain - Parcours de trail n°3;Sports et activités outdoor;Situé sur le flanc sud de la montagne de Nantua, accédez au panorama des Monts d’Ain par un petit sentier en single avec un premier point de vue des « Doigts du diable ». Au sommet vue sur Nantua, sur les Neyrolles et son viaduc.;;0/00/13-007c13c3-547e-37fc-ba21-11b8ae750036.json
Diane Segard - Parades;Autres points d'intérêt;Comment monter sur scène seule quand on est plus autruche que paon ? Quand on flippe à mort quoi…;;0/00/13-007d589a-aa75-3f62-9903-5eac934b538c.json
Le fournil de Tara;Autres points d'intérêt;A_GENERER_VIA_IA;;0/00/13-0080665e-e1a7-30dc-bc97-cb0e5ebf08a8.json
Camping le Château;Hébergement;Un camping à taille humaine idéal pour vos vacances, à 200 m du Palais Idéal et des commerces. Une ambiance nature, calme et familiale, dans un cadre historique et préservé. Mini club et animations en juillet/août. Sur place : snack-bar l'AuthentiK.;;0/00/13-0081452b-4365-3b3b-a148-11a88531895c.json
Le Grenier à sel;Autres points d'intérêt;Au coeur de la ville vieille, qui s'étendait au pied du château sans dépasser la Chalaronne, le Grenier à sel, soutenu par de vieux pilliers de bois, est la bâtisse la plus ancienne de la cité médiévale. Certaines de ses poutres ont été datées de 1386.;;0/00/13-008425a8-2a6f-3bd5-a276-3c5fac9c46e7.json
Galerie de l'Oscambre;Culture et patrimoine;Cette galerie associative d'artistes et artisans propose des expositions de mai à septembre. Chaque exposition mensuelle regroupe plusieurs exposants : peinture, sculpture, céramique, arts du fil, photographie et bien d'autres à découvrir.;;0/00/13-00852c3e-a5f0-3689-8318-67a239a87e2c.json
La ferme de Jonan : Le Coiro - 5 pers;Autres points d'intérêt;Entre lacs et montagnes, sur un site arboré, fleuri et préservé, Le Jonan, ferme traditionnelle en pierre, entièrement rénovée et aménagée en 2 gîtes mitoyens.;;0/00/13-0085a5b6-2f8f-32dc-ac49-ca0de52c0b13.json
Camping Municipal « La Ferme de Mathias »;Hébergement;"Entre rivière et  forêt, le camping de Fay-sur-Lignon vous offre un terrain idéal de pleine nature partiellement ombragé. Les commerces sont accessibles à quelques minutes à pied.
Le camping est ouvert de mi juin à mi septembre.";;0/00/13-00860d21-1f55-3860-a66f-58e0062e22d1.json
Paintball Nature;Sports et activités outdoor;Sur un site en plein air de 10 000 m2, venez exercer vos talents de sniper dans une ambiance conviviale et ludique en famille, entre amis ou pour vos sorties d'entreprise.;;0/00/13-0086acd9-cef5-3958-932d-3f9259680d18.json
Gentianes - Les Gites du Chalet;Hébergement;Gentianes, gîte au 1er étage, proche du centre d'Autrans, avec séjour-cuisine, coin salon, 1 Chambre, salle d'eau-WC, chauffage central.;;0/00/13-0086c8f7-7160-335d-9f73-76cc518afdaa.json
Château de Montaiguët-en-Forez;Culture et patrimoine;Visite libre des extérieurs. Ce château XVe est un petit château fort martial d'aspect imposant.;;0/00/13-0087a75f-7bc5-3375-a252-60da05a042c5.json
L'Embellie;Autres points d'intérêt;Pizzeria;;0/00/13-008a38ab-a200-3644-af71-ba97f353f85a.json
Déambulations contemplatives en vallée du Giffre;Autres points d'intérêt;Cet itinéraire de 115 km démarre à Mieussy et vous mènera jusqu'à Sixt Fer à Cheval. Au programme 2 cols pour des panoramas grand format, 2 gorges, plusieurs lacs, des cascades et le fabuleux cirque du Fer à Cheval qui ne laissera personne de marbre.;;0/00/13-008b1444-9c2f-3543-b156-04afa6d0ce0a.json
Vichy Résidencia;Autres points d'intérêt;Découvrez VICHY RESIDENCIA, une résidence services élégante et pratique, conçue pour offrir une expérience de séjour exceptionnelle à Vichy. Parfait pour les visiteurs cherchant confort et commodité.;;0/00/13-008b8310-8ff1-333f-92c1-cc5e90bf25a2.json
Aerodrome Ruoms Labeaume;Autres points d'intérêt;Prenez l'air avec les avions de aéro-club de l'Ardèche : Survol des gorges de l'Ardèche en avion et Ecole de Pilotage Avion.;;0/00/13-008d4c52-bfdf-3c60-93f9-c888db7656e2.json
Canisites de Nantua;Autres points d'intérêt;La mairie de Nantua met à disposition des distributeurs de cani-sacs pour les chiens et leurs maîtres.;;0/00/13-008e69ac-6bb5-344f-ad73-345e6c03550d.json
Le Skate Park;Autres points d'intérêt;Planchodrome dédié à la pratique du skateboard, le roller et la trottinette, il se décompose en 4 modules indépendant pouvant fonctionner ensemble suivant la pratique souhaitée.;;0/00/13-008f38bf-61d3-3756-9f4a-680c9e323496.json
Restaurant Opaline;Restauration et gastronomie;"Installé à la Croix-Rousse, l’ancien Chef Fabrice Roche du restaurant étoilé ""Le Juliénas"" à Villefranche-sur-Saône, vous accueille dans le restaurant Opaline où vous pourrez découvrir une cuisine de saison à prix raisonnables.";;0/00/13-0090a5f5-b2b4-33d3-b419-d7a846851898.json
Oliv' & Tomme;Autres points d'intérêt;Olivier propose une épicerie apéritive, lieu atypique où les visiteurs peuvent faire des achats et repartir, mais ils peuvent également choisir quoi boire et quoi manger, s’installer en salle ou en terrasse et profiter d’une expérience inédite.;;0/00/13-0092a82d-3a86-386d-ae37-91b39c6b8d10.json
Annecy Aventure;Autres points d'intérêt;Entre lac, montagnes et vents ascendants, notre maitrise des éléments et nos équipes vous feront vibrer au travers de nos activités ludiques et sportives.;;0/00/13-0092eaf2-0ce7-34e7-8acb-d59c866ea696.json
Piscine municipale;Sports et activités outdoor;"Piscine municipale possédant un bassin de 25 m ainsi qu'un bassin pour les enfants . 
Des cours sont dispensés par des maîtres nageurs.
Une buvette sur place est à la disposition du public.";;0/00/13-0093925b-02df-37d5-acc0-0e075d8664d3.json
Le Spa du Palace;Autres points d'intérêt;"Dévoilant un cadre idyllique au cœur de la nature, le Spa Sothys du Palace de Menthon invite à l’évasion. 
Niché dans des jardins paisibles sur les rives du lac d’Annecy, venez vivre une parenthèse de douceur et de détente absolue.";;0/00/13-0095d90f-8986-3574-be61-adcc0aa7af64.json
Marché de Vindry-sur-Turdine;Spectacles et événements;"Petit marché avec producteurs locaux. Situé sur la place de l'eglise à ""Pontcharra-sur-Turdine""";;0/00/13-0097d9f2-0753-32e6-86a3-6c45693562b2.json
L'îloz' - Centre Eau et Nature au Grand Parc Miribel Jonage;Nature et détente;"L'îloz' est un centre eau et nature en plein cœur du Grand Parc Miribel Jonage, sur le parcours du Fleuve Rhône en amont de Lyon.
Profitez des expositions permanentes et temporaires, jardins, animations et spectacles qui vous sont proposés dans ce lieu.";;0/00/13-00993671-116c-3264-baad-9fcc04706426.json
Le Tigrr Princesse;Autres points d'intérêt;Le Tigrr Princesse propose une expérience extraordinaire en plein cœur du domaine skiable de Megève et des pâturages de Demi-Quartier l’été : un lieu chic, confortable, une restauration aux saveurs asiatiques de grande qualité (sushi, vapeurs, grillades…);;0/00/13-009c35b3-c4a6-3ebd-9011-664b55938b87.json
Panorama - Village de Saint-Bonnet de Rochefort;Autres points d'intérêt;Village perché.;;0/00/13-009f6dc9-52b8-304f-813e-1c297774c3b9.json
Télésiège du Morclan;Autres points d'intérêt;Le télésiège 6 places du Morclan se prend à Super-Châtel, à l'arrivée de la télécabine. Son arrivée se situe à 1 970m d'altitude et son panorama est à couper le souffle !;;0/00/13-009f7c6f-d693-36b4-a207-cf0cfa38f53d.json
Le Comptoir de Courtenay - restaurant et bar;Restauration et gastronomie;Une visite rapide pendant votre pause déjeuner avec des plats savoureux faits maison et un service courtois ? Vous êtes au bon endroit. Laissez-vous séduire par les offres du bistrot, vous trouverez toujours de quoi vous satisfaire.;;0/00/13-009fedc3-dff0-3feb-94c7-c218f8837cff.json
Gîte La Petite Ecole La Récré;Hébergement;Après un siècle à accueillir des enfants, la petite école de campagne devient désormais un camp de base pour vos escapades nature en Vercors !;;0/00/13-00a15162-1991-3b7d-8371-67626227b363.json
LM La pizza;Autres points d'intérêt;"Pizzas cuites au feu de bois dans le camion. Carte et pizza ""spéciale de la semaine"".";;0/00/13-00a234e8-79fa-3a58-b39f-675536839d4c.json
Village | Mazeyrat-d'Allier;Autres points d'intérêt;A Mazeyrat-d'Allier : Église du XIVe siècle, remaniée au XVIe siècle. Fenêtre trilobée, décors peints. Château du Chassagnon (privé). Château du Cluzel (privé).;;0/00/13-00a2baef-0422-3397-9f2f-5ce9a62347fa.json
Marché hebdomadaire;Spectacles et événements;80 producteurs locaux, marchands et forains vous attendent tous les samedis matins.;;0/00/13-00a548bc-60be-3685-a5b9-236316e83af0.json
Ski de fond itinéraire vert Combloux;Sports et activités outdoor;Très jolis tracés pour le skating ou l’alternatif au milieu d’une nature préservée, face au Mt-Blanc. Profitez de la beauté des paysages tout en skiant et d'une vue imprenable sur les chaînes de montagnes et le Massif du Mt- Blanc.;;0/00/13-00a6f807-1d5c-3c45-b722-f16888a8ef0d.json
Pizza b - Crazy Golf;Sports et activités outdoor;"Nouveau concept (à emporter ou sur place) : cuisine extérieure midi et soir. 
Pizzas (pâte maison), burgers, plancha, ravioles, poulets rôtis, grillades, salades, moules, gambas.";;0/00/13-00aac26b-51b1-399d-ab39-aefa7647eb5e.json
Marché régulier;Spectacles et événements;Retrouvez ce petit marché chaque dimanche matin!;;0/00/13-00ac8c9b-984d-3fc6-8cb9-f1923348e225.json
F2 Café Comptoir;Restauration et gastronomie;Le F2 est un concept de brasserie jumelé d'un espace de coworking avec de multiples salons à la Lyonnaise où l'on peut se retrouver.  Côté plat, le chef Martin Lixon réinvente la cuisine française avec de subtiles influences des cuisines du monde.;;0/00/13-00ad04b0-1f89-3574-bb3d-e507e6db117c.json
Boulodrome de Vongy;Autres points d'intérêt;Equipement couvert, où sont accueillis les joueurs de boules et pétanques, et les compétitions sportives dans ce domaine.;;0/00/13-00ad5d6d-e3c1-37fa-a232-1254da349b79.json
Circuit du plan d'eau d'Herculat;Nature et détente;Véritable aperçu de toutes les richesses du Pays d'Huriel, cette boucle oscille entre l'Histoire, l'eau, les forêts et le bocage.;;0/00/13-00ada584-b9a6-322a-adfa-0e2fd02de14e.json
Fait Mézenc;Autres points d'intérêt;Boutique Gourmande  :  Pâtisserie, chocolaterie,  confiserie, biscuiterie, viennoiseries, café torréfié et glaces. Tout est fait maison.;;0/00/13-00af7675-b855-3c13-a53b-4bdb5cc8295b.json
Sacre du Roi de l'Oiseau;Autres points d'intérêt;Assistez à la finale du Concours du Tir de l'Oiseau. Le meilleur des archers qui aura transpercé l'oiseau cible de son trait sera sacré Roi ou Reine de cette 40ème édition.;;0/00/13-00b018d7-b560-333e-82fb-61cf0369ef42.json
Espace Pressinois;Autres points d'intérêt;"Restaurant avec salle à l'ambiance authentique et jolie terrasse au pied de l'église du village de Pressins.
Magasin de produits locaux et créations artisanales en association avec Des Matières et des Arts.
Salon de thé.
Manifestations artisanales.";;0/00/13-00b01efb-8746-36be-8cd8-50bb96659ae4.json
Restaurant du Vercors;Restauration et gastronomie;Une salle de restaurant, spacieuse et claire vous permettra de déguster un repas en toute quiétude. Grande terrasse face aux falaises d’Herbouilly.;;0/00/13-00b07cda-ad6c-3c9e-b6c3-52511a3f7193.json
Le Glandon et affluents;Autres points d'intérêt;Le Glandon est un torrent de montagne, dont il faudra privilégier la partie amont et les affluents rive gauche car ils regorgent de truites.;;0/00/13-00b1459e-787b-319e-bcf7-f98ba2a718cd.json
Le Nouvel Etrier Panissiérois;Autres points d'intérêt;Situé dans un cadre agréable et boisé, le Nouvel Etrier Panissiérois propose des balades à cheval ou poney sur réservation, randonnées, TREC, initiation et perfectionnement, compétition en CSO et pony games. Moniteurs diplômés d'Etat.;;0/00/13-00b174b7-e432-3c78-a347-7577ccc45b52.json
La Petite Galerie;Culture et patrimoine;A_GENERER_VIA_IA;;0/00/13-00b19b2e-f164-3651-88ea-bc0a70f34195.json
Résidence Saint-Dizier;Hébergement;Studio dans une belle résidence de 1930, dans le quartier historique du Vieux Vichy classé au Patrimoine Mondial de l' Unesco.;;0/00/13-00b2e655-c2bf-3b45-a874-e85796c2b604.json
le Pré de Foire;Spectacles et événements;"C'est une place de rencontre et d'échange depuis plusieurs siècles.
Lieu principal du marché hebdomadaire avec les quais, c'est aussi le lieu où avait lieu la fameuse Foire Froide depuis le Moyen-Age.";;0/00/13-00b45b92-3acd-3cf0-9145-1089e5133db8.json
PÉPIT : S'inspirer des belles rives...;Autres points d'intérêt;"Vous êtes actuellement au départ d'un circuit PÉPIT. Téléchargez l'application PÉPIT et partez à la recherche du trésor !

Découvrez le patrimoine de l'Allier en famille de façon ludique et pédagogique avec PÉPIT !";;0/00/13-00b9e16b-1c4f-3968-86e1-78fcf2d03fe0.json
Pierre Chauvet - Salon de thé, glacier, chocolatier;Restauration et gastronomie;Laëtitia et Maxime vous accueillent toute l’année et vous proposent l'univers gourmand de Pierre Chauvet et d'autres surprises.;;0/00/13-00bde969-3870-37e5-b53c-1bd224448d1d.json
La Grande Traversée de la Haute-Loire | Tronçon Auzon Communauté;Autres points d'intérêt;"La Haute-Loire, un des secrets les mieux gardés d’Auvergne !
Parcourir la GT de la Haute-Loire à VTT, c’est vivre une aventure unique.";;0/00/13-00be42f7-cdcd-3285-8508-c4afce3d4ee2.json
N°21 Les Tunnels VTTAE - Vert;Autres points d'intérêt;"Balade très facile pour découvrir Pierre-Châtel. 
Parcours n°21 balisé en vert.
""Astuce du local"" : Emportez vos maillots de bain, afin de terminer une demi-journée réussie en famille.";;0/00/13-00c222f1-77f2-38f7-8faa-d6162cbb6add.json
Bureau des Guides;Autres points d'intérêt;Depuis 1970, l'équipe du bureau des guides a écumé les falaises, grottes et canyons, parcouru les innombrables montagnes, petites et grandes, en randonnée, en alpinisme, en skis ou en raquettes. Venez partager leur amour de la montagne.;;0/00/13-00c2b57d-93b3-3826-b315-b304bb714d6b.json
Boulangerie Aux délices de Loriol;Restauration et gastronomie;Boulangerie-patisserie, traiteur (petits fours salés, des pains surprises, toasts, pizzas);;0/00/13-00c47e6c-7181-3a8c-8002-9c86c7d9ff01.json
Conférence : la santé mentale selon l'Ayurveda;Autres points d'intérêt;Conférence proposée par Adrien Blondet, Praticien en Ayurveda.;;0/00/13-00c5b4fc-8928-3946-967d-b3ca28c9b649.json
Parcours de ski d'orientation;Sports et activités outdoor;Bienvenue sur le parcours de ski d'orientation de La Plagne !;;0/00/13-00c6f9a2-cdd7-3b38-99d9-fb0b9ebbf19e.json
Centre Equestre Nord Isère;Sports et activités outdoor;Le Centre équestre à Saint-Savin est idéalement situé entre Lyon, Grenoble et Chambéry, à côté de Bourgoin-Jallieu. Les installations, cavalerie ainsi que  l'enseignement vous permettent d’assouvir votre passion, ou de découvrir le monde équestre.;;0/00/13-00cc88f7-3572-3266-90cb-72e42106d968.json
Restaurant Esprit Montagne;Restauration et gastronomie;La cuisine d’Esprit Montagne utilise de préférence des produits frais et régionaux. Beaucoup de nos produits viennent directement du producteur. Si vous n’êtes pas client de l’hôtel, vous êtes le bienvenu pour venir dîner le soir. Réservation obligatoire.;;0/00/13-00cec38f-dd86-311c-a1e5-a6cacfd195bd.json
Espace Joseph Besset - Musée du charronnage au car;Culture et patrimoine;"La visite guidée sur 2 sites (900m) relate l'histoire de J. Besset, de son apprentissage comme charron à la carrosserie automobile et enfin à la fabrication de car. Salle vidéo, modèles réduits, expo de véhicules.
Possibilité visite du musée et Iveco Bus.";;0/00/13-00d0ec0c-f2da-30f8-8008-70d580fa77d0.json
"Escape game "" Code lumière""";Autres points d'intérêt;Venez passer un moment mémorable,frissons,sueurs, et réflexion seront au rendez-vous! Enfermé dans une salle,vivez une aventure hors du commun.Vous aurez 60 minutes top chrono pour trouver l’issue et vous échapper! Un cambriolage digne d’un chef d’oeuvre.;;0/00/13-00d21aa1-efb0-36fc-b0a7-a411c49b0e56.json
Marché du mercredi - Cité La Monnaie à Romans;Spectacles et événements;Marché forain et alimentaire.;;0/00/13-00d39cba-25d2-34b4-83d2-1cc6dd075db5.json
Square du Dragon;Autres points d'intérêt;Le square du Dragon tire son nom de l'importante sculpture de dragon qui le domine.;;0/00/13-00d503c3-1043-3e8c-89f3-b2950baf7dc3.json
Restaurant Chez Chaumat;Restauration et gastronomie;Hôtel-restaurant situé dans le bourg de Cérilly à proximité de la Forêt de Tronçais, proposant des spécialités Bourbonnaises.;;0/00/13-00d79cfe-5391-3ca7-9451-574a12046ee9.json
La Gourmandine;Autres points d'intérêt;Cuisine traditionnelle dans une ambiance bistrot.;;0/00/13-00d80fef-5f1e-3069-955c-64b2c1d6ead7.json
Galerie ESPE Confluence(s);Culture et patrimoine;La galerie IUFM Confluence(s) existe depuis 1995 et organise chaque année cinq expositions. Elle développe, depuis plus de quinze ans, des partenariats et des échanges avec différentes galeries, des centres d’art ou des structures muséales.;;0/00/13-00d9139c-c1f6-3027-a356-ea09c4546de8.json
Maison Saint Vincent;Autres points d'intérêt;"Achetée par les sœurs Saint Vincent pour y installer leur communauté, cette maison abrita Saint Vincent de Paul en 1617 lors de son passage à Châtillon. 
Un édifice à découvrir en visite commentée.";;0/00/13-00d981e6-2a3d-3eb3-b06e-084796439bd3.json
Mairie;Autres points d'intérêt;Découvrez une ancienne motte féodale du XIème siècle sur les hauteurs de la commune de Tournon;;0/00/13-00db1cb9-9661-32ba-94f8-dc2772f8517c.json
Les Calèches d'Ali;Autres points d'intérêt;"Les Calèches d’Ali propose des balades d’une heure en calèche à la découverte de l’Ardèche.
Lors de ces balades, vous découvrirez des paysages typique Ardéchois, le village de Lanas, l’histoire des lieux ainsi que la faune et la flore locale.";;0/00/13-00dc94a2-8d33-3235-a0f4-38ba1570233a.json
"Restaurant ""Le 122""";Restauration et gastronomie;Restaurant Bar Ambiance Pub Brasserie - Cuisine de Bistrot d'ici et d'ailleurs;;0/00/13-00dd2a9d-bc24-3321-b4a9-130de254339a.json
La Côte de Boeuf;Nature et détente;Un restaurant traditionnel qui fait date. C'est la garantie d'une alimentation raffinée aux savants mélanges de produits, toujours fraîchement sélectionnés.;;0/00/13-00ddaf9e-c871-366f-8e97-5dd3d04ec765.json
Parcours ludiques: Les Baladoclic;Nature et détente;"Découvrez Rosières et les alentours avec Les Baladoclic, 6 jeux de piste numériques à charger par téléphone, gratuits et accessibles à tous.
Six parcours ludiques seront proposés d'une durée d'environ une heure chacun.";;0/00/13-00de0c7b-7cd6-3b49-ab89-103376cc941f.json
La Petite Maison;Autres points d'intérêt;La Petite Maison est un restaurant traditionnel avec des produits frais et de saison. Au cœur d'un petit village des Monts du Lyonnais, Ethel et Raphaël sont heureux de vous accueillir près du poêle à bois en hiver et sur la terrasse ombragée en été.;;0/00/13-00de0d48-f491-3335-b71c-2cb3fc03773e.json
AFR;Autres points d'intérêt;L'association Famille Rurales de Miribel propose aux habitants des activités sportives, un centre de loisirs pour les enfants en juillet, un loto des enfants, et diverses animations ponctuelles (théâtre, magie, zumba...).;;0/00/13-00defe2c-417b-377f-bf8c-b466efe51719.json
Circuit Le bois de Champeaux;Nature et détente;Une belle promenade entre bois et bocage vous attend.;;0/00/13-00df2747-66b1-3cd0-aab7-ed3cde82fa53.json
Restaurant Rivollier;Restauration et gastronomie;Norbert, Guillaume et l'ensemble de l'équipe vous accueillent et vous régalent, pour faire de votre repas, un moment de convivialité et de plaisir. Situé au coeur du village d'Aveize, avec un parc ombragé et fleuri.;;0/00/13-00e1663f-12c5-33fb-9b5a-2a4a54f62184.json
Restaurant PointsdeVue;Restauration et gastronomie;"Spécialités congolaises et africaines, à base de poissons et de viandes (poulet, bœuf et porc préparé à part) cuites au barbecue et servies dans une ambiance tropicale et lounge.
Restaurant situé à côté de la gare routière de Montluçon.";;0/00/13-00e21992-7a75-34e4-8d85-8eb33733fbb6.json
art3f - Salon international d'art contemporain;Spectacles et événements;art3f revient avec cet événement artistique et entend bien aller une nouvelle fois à la rencontre du succès.;;0/00/13-00e309bf-33c4-3c3f-8a51-c936e2db398a.json
So Picnic;Autres points d'intérêt;Simplifiez vous la vie et profitez pleinement de vos vacances  avec nos brunchs, pique-niques, buffets apéritifs délicieusement préparés et livrés. Eveillez vos papilles sans la moindre contrainte, il ne vous reste qu'à savourer!;;0/00/13-00e30b48-39a5-39f4-87e4-cee3be697b73.json
La Ségalassière;Autres points d'intérêt;"À l'instar du Ségala aveyronnais et du Ségala lotois, le nom de cette commune évoque le passé de ""terre à seigle"" de la Châtaigneraie. Son église abrite un superbe retable baroque qui laisse deviner l'influence qu'exerça la Contre-Réforme dans la région.";;0/00/13-00e53c83-fbec-3113-b8a9-00dcd808b255.json
Balade en calèche - GP prestations;Autres points d'intérêt;Venez découvrir notre belle forêt en calèche au départ de la Féclaz !;;0/00/13-00e57050-b0bb-370b-a837-bbc7d94af0de.json
Géraldine Venet Bijoux en soie;Autres points d'intérêt;"Géraldine puise son inspiration pour ses créations dans l'histoire des cravates et des carrés de soie. Un concept unique et original autour de leur métamorphose en perles précieuses.
Chaque bijou créé est unique et réalisé à la main dans son atelier.";;0/00/13-00e6b969-5ce9-39a9-acf0-5a626448ecc1.json
Fort de la Platte;Autres points d'intérêt;Une sentinelle de pierres monte la garde, postée sur une crête au débouché de la Haute Tarentaise.;;0/00/13-00eac26c-5f4e-31ef-ae4e-cb837b9c8046.json
Salon du livre ancien et d'occasion;Spectacles et événements;Depuis sa création en 1999, le salon de Souvigny s'est affirmé comme le rendez-vous incontournable en Auvergne des bibliophiles et amateurs de livres anciens. Il est maintenant le seul d’Auvergne !;;0/00/13-00ed48bc-9f66-36b2-b2d3-1f425bc86669.json
La Spatule;Autres points d'intérêt;"Le restaurant La Spatule vous accueille dans une déco Savoyarde chaleureuse, avec 2 salles et une terrasse.
La Spatule propose des spécialités savoyardes, des pizzas, des viandes, des crêpes, des galettes et des salades.";;0/00/13-00ee9bb3-8d19-3d94-9e57-212fdbefb06d.json
Hôtel Le Ferraillon;Hébergement;Hôtel familial avec piscine couverte et chauffée, ascenseur, espace de jeux extérieurs pour les enfants. Terrain de pétanque, possibilité de nombreuses randonnées en montagne. Cuisine familiale le tout au coeur des Portes du Soleil.;;0/00/13-00f05119-1a0e-3a82-95fe-2de30cd7f8d3.json
Aire d'atterrissage de Marlens-Val de Chaise;Services et activités encadrées;"Site d'atterrissage situé à 450m d'altitude, dans la plaine du plan d'eau de Marlens-Val de chaise, aux portes de la Savoie.
Brises fortes en milieu de journée, lignes électriques à proximité.";;0/00/13-00f09b54-50d6-3e3b-b918-a60d36739410.json
Sentier des belvédères;Nature et détente;Ce sentier thématique, accessible à tous à la belle saison, propose de découvrir  à travers cinq belvédères paysagers, l'histoire du Jura débutée il y a 251 millions d'année.;;0/00/13-00f14583-6d05-3bf0-a36d-cbe735fa3e9a.json
Marché de Bellevue;Spectacles et événements;Marché de produits manufacturés et alimentaires.;;0/00/13-00f338d7-e176-30fd-ae24-abe0508fd5ac.json
Cocotte and Co;Autres points d'intérêt;Cynthia et Damien vous proposent des plats travaillés avec cœur, gourmands et raffinés.;;0/00/13-00f53585-16f0-30ba-8d36-ee4c12f0a6db.json
L'Amiral;Autres points d'intérêt;Café, restaurant et pizzera. Cuisine traditionnelle, poissons du lac. Menu et cartes d'automne. Cadre neuf et vue sur le lac.;;0/00/13-00f63efc-4f3d-3602-90e5-c76891499380.json
Foodtruck Chez Mile et Dams;Autres points d'intérêt;Kiosque de restauration à emporter (pizzas au feu de bois, sandwichs, plat du jour, salades, desserts);;0/00/13-00f6c8bf-f190-3f56-92f3-5030f896729d.json
Halle aux Sports;Autres points d'intérêt;Complexe sportif de Brioude, répond aux besoins des sports collectifs en salle (hand-ball, basket-ball, volley-ball et handisport), notamment pour les scolaires et les clubs.;;0/00/13-00fa1a3d-57d6-3cdc-a5ea-dbff0d1cab58.json
La maison WISTERIA;Autres points d'intérêt;Côté piscine ou côté terrasse ? 2 chambres de charme vous attendent au coeur du village. La maison WISTERIA vous ouvre ses portes.;;0/00/13-00fa8918-6eee-3cda-b26d-d9e0cd201564.json
Foyer de ski de fond;Sports et activités outdoor;Au départ des pistes de ski nordique en accès payant, vous trouverez un coin accueillant pour vous abriter, louer vos skis de fond (skating et alternatif) et vos raquettes et prendre votre redevance.;;0/00/13-00fabb5e-8f86-3d17-84ef-ba30a724d8e4.json
La Boule de Neige;Autres points d'intérêt;"Cuisine traditionnelle, spécialités savoyardes, pierre chaude, menus, cartes.
Service en terrasse.
En hiver, situé au pied de la télécabine de Vercland et à 100m à l'arrivée de la piste rouge Grand Crêt. l'";;0/00/13-00fb6adb-e8ed-3b89-939d-f9483659276b.json
Camping du lac bleu;Hébergement;Vous trouverez le camping et son lac au cœur de la Drôme, au pied du Vercors et aux portes de la Provence. C’est le camping où tout pétille !! Soleil, lac, nature et la célèbre Clairette - vin pétillant de la région - raviront toute la famille.;;0/00/13-00fbb0f2-772c-3596-b048-3d6864563cce.json
Camping de Ripan;Hébergement;"A 40 min. du centre de Lyon, en plein cœur des Monts du Lyonnais, dans un écrin de verdure entre la chapelle de Ripan et ""la capitale de la cerise"", le camping de Ripan vous accueille.";;0/00/13-00fcb3f4-33e5-3c07-aaa5-1fd229cdb570.json
Skate Park;Autres points d'intérêt;"LE skate Parc est un espace dédié à l'initiation et à la pratique du skateboard, du roller, du BMX et de la trottinette.
Il est exclusivement réservé à l’exercice de ces activités.";;0/00/13-00fede6c-43d9-3c73-bb78-50903fe0d520.json
Via ferrata du Belvédère;Autres points d'intérêt;Un site pour découvrir la manipulation du matériel et les techniques de progression. Sur un mur accessible à tous, les ateliers ludiques permettent d'acquérir de la confiance avant de partir sur une grande via.;;0/00/13-00ff7a83-bcd5-3044-8de9-6ec2519861c6.json
Chapelle de Beaurevers (Montaimont);Culture et patrimoine;Ce sanctuaire de pèlerinage, reconstruit en 1767, abrite un somptueux décor intérieur. Ses abords, agréablement ombragés par de vieux tilleuls, offrent également un magnifique panorama sur la vallée. Ouvrez grand les yeux !;;0/00/13-00ffc412-be82-3f2a-9be7-f5bac1d2e3ab.json
Tyroliennes;Autres points d'intérêt;Envolez-vous au-dessus de la cascade de la Fraiche avec 6 tyroliennes pour une longueur totale de de 1700m (400m + 460m + 340m + 200m + 150m + 150m).;;0/01/13-010123b0-0c62-37dd-bf20-3f0c3014f647.json
Camping la Vignasse;Hébergement;Un camping pour les amoureux de la nature. En sud Ardèche à la sortie des gorges du Chassezac. Au coeur d'un site naturel proche des sentiers de randonnée sauvages du Bois de Païolive.;;0/01/13-0101465f-7353-3b72-833e-a5f8c778a84a.json
Le Buron du Col;Nature et détente;Nous vous accueillons au buron du col de la Croix-Morand, entièrement restauré, à 1401 mètres d’altitude. Découvrez notre auberge : restaurant, café, boissons, glaces…;;0/01/13-01031f59-491d-3180-8111-777fb7d3a7ff.json
La Belle Roulotte;Autres points d'intérêt;"Cuisine du monde avec produits frais et locaux.
Chez La Belle Roulotte vous pourrez boire, manger et poser votre tente pour une halte bivouac et vous reposer dans un hamac.";;0/01/13-0104d308-9f2f-370d-985b-7aaf3db95b3c.json
Eglise Saint-Sulpice à Bresson;Culture et patrimoine;Edifiée au XIème siècle et située  en contrebas du village de Bresson, elle témoigne de l'héritage historique et religieux du village et de ses alentours.;;0/01/13-0105aed8-f71f-30b3-8de5-5e3e974d7f20.json
L'Aromate;Autres points d'intérêt;Restaurant type bistronomique nous travaillons les produits frais notre carte change à chaque saison mise en valeur des produits de notre région;;0/01/13-0105b069-c56b-3c67-a0dc-c813389a3762.json
Billard Club Romanais Péageois;Autres points d'intérêt;"Billard français (ou carambole), jeu des 5 quilles, billard blackball.
Jeux réservés aux adhérents.
Organise parfois des soirées découvertes...";;0/01/13-01065cc1-2a9d-3a95-8be0-386ba0e43157.json
Brasserie Les Cimes;Restauration et gastronomie;Dans un cadre typiquement montagnard et une ambiance conviviale, au design boisé inspiré des chalets savoyards, la Brasserie vous propose une carte composée de plats traditionnels, de pizzas, de spécialités savoyardes et d’un menu du jour.;;0/01/13-0106e574-b341-3fdc-9d57-9a56fb534d5f.json
Camping le Grand Cerf;Hébergement;Un lieu idéal pour passer des vacances détente et bien-être en famille ou entre amis. Camping familial de soixante emplacements disposant d’un cadre naturel et verdoyant au cœur des collines et à seulement 7 km du Palais idéal du Facteur Cheval.;;0/01/13-01087e88-f3d8-3a99-9e44-92d1e8d5a65b.json
La Fille de l'Air;Autres points d'intérêt;"Venez découvrir les joies du parapente en été et en hiver dans un cadre exceptionnel.
En tandem avec un moniteur diplômé d’État. 
Vol adapté à vos souhaits (vol contemplatif, initiation aux notions de pilotage, ou encore quelques sensations...).";;0/01/13-01091c60-52b6-3c13-9b54-effa6553ac74.json
La Gi J'Y Monte - Parcours de trail n°24;Sports et activités outdoor;C'est le parcours officiel de l'évènement éponyme et aussi le circuit emblématique de la Station de Trail Haut Bugey Montagnes du Jura.;;0/01/13-010a3132-0655-3d78-8d4e-a36beec78dae.json
Le Fournil des saveurs;Autres points d'intérêt;"Restauration esprit Bistrot - Plat du jour - Formules enfants et ados - Burger maison - Salade tartine - Planchettes - Pains spéciaux. 
A déguster sur place où à emporter. 
Service traiteur.";;0/01/13-010b6f5a-c02e-3921-9a37-5a6b31a8b88a.json
Hôtel les Airelles;Hébergement;En face des massifs du Parc national de la Vanoise profitez d’un chalet hôtel chaleureux qui allie calme, confort et services.;;0/01/13-010bc6d2-764f-316a-b265-1be3f4a3ec8d.json
Ginhoux Autocars;Autres points d'intérêt;Location autocars avec conducteurs, programmes, excursions, séjours.;;0/01/13-010cf673-3ba7-3252-a806-74668054f335.json
Hôtel Bristol & la Table de Felix;Hébergement;L'hôtel Bristol, 3 étoiles, situé à quelques pas du cœur de la ville, dispose de 44 chambres (écran plat, couettes, insonorisation phonique, wifi gratuit).;;0/01/13-010cfc19-b6f2-30ea-971f-9f0ff7384198.json
Circuit Le sentier de l'Aumance;Nature et détente;Ce sentier conduit vers des pépites culturelles telle que l'Église Saint-Pierre de Châteloy.;;0/01/13-010f70f1-d2e3-3928-b410-d52b13781cf8.json
Bistrot du Verger;Restauration et gastronomie;"Restaurant convivial attaché au goût et à la saisonnalité des produits, une véritable institution pour la qualité de ses viandes.
On aime jouer avec les épices, piocher dans les souvenirs d’enfance avec l’envie de vous faire partager un moment épicurien.";;0/01/13-01104be9-1165-3b56-a570-9f3f889a6bcb.json
Eglise Saint Cosme et Saint Damien;Culture et patrimoine;Le nom de la commune aurait pour origine une ancienne chapelle, édifiée par les abbesses de Cusset autour de l’an mil, sur ce territoire leur appartenant, appelé jadis « la Chapelle en Montagne ».;;0/01/13-0113f7d5-6668-3abe-bb9d-366bf22960cd.json
Centre nature 'Quatre vents' - Espace détente et loisirs sportif;Autres points d'intérêt;En plein cœur du Parc naturel régional du Livradois-Forez, le centre nature de la Fédération française de cyclotourisme vous accueille pour toutes activités de loisirs (sportifs ou détente) et met à votre service son sens de l'accueil et son savoir-faire.;;0/01/13-0115d560-da6a-3863-a749-87ef74e1ffe3.json
Tributes de l'été - Lenny Kravitz;Autres points d'intérêt;"« LENNY-K », The Switzerland « LENNY KRAVITZ » Tribute Band au Parc Couttet à Chamonix - Un concert gratuit à ne pas manquer ! 
Organisé par l'Office de Tourisme de la Vallée de Chamonix-Mont-Blanc.";;0/01/13-0116e8c4-2d4e-3682-a556-0c5b8c2c4a01.json
Le Barbier de Séville / Tournée Mirandolina et Cie;Autres points d'intérêt;Venez découvrir le barbier de Séville de Mirandolina et Cie, en commedia dell’Arte ! Riche de masques, de chansons, de personnages hauts en couleurs. Un spectacle familial pour les grands et les petits, et tous nous allons chez le docteur Bartolo!;;0/01/13-0118ba41-5ed2-33ff-9fa5-b4a79f56181f.json
Ferme d'élevage de lamas - Les gentilles canailles;Autres points d'intérêt;Éleveuse d'animaux dressés pour la médiation animale, l'éco pâturage et la randonnée. Stages et visites découvertes.;;0/01/13-011959e5-71c8-3ce1-b216-e97b5d55ee70.json
Le Petit Orituco;Autres points d'intérêt;"Food truck, spécialités Vénézuéliennes : 
Arepa, patacon, burger revisité, hot-dog revisité, dessert (selon les saisons), salade (selon les saisons). Boissons et café.";;0/01/13-011a9fe9-b8e1-329f-abca-8828fd9e3fe2.json
Arvan Tennis Club;Sports et activités outdoor;"Leçons et stages de tennis à partir de 5 ans.
Location de courts de tennis découverts.
Club de tennis ouvert de mai à fin octobre.";;0/01/13-011b228e-57f1-3c9e-9781-65505937654a.json
Balade Beaujolais Gyropode;Autres points d'intérêt;Evadez-vous en gyropode et vivez une expérience insolite à la découverte de notre région et ses richesses du terroir. Louez un gyropode pour vos balades en famille, entre amis ou encore pour vos événements, vos rendez-vous professionnels, séminaires...;;0/01/13-011b2d92-86fa-3ab8-a961-8369076efbb5.json
Bibliothèque;Culture et patrimoine;La bibliothèque est un lieu plein de vie, sa gestion est assurée par huit bénévoles en partenariat avec la Bibliothèque Départementale de l'Isère et la médiathèque de Vienne.;;0/01/13-011d0b4f-e683-3bb3-937e-f4e0ea713de6.json
Stade de slalom;Autres points d'intérêt;"Durant toute la saison d'hiver, grâce au club des Sports de Vaujany et à la présence d'un professionnel sur le Stade de Slalom, vous pourrez organiser toutes les compétitions et courses de votre choix.
Devis sur simple demande";;0/01/13-011d17cb-91ba-35bb-9c1c-d7f44a93778f.json
Bureau Montagne Art’itude;Nature et détente;En randonnée pédestre ou en raquettes à neige, venez découvrir la montagne en toute saison avec un accompagnateur – accompagnatrice en montagne. Des randonnées pour toutes et tous, randos thématiques, nuit en refuge, bivouac…;;0/01/13-011ff122-062c-328a-b89c-2d3a3be03244.json
Alter-Art;Shopping et artisanat;Alter-Art se propose de vous faire rencontrer des artistes contemporains en organisant des expositions, et des rencontres. Les artistes exposés sont principalement des artistes de la région grenobloise.;;0/01/13-011ffa55-fc8a-33f6-b171-bcb565199617.json
Cinéma Municipal Agora;Culture et patrimoine;Le cinéma municipal de Guilherand-Granges, installé à l'Agora, fonctionne depuis plus de trente ans. Les films à l'affiche sont la plupart du temps des films à succès destinés à un public familial.;;0/01/13-01227e94-1c6c-3e0d-830b-e3defecb2130.json
AQUALIB' Centre aquatique;Autres points d'intérêt;Espace aquatique pour toute la famille ouvert 7j/7. Natation sportive, de loisir ou activités aquatiques, venez découvrir tous les plaisirs de l’eau !;;0/01/13-0128b9bd-239e-3805-93c8-1e189002bfde.json
Le Grenier de nos soldats;Autres points d'intérêt;L’association « Les Greniers de nos Soldats » préserve et enseigne la mémoire des conflits depuis 1870. Ainsi nous proposons dans notre musée une visite à travers une partie de nos collections qui sont présentées de façon immersive et originale.;;0/01/13-0129b819-c4ac-32f5-8703-3152b8b8e7de.json
Bar-Restaurant Le Phénix;Restauration et gastronomie;Betty et Flo vous ouvrent les portes d'un bar-restaurant local. Redonnant un second souffle au village de Saint-Cyr-Sur-Menthon.;;0/01/13-012ed3e0-a05a-3813-b168-e36451d088fc.json
VVF Cantal Champs-sur-Tarentaine;Autres points d'intérêt;A la frontière entre le Puy-de-Dôme, la Corrèze et le Cantal, le VVF Cantal Champs-sur-Tarentaine est situé à proximité de Bort-les-Orgues et de ses fameuses orgues basaltiques.;;0/01/13-0130fdd0-4cc9-3411-be69-ee6ed06a3516.json
Site d’escalade de Saint-Paul-de-Varces;Autres points d'intérêt;Des secteurs variés dans un cadre paisible et champêtre.;;0/01/13-0132aa31-9759-3909-8c55-9d6d4175bc56.json
Festibois - parcours long;Nature et détente;Découvrez les œuvres réalisées à la tronçonneuse dans le cadre du Festibois (de 2018 à 2023).;;0/01/13-01333b95-4699-3dc5-890a-55ea95ba9ab0.json
Site d’escalade du Col du Coq;Nature et détente;C'est le site d'initiation ou de grimpe familial par excellence. Cette belle dalle calcaire, bien sculptée dans sa partie facile, permet de passer un agréable moment en famille.;;0/01/13-01355976-4217-3aed-a248-6ddc02136617.json
Le Chardonnay;Autres points d'intérêt;À deux pas de la cathédrale, cuisine bistronomique à base de produits frais de saison dans un cadre chic et une ambiance décontractée. Joli comptoir et terrasse aux beaux jours.;;0/01/13-013c8584-d2f8-30dc-8424-2032b41b36e6.json
Parcours littéraire;Nature et détente;Parcours littéraire, marchez sur les traces de Jules Romains, demandez le parcours et le quiz au chalet.;;0/01/13-013cc2f9-4526-3f55-9e3a-55e59a348b0b.json
Médiathèque François Edouard;Culture et patrimoine;"Lieu d'échange et de culture ouvert à tous. Prêt de livres, CD audio, DVD, revues. Postes avec accès internet.
Toute l'année : expositions, cafés littéraires, contes, conférences, spectacles, projections, débats, initiation-découverte.";;0/01/13-013cc5c6-a926-37b3-ad8f-b5e65de29320.json
Anes et compagnie / Accompagnateur en montagne;Nature et détente;"Location d'ânes de randonnée au refuge des Garins :
- Balades en famille à la journée,
- Randonnées itinérantes de 2 à 5 jours,
- Randonnées pour groupes et scolaires avec un accompagnateur en montagne.";;0/01/13-013edd02-beff-39d1-bee2-3f1fdbdf108b.json
Domaine équestre du Solat;Autres points d'intérêt;"Les principales vocations du Domaine équestre du Solat sont :
-  L’ élevage de chevaux lusitaniens
-  L’ éducation de jeunes chevaux
-  L’ hébergement de chevaux
-  Le dressage en basse et haute école
-  Animations équestres";;0/01/13-01407ccb-76bc-331a-b397-4133ee9a709f.json
Le Grand Angle;Autres points d'intérêt;Une salle de spectacle au cœur de Voiron. De 300 à 1 700 places assises ou 2 400 avec fosse, cette salle créée en 1982 accueille depuis plus de 20 ans les plus grands artistes de la chanson, de la musique, de la danse et du théâtre.;;0/01/13-0141b87a-ed6e-35db-801a-cec20bfa41a8.json
Match VRDR vs Béziers;Autres points d'intérêt;Le stade Pompidou accueillera le 8ème match de la saison entre les équipes de Valence et Béziers. Les deux clubs, avec leurs histoires et leurs passions respectives, se préparent à offrir un spectacle plein d'énergie et de suspense.;;0/01/13-0142ac08-a888-351f-b543-e71384b1e99c.json
Restaurant Le Changabang;Restauration et gastronomie;"Situé au sommet du téléphérique des Prodains, c'est l'endroit des riders !! 
breakfast, hamburger, wrap, poke bowl, twister. Ouvert uniquement le midi";;0/01/13-0145e494-729d-315a-a8de-aa276a5aa219.json
Promenade sur les berges de la Semène;Nature et détente;Découvrez une zone de détente avec des jeux pour enfants, des bancs, une aire ensablée, profiter d’une balade ombragée le long de la Semène.;;0/01/13-01474166-f5a0-32f7-815b-14590769d7ad.json
Théâtre Sainte-Marie-d'en-Bas;Culture et patrimoine;Salle de spectacles: théâtre, musique, danse, festival, dans le cadre superbe d'une ancienne chapelle du XVIIe siècle.;;0/01/13-01478c73-428e-30a2-b473-0b5096efce0d.json
Embarcadère de Meillerie;Autres points d'intérêt;A_GENERER_VIA_IA;;0/01/13-0147e543-53f1-36b3-afb5-62fed85141ff.json
Le Comptoir de Nos Pères;Autres points d'intérêt;Découvrez une brasserie au cadre élégant, goûtez sa cuisine traditionnelle faite à base de produits frais (formule entrée plat ou plat dessert, menu brasserie les soirs, week-end et jours fériés, repas de groupe sur réservation)....avec terrasse!;;0/01/13-014be4f1-7043-3a4a-8feb-46c4c6966b19.json
Le Verso;Autres points d'intérêt;"En lieux et place de ""La table des copains"", même propriétaires, rénovation des locaux, pour un bar à tapas toujours aussi ""Loco"" !";;0/01/13-014c28ed-2b9e-3aad-8dda-c4ee1bf31bea.json
Bibliothèque Aragon;Culture et patrimoine;La ville de Pont de Claix a défini une politique de lecture publique qui s’appuie sur l’accès du plus grand nombre à l’information, la culture, le loisir et la formation.;;0/01/13-014f9419-033d-3dde-914d-85e744e926d3.json
Marché d'Amplepuis;Spectacles et événements;"Le marché anime les rues du Centre Ville. 
Lieu de rencontres, il offre une grande diversité : du marché aux légumes, aux produits locaux, aux vêtements, accessoires...";;0/01/13-0152e738-d8cb-3b0a-bef0-091d7b6f4753.json
La maison Dephelines;Autres points d'intérêt;La maison Dephelines se compose de deux maisons réunies en une seule en 1844. La maison nord date de la première moitié du 17e siècle et la maison sud de la fin du 17e siècle.;;0/01/13-015456e5-1df5-363d-bf44-46066fa4349b.json
L'Aromate;Autres points d'intérêt;Situé au coeur du village médiéval de Boulieu, l'Aromate vous propose une cuisine de saison aux multiples saveurs. A très vite!;;0/01/13-0155f9b9-b605-3dc3-a057-e066ae09b676.json
Spa de La Fare - Pôle Sports & Loisirs;Autres points d'intérêt;Tout est réuni pour vous ressourcer et passer un véritable moment de détente. Entre spa et salon d'esthétique, procurez-vous un instant de rêve !;;0/01/13-01597951-68cc-34c6-a238-2a54bba82c4a.json
"Concert ""Génération Chaise-Dieu""";Spectacles et événements;"Le dispositif ""Génération Chaise-Dieu"" revient pour la troisième année consécutive dans le cadre du 59e Festival de La Chaise-Dieu.";;0/01/13-015bf09d-eddc-3973-95b5-1b3cedb59da1.json
Meublé Grandjean - Le Sapey;Autres points d'intérêt;Belle ferme pour les amoureux de la nature dans hameau isolé de 3 maisons , capacité 11 personnes, grand jardin fleuri privatif, jacuzzi;;0/01/13-015e3229-2dea-3ba9-a13d-b8214353a370.json
Au Pied du Mur;Autres points d'intérêt;Au pied du mur d’escalade, dans le village de Saint Léger, ce restaurant vous accueille tout au long de l’année dans un cadre convivial et chaleureux (poêle à bois) . Profitez aussi du bar pour un rafraichissement entre deux grimpées.;;0/01/13-015f71eb-05a0-3382-bff0-9774ff224a2e.json
Le Gargot;Autres points d'intérêt;Le Gargot est un ruisseau de plaine qui a été renaturé par des aménagements pour accueillir truites et ombres communs.;;0/01/13-0164dd0b-2d60-336a-a13a-710a15e9b06b.json
Pépites Lodges Et Spas;Autres points d'intérêt;"Pépites Lodges & Spas – Expérience d’exception au cœur de la nature
À Prémilhat, près de Montluçon, Pépites Lodges & Spas réinvente l’art de l’évasion avec des lodges indépendants, chacun doté de son spa privé et d’une ambiance sensorielle unique.";;0/01/13-016625de-83e0-356d-848d-1a5e686d449e.json
Pumptrack de Gières;Autres points d'intérêt;Ce pumptrack, avec des bosses modérées, est accessible à partir de 5 ans et par tous les débutants. Le parcours offre 130 mètres de pistes avec deux niveaux de pratique : vert pour les débutants et bleu pour les pratiquants plus avertis.;;0/01/13-01670b55-bc60-3e27-8361-fdd8bee8d756.json
Les Verdons;Autres points d'intérêt;"Au pied du téléphérique, le rendez-vous des piétons et des skieurs.
Le restaurant vous propose une carte brasserie de qualité, plat du jour varié à prix modéré.";;0/01/13-0168ce3c-4bf9-3eb2-acd3-6d46c64e4865.json
Montée Enduro - Valfréjus Charmasson;Autres points d'intérêt;Une montée courte pour desservir les Enduros du télésiège de Charmasson.;;0/01/13-016a8411-1f1c-3e02-8ba1-b9d26bb7d6cb.json
AgorAlp;Autres points d'intérêt;Complexe moderne, AgorAlp propose plus de 30 activités (piscine couverte, musculation, aquagym, badminton, squash, cours de step, stretching, gym, pilates, escalade, sports collectifs...) Accès gratuit avec la carte PREMIUM.;;0/01/13-016ac0dd-7e9f-3b23-b8f4-69201cfdab1c.json
Cours de tennis du Camping des Orgues;Hébergement;A_GENERER_VIA_IA;;0/01/13-016b4fd6-4356-35f0-a09a-df7898465bb7.json
Eglise de Reyvroz;Culture et patrimoine;Découvrez cette église remarquable.;;0/01/13-016b51b6-479c-3a46-88e9-f293ac930a79.json
Marché hebdomadaire Bio;Spectacles et événements;Marché de produits bio.;;0/01/13-016b591a-f37e-30bb-85eb-9fb633b2a4b3.json
Balade en bateau au crépuscule le mercredi;Autres points d'intérêt;Profitez d’une balade pour petits et grands  en bateau avec apéro à volonté.  Découvrez les splendides paysages qui s’offrent à vous en sirotant un cocktail au coucher du soleil. Naviguez jusqu’à la passerelle himalayenne et jusqu’aux cascades du Drac;;0/01/13-016bc7fd-4568-3233-8c9f-b4bea02763cf.json
Domaine et Château de Montrottier;Culture et patrimoine;Incarnation du château des contes de votre enfance, Montrottier vous invite à un voyage à travers le temps, les modes et les cultures. Ses salles abritent un cabinet de curiosités présentant des collections uniques de toutes époques et de toutes cultures.;;0/01/13-016c51f1-7e52-3f46-a9f6-9166ae8d41d0.json
Le Boomerang - Cuisine du Monde;Autres points d'intérêt;Restaurant familial, proposant une cuisine des quatre coins du monde, de nombreux vins et cocktails. Bonne humeur et convivialité sont les bienvenus.;;0/01/13-016d22bf-8b0a-34c8-98a1-0b22a490a162.json
La Girole;Autres points d'intérêt;Très bonne adresse pour les amateurs de cuisine traditionnelle dans un cadre tendance et raffiné. Une carte élaborée et abordable, un accueil et un service attentifs, la Girole saura répondre à vos attentes.;;0/01/13-016ddcc4-fef4-3865-8385-b820f507463e.json
Aqualis, l'expérience lac;Nature et détente;Niché au coeur d’un bâtiment des années 30, Aqualis vous accueille dans un univers dédié au plus grand lac naturel de France : le lac du Bourget.;;0/01/13-016e2e84-8f22-348a-bdac-398347bfd75a.json
Eglise Notre-Dame;Culture et patrimoine;L'Eglise romane Notre-Dame de Saoû se situe en plein cœur du village. Elle dispose d'un parvis, de beaux vitraux et de deux pierres d'angles taillées. Bien que de simple ouvrage, elle s'inscrit dans le patrimoine typique de la vallée de la Drôme.;;0/01/13-016f67c3-1848-32f6-818c-4dce8cc879d4.json
Tennis;Sports et activités outdoor;Les tennis de Châtel se composent de 5 courts de tennis, récemment rénovés, ainsi que d'un terrain de volley et une table de pingpong fixe, le tout situé dans un cadre magnifique.;;0/01/13-016f6db4-454f-3221-a0e2-bc2677e250f3.json
Appartement Jonquilles 131;Autres points d'intérêt;"Petit appartement dans résidence sécurisée au coeur de Chamonix
Entièrement rénové style montagne et vue sur le Brévent";;0/01/13-01711264-16a2-3211-a9f6-16112f318e0d.json
Site d’escalade des Rochers du Bret;Autres points d'intérêt;Les Rochers du Bret sont idéaux pour passer une belle journée d'escalade en famille. Plusieurs petits secteurs et une très belle vue sur Grenoble et ses vallées.;;0/01/13-0173e8d8-b1d9-3a35-9b44-0fb67388f532.json
Hôtel Bagnorea;Hébergement;Au cœur des rues à arcades du centre ancien d'Annecy, l'hôtel Bagnorea se signale par la largeur de sa façade. Construit dans la seconde moitié du 16e siècle, il illustre à Annecy l'introduction de l'architecture de la Renaissance.;;0/01/13-01788d2b-dd48-3f31-b568-234dd0906c10.json
Le Parc départemental de Lorient;Nature et détente;Un espace de loisirs dans un espace naturel préservé géré par le Conseil départemental de la Drôme. Deux quizz enfant et un parcours d'orientation sont disponibles en téléchargement pour découvrir cet espace.;;0/01/13-017b670a-0e84-3005-8f60-32e5822c0346.json
Cinéma L'AgorAlp;Culture et patrimoine;2 salles dont une équipée en numérique.;;0/01/13-017baf01-ce4b-324a-aeee-0ee976299117.json
Sculptures céramiques;Autres points d'intérêt;Arlette et Marc Simon, céramistes vous présentent leurs créations. Création de volume pour Arlette et oeuvres sculpturales pour Marc. Venez découvrir leur univers.;;0/01/13-017c3465-31fd-3e0a-8622-2e9b40af9f5f.json
"Sentier de découvertes ""Si j'étais un Arbre""";Nature et détente;"Ancienne voie d'accès au coeur du massif des Bauges ( Parc naturel régional labellisé par l'Unesco ""Géopark des Bauges"") ce sentier communal balisé de 3 km mène du chef-lieu (Eglise) de Leschaux à l'actuelle route près du Gîte nature La Biolette.";;0/01/13-017cbe61-413e-39cd-8737-0d4017bd3d91.json
Restaurant des Sports;Restauration et gastronomie;Notre établissement, au cœur du village, vous accueille dans une ambiance calme et reposante. Nous proposons une cuisine gourmande et généreuse. Menu variant toutes les semaines selon l'inspiration du chef.;;0/01/13-017f7653-9a54-360f-83ae-db747543bfbc.json
Le Boui Boui;Autres points d'intérêt;La référence des cafés-théâtres lyonnais ! Ce café-théâtre comique vous accueille du lundi au samedi pour toujours plus d’humour et de bonne humeur... Découvertes humoristiques garanties !;;0/01/13-018285a6-ab14-3279-a7c5-066c280897a1.json
Kiosque à musique du parc des Bourins;Spectacles et événements;Dans le parc des Bourins, aménagé entre 1905 et 1910, un kiosque à musique avait bien été prévu dès le départ à cet emplacement.;;0/01/13-01831cbb-899a-3cf0-9860-8e7d3be5c17c.json
Décollage Sud: parapentes et deltaplanes;Autres points d'intérêt;Décollage Sud: Orienté vers Sud;;0/01/13-01833aa4-2fd0-3e1b-95a3-0d53357f24d5.json
Galerie - Véronique Darcon Cazes;Culture et patrimoine;"Artiste en mosaïque contemporaine, j'amène l'énergie du minéral dans votre univers afin de vous relier à la beauté du monde.
Compositions murales, sculptures, miroirs...
Ateliers découverte, cours, stages.";;0/01/13-018377e6-a2a4-3425-b609-d177c6e766ca.json
Soirée musicale;Spectacles et événements;Groupe d' En haut avec Franck Gambina et ses musiciens. En plein air.;;0/01/13-018740db-aa9d-3344-abde-2f07b8f9248b.json
Là Haut;Autres points d'intérêt;"Là-Haut...""""Bistrot Paysan"""", est de l'avis général un des établissements à découvrir absolument durant votre séjour.";;0/01/13-01885abe-a757-31b9-91ba-976ba92c0d42.json
Le Bistrot de la Cascade;Restauration et gastronomie;Restaurant situé en face de la cascade de Glandieu avec terrasse sous un platane bi-centenaire;;0/01/13-018883bf-84b8-3857-839a-9f9580bf3e02.json
Médiathèque de Saint-Victor-de-Cessieu;Culture et patrimoine;Médiathèque du Réseau des Vals du Dauphiné;;0/01/13-018ac836-824e-37d1-9d34-a4628eff69e0.json
Exposition Flore de Vanoise;Culture et patrimoine;Venez découvrir les fleurs de Vanoise,  leurs adaptions et leur rôle de sentinelles face au changement climatique.;;0/01/13-018ae434-96e6-3007-bfd6-329d592e3e8d.json
Mc Donald's;Autres points d'intérêt;A_GENERER_VIA_IA;;0/01/13-018f418d-f303-3009-8d6f-81837408e107.json
Snowpy Mountain;Autres points d'intérêt;Snowpy Mountain est la nouvelle zone ludique du Domaine skiable de La Toussuire - Les Sybelles. A la fois zone de détente (Snowpy Relax), piste de mini KL (Snowpy Speed) et piste ludique (Snowpy Stars Camp).;;0/01/13-018fd8ee-9ba5-3426-9f54-8da0a4e35a55.json
Néovinum : Plongez dans l'univers des Vignerons Ardéchois !;Autres points d'intérêt;Un tout nouvel oenoparcours immersif et ludique (45 min) et des cours d’initiation à la dégustation pour toute la famille en bonus un livret pédagogique pour les plus jeunes.;;0/01/13-0192a26e-7c8f-3baf-9820-83eb8cc9e0f7.json
Village de Vacances Azureva;Autres points d'intérêt;"En bordure d'une forêt de mélèzes, entrez au coeur de la montage et de la nature, à proximité du parc de la Vanoise.
Le village de vacances azurèva est un complexe de 144 chambres tout confort. La restauration y est gourmande, variée et typique.";;0/01/13-0195cfd7-9949-39c1-89ce-4621a32fe561.json
Zabski - Isabelle Lafont;Autres points d'intérêt;"Expérience, passion et convivialité !
Isabelle et son fils Eliot vous proposent des cours de ski sur mesure pour tous âges et tous niveaux.
Des effectifs réduits et horaires adaptés permettant de skier dans les meilleures conditions.";;0/01/13-0196ae1f-6f57-3ed3-9014-0e90e1d5d297.json
Cabaret Électrique;Autres points d'intérêt;"Deux soirées cirque inédites, 
 - Spectacle burlesque et acrobatique du Trio les Triphasés
- Cabaret cirque avec des numéros sous haute tension !
Repas et restauration et bar sur place à partir de 18h par La Tour Ambulante";;0/01/13-01985065-a1d1-3e6b-af01-af9ae72120fb.json
Gite Maison de la Besbre;Hébergement;Maison de vacances indépendante de 180 m² au coeur du village de Jaligny-sur-Besbre avec piscine au bord de la rivière Besbre.;;0/01/13-019abdb2-f72c-3a46-b682-c99872771fcc.json
Le Matafan;Autres points d'intérêt;« Au Matafan, je propose une cuisine qui retourne à l’essentiel, à la fois fine et goûteuse, avec toujours un clin d’œil à la gastronomie locale. » Mickey Bourdillat;;0/01/13-019e1933-ebb2-38fd-9b67-ab4f97f82a31.json
Camping naturiste La Serre de Portelas;Hébergement;Camping naturiste géré par les bénévoles, membres de l'association Le Club du Soleil de Clermont-Ferrand;;0/01/13-01a23d4c-3005-33ae-aa47-5a617f3ad29a.json
Le Ski Lodge;Sports et activités outdoor;"Ambiance pub-brasserie avec cuisine variée internationale : plat du jour, BBQ ribs, gourmet burgers. Concerts. 
En été: 
- Cocktail du jour
- Moules frites à volonté tous les jeudis soirs
- Fish & Chips tous les vendredis soirs";;0/01/13-01a36717-9b85-3b27-9bef-ebd671c9e2bd.json
Now Coworking;Autres points d'intérêt;Et si vous goûtiez à un nouvel art de vivre le travail ? Now Coworking vous propose un espace de travail innovant et créatif !;;0/01/13-01a480f8-d4f2-3837-854b-c7df2dbd578b.json
Le Yule;Autres points d'intérêt;Avec un départ ski aux pieds, Le Yule jouit d’un emplacement exceptionnel directement sur le front de neige, au pied de la face de Bellevarde. L’hôtel propose également un restaurant avec terrasses panoramiques, un spa et un bar.;;0/01/13-01a48a39-ef66-32ee-8c45-3fb0b0ca73ee.json
Parcours d'orientation patrimoine adulte;Culture et patrimoine;Méaudre au fil des lauzes,  un parcours d'orientation adapté aux débutants pour découvrir le village de Méaudre et son histoire de façon ludique.;;0/01/13-01a50baf-7ec8-367f-995c-2df13f375844.json
Bar à vins Marcon Saint-Etienne;Restauration et gastronomie;Notre bar à vins propose une sélection variée de 800 à 1 000 références , allant des vins et spiritueux aux bières artisanales, sans oublier nos verveines incontournables. Une gamme riche et diversifiée pour satisfaire toutes les envies !;;0/01/13-01ad45a9-c6e4-3ec5-9466-d6686c3fc878.json
La Forge;Autres points d'intérêt;Le bistrot la Forge vous accueil dans une ambiance chaleureuse et conviviale. On vous propose des plats du jour traditionnelle ainsi que des salades, burgers et plats de saison.  Pour le goûter, nous vous proposons des crêpes et de la glace.;;0/01/13-01ae9bfa-b13c-3786-a6f8-30a056299d41.json
Piste de luge / Piste des Dromonts;Sports et activités outdoor;À côté du téléski des Dromonts, profitez d'un espace partagé pour faire de la luge en famille ou entre amis !;;0/01/13-01b0b7b7-f163-377d-ae9a-5a1d660a1864.json
Annecy Plongée Nautisme;Autres points d'intérêt;Plongée dans le lac. Baptêmes / Stages pour passer des niveaux FFESSM et SDI permettant de plonger partout dans le monde / Plongées explorations du lac / Plongées Tek (techniques différentes) / Plongées sur l'épave du France.;;0/01/13-01b29d25-2ee4-332b-becf-78ddc9bfad42.json
Calypso;Autres points d'intérêt;Cardio, musculation, aquabike, aquagym, spa;;0/01/13-01b3d1b2-59df-36e5-bb45-81dc52453f8b.json
Golf des Confins;Sports et activités outdoor;Dans un cadre exceptionnel... Situé sur le plateau des Confins, au pied de la chaîne des Aravis, le golf de La Clusaz propose un parcours 2x6 trous, un practice et une zone d'entrainement.;;0/01/13-01b6d1c2-394e-3fb1-99fd-40a74857e5cc.json
La Fontaine Saint Julien;Autres points d'intérêt;La Fontaine conserve le souvenir du martyre de Saint Julien, décapité en 304.;;0/01/13-01b7d757-82f0-35fe-afc5-365a5a0a09c8.json
Parcours Pêche « 1 poisson » sur le Torrent des Glaciers;Sports et activités outdoor;Le torrent des Glaciers prend sa source au pied du col de la Seigne. Ce torrent accueille naturellement une population de truites fario et de saumons de fontaine.;;0/01/13-01b9c0c5-015f-3df6-b09b-2f28067cd8e2.json
Restaurant La Cascade - Fermé;Restauration et gastronomie;La Cascade vous propose un menu du jour et une carte évolutive en fonction des saisons.;;0/01/13-01ba12fa-d77b-3110-9756-25423daf76a9.json
Le Beau Rivage;Autres points d'intérêt;Dans un cadre exceptionnel en bord de Rhône, le restaurant Beau Rivage, à Condrieu, propose une cuisine élégante et contemporaine, mettant en valeur les produits de saison et les saveurs du terroir.;;0/01/13-01bcff35-c845-3488-ba8b-fcfa8061723c.json
Le sentier de l'eau;Nature et détente;Sentier de l'eau, au fil de la Gresse est un itinéraire sécurisé et facilement accessible, qui vous propose une balade à la découverte de l’eau sous toutes ses formes.;;0/01/13-01bd0ded-071c-3da1-9158-43676381dfc7.json
Restaurant Les Barres;Restauration et gastronomie;"Nous vous proposons des plats traditionnels (pot au feu, bourguignon…)
Sur réservation nous faisons toute l’année tête de veau, grenouille, pièce du boucher selon arrivage (hampe, poire) andouillette …";;0/01/13-01bfb9c6-df1f-34e4-a949-9c6fb0ac8493.json
Up & Go : Accro bungee;Autres points d'intérêt;Venez vous envoyer en l'air en toute sécurité !;;0/01/13-01c21b60-4369-3d23-8444-5e8c9481a486.json
Brocante Vide Grenier;Autres points d'intérêt;vide grenier place de l'église à LAMAIDS;;0/01/13-01c66bf4-289d-33d5-8ccd-c4629d8bb1e5.json
Centre sportif la paguette;Autres points d'intérêt;La Paguette est un lieu de verdure, de détente, de nature et de sport.;;0/01/13-01c77d16-433a-311b-9234-0e8f73dec239.json
Fête de la bière | Saugues;Spectacles et événements;Plus d'informations à venir ...;;0/01/13-01c783ad-fe09-367a-9c24-efa819616e1a.json
Le Restaurant Pic***;Restauration et gastronomie;S’il y a une signature qui lui ressemble, c’est bien celle-ci : Se nourrir d’émotions. Puisant son inspiration dans la nature, c’est aussi dans les trames aromatiques qu’elle écrit les plus belles lignes de sa créativité culinaire.;;0/01/13-01c82106-6850-35d5-9946-2757a19236cd.json
Côté Terrasse;Nature et détente;Au cœur du village, petit restaurant traditionnel, bar, glacier, chaleureux avec une terrasse très ensoleillée.;;0/01/13-01ce18dc-b2a2-3b72-994a-0b036f46193f.json
Le sentier du Renard - PR n°51;Nature et détente;Cet itinéraire vous guide à la découverte du passé médiéval de Billy, à travers les anciennes terres de ses seigneurs.;;0/01/13-01cfb52f-8e1c-3358-b3aa-964ceee7179d.json
Tea Time;Autres points d'intérêt;Salon de thé anglais avec de la pâtisserie à manger sur place ou à emporter. Plus un plat du jour  tous les midis. Un petit peu de Grande Bretagne dans la Drôme.;;0/01/13-01d0eebd-15fb-3585-bf36-44164c708ff6.json
Pierrot Fabrique Aventures : Randonnées - Raquettes - Course d'orientation;Autres points d'intérêt;"Professionnel spécialisé en sports de pleine nature : séjour découverte ou sportif, week-end bien-être et détente, VTT enduro ou traversées, VTT assistance électrique, raquettes, randonnées, course d’orientation,
multi-activités...";;0/01/13-01d1469b-cc28-3b51-beaa-9eb15dd37555.json
La Taverne du Charron;Restauration et gastronomie;Restaurant cuisine ardéchoise ...allez une petite confidence : les cuisses de grenouilles valent le détour !;;0/01/13-01d34a3d-6170-350d-b504-b34780f1e96e.json
Ancien remparts du château de Lullin;Culture et patrimoine;"Ancien mur d'enceinte du château de Lullin qui fût construit sur""la Motte""";;0/01/13-01d505e1-610b-331a-9ac2-928cfce51982.json
CGH Résidences & Spas -  Le Chalet Les Marmottons;Hébergement;Au cœur du village de La Rosière à deux pas de toutes commodités. Ce chalet à l’architecture savoyarde saura vous combler par sa situation exceptionnelle.;;0/01/13-01d509da-ed54-39b2-b0fd-03a857cfc06c.json
Village | Lavoûte-Chilhac | Plus Beau Village de France;Autres points d'intérêt;Sur une boucle de l’Allier, Odilon de Mercoeur, abbé de Cluny fonde un prieuré clunisien au XIe siècle, remanié au XVIIIe siècle.  Église du XVe siècle avec Porte Saint-Odilon du XIIe siècle, Trésor, reliquaire de Notre Dame Trouvée et Christ roman.;;0/01/13-01d60bb8-8c3a-33c8-8e00-13c91c080990.json
Casiers bagages vélos/motos et rack à vélos à Cruas;Autres points d'intérêt;Amis cyclistes ou motos,  l'Office de Tourisme Porte Sud Ardèche, bureau de Cruas met à votre disposition des racks et casiers pour une pause repas ou flâner dans son village qui regorge de trésors à découvrir.;;0/01/13-01d9c055-e3ab-3ee8-b99d-2d5765683e09.json
"Bibliothèque ""La Bouquinade""";Culture et patrimoine;"« La bouquinade », est le nom de l’association qui gère la bibliothèque de St Vincent la Commanderie

Une équipe de bénévoles, qui travaille afin d’offrir aux villageois un lieu d’échange, de détente et de culture autour du livre.";;0/01/13-01dadde9-86e1-3702-8497-f63c5e2f6b3d.json
Décollage du plateau des Saix en hiver;Autres points d'intérêt;Spot décollage parapente.;;0/01/13-01db0a0f-fbf1-3f38-96a3-135d83527819.json
Le chamois d'or;Autres points d'intérêt;"Menu du jour et carte.
Banquets - Service traiteur.
Assiette repas.";;0/01/13-01dbfcd9-a81e-3992-a1d1-9b22ffa86bc1.json
Miss Clairon côté cave et côté fourneaux;Nature et détente;Venez croquer un morceau de Bretagne dans la quiétude de notre jardin. Dépaysement assuré !;;0/01/13-01de1fc2-1010-39a1-9380-7c7b4771d9a4.json
"""Allègre aux deux Volcans"" - parcours numérique";Nature et détente;"Retrouvez le parcours numérique ""Allègre aux deux volcans"" et ""la chasse au trésor"" sur IZI.TRAVEL .
Randonnée familiale interactive et ludique plus particulièrement à destination d'un public jeune.";;0/01/13-01e0085a-d610-396a-8676-074451543847.json
L'Authentique;Autres points d'intérêt;Notre petite ferme se situe à 3km du bourg de Cherier, à 800m d'altitude dans les Monts du Pays d'Urfé (1h de Lyon, St Etienne et Clermont) en pleine nature. Nous proposons des séjours adaptés à l'âge vos enfants : vacances, week-end ou demi-journée.;;0/01/13-01e2617f-c4d9-3bef-8f9d-0ac4f5b7dd48.json
Hôtel Sous l'Olivier;Hébergement;"Notre HÔTEL*** vous propose dans un cadre très calme et au milieu de plus 7000m² de jardin,
36 chambres spacieuses climatisées exposées plein sud avec terrasse et vue sur le rocher Saint-Julien, piscine et à 600 mètres du village.";;0/01/13-01e2a3d6-e642-32bb-8a02-ba089f13b717.json
Résidence Goelia Le Sornin ***;Hébergement;Dans le cadre magnifique du parc naturel régional du Vercors, la résidence, située à 10 min à pied du centre du village de Autrans , vous propose des appartements du 2 pièces pour 4 personnes au 4 pièces 9 personnes bien équipés avec balcon.;;0/01/13-01e35d3b-eff3-3035-86df-cc80ce396a03.json
Musée de la coiffe et du costume traditionnel;Culture et patrimoine;Au cœur du centre historique, le musée de la Coiffe et du costume traditionnel vous invite à découvrir une collection de plus de 700 pièces authentiques consacrée aux coiffes de cérémonie et aux coiffes de la vie quotidienne.;;0/01/13-01e6b964-6c82-355a-8bab-1f73abcf2e8f.json
Hôtel d'Ainay;Hébergement;Au cœur du centre-ville, dans une rue piétonne au pied du métro Ampère-Victor Hugo, ce petit hôtel familial vous offre un excellent rapport qualité/prix. Vous apprécierez sa jolie vue sur la place Ampère.;;0/01/13-01e734c3-c316-34d2-9b36-0090625068dc.json
Piscine Lucien Millet Eyzin-Pinet;Sports et activités outdoor;"La Piscine d'Eyzin-Pinet, est composée de : 
- 1 bassin sportif de 25 m par 12,50 m | profondeur : de 1,40 à 2 m
- 1 petit bassin de 12,50 m par 10 m | profondeur : de 0,80 à 1,20 m
- 1 pataugeoire et jeux d’eau | profondeur : 0,40 m";;0/01/13-01e98f0d-13cd-304e-9a71-0831cba9dd71.json
L'Escabille;Autres points d'intérêt;Oeuvre Land'art au cœur de la Montagne bourbonnaise. Ouverte sur les paysages magnifique de Châtel-Montagne, cette étrange cabane s’enroule petit à petit sur elle-même.;;0/01/13-01ec75bc-9abb-3d8c-a62c-4fb277aadcc0.json
Courts  de Tennis;Sports et activités outdoor;A_GENERER_VIA_IA;;0/01/13-01ed2985-1d13-3351-9946-904e43c20bf5.json
Location de salles Hôtel-Restaurant La Rose des Vents;Hébergement;3 salles en possible location pour tous événements.;;0/01/13-01ed2c9b-a6da-3b1b-a6bc-62543515bbb8.json
Le Vésuve;Autres points d'intérêt;Pizzeria au feu de bois (la plus ancienne de Clermont), située proche de la Maison des Sports.;;0/01/13-01ee2536-a537-3673-9a2c-905af1f1c85b.json
Foire de la Sainte-Catherine;Spectacles et événements;Foire traditionnelle de la Sainte-Catherine. 200 exposants en centre-ville | Vous êtes Catherinette cette année ? Contactez-nous, nous vous réservons une surprise ! Mairie de Langeac : 04 71 77 71 10.;;0/01/13-01efcbb3-ed05-34e8-910e-f0ceee42c9e1.json
Hôtel de Croÿ-Chanel;Hébergement;Magnifiquement restauré par la Ville de Grenoble et les copropriétaires, de 2004 à 2009, cet ancien hôtel particulier est un bel exemple de demeures parlementaires grenobloises.;;0/01/13-01f04e14-13dd-32cc-b4e0-aad17c77393f.json
Chalet-hôtel LE PANORAMIQUE;Hébergement;Hôtel de charme situé à la croisée de l'Isère, de la Savoie et des Hautes Alpes. Mizoën, village authentique de l'Oisans est le point de départ de randonnée sur le plateau d'Emparis. À proximité de multiples activités sportives culturelles été/hiver.;;0/01/13-01f05993-c621-3120-8347-aedfd2633ce0.json
Le vieux moulin - PR n°40;Autres points d'intérêt;Entre la forêt de la Boucharde et la forêt de Montpensier, cette agréable randonnée vous amène dans différents hameaux de Brugheas.;;0/01/13-01f0852c-6648-39e5-8d5a-11410bf10de8.json
Visite guidée de Marsanne;Autres points d'intérêt;Visite guidée du vieux village de Marsanne.;;0/01/13-01f10ed6-1d1d-3ca7-80da-0acb6f3c14cb.json
Parcours d'orientation patrimoine adulte;Culture et patrimoine;"Découvrez ou redécouvrez la course d'orientation avec ce nouveau parcours autour de la thématique "" Il était une fois les sports d'hiver"".
Muni de votre carte, partez à la recherche des balises qui vous emmèneront sur les traces des J.O d'hiver 1968.";;0/01/13-01f1c0f4-87e4-32f5-8c33-ec0309a9ab0c.json
Musée gallo-romain d'Aoste;Culture et patrimoine;Plongez dans la vie quotidienne des habitants de la ville antique d'Aoste ! Le temps d'une visite entrez dans la peau d'un Gallo-Romain au travers des riches collections du Musée.;;0/01/13-01f300da-4f9e-3a85-bdb7-86b9be299cf2.json
Espace Cheval;Sports et activités outdoor;Espace Cheval est ouvert toute l'année du débutant au confirmé, Nos prestations sont validées par six labels qualité. Les cours d'équitation sont dispensés par 2 BPJEPS , stages pendant les vacances. Passages des galops fédéraux. Promenades et randonnées.;;0/01/13-01f30af4-1422-341d-9984-20829eb46ba1.json
Les sentiers d'Hélène;Autres points d'intérêt;Accompagnatrice en montagne.;;0/01/13-01f383d9-de08-3726-9567-ec043997a4cd.json
Marché | Landos;Spectacles et événements;Venez découvrir et profiter d’une large gamme de produits frais et locaux. Ce marché est l’occasion parfaite pour soutenir nos producteurs et artisans locaux tout en partageant un moment convivial tout les mardi matins.;;0/01/13-01f423a2-849d-36a6-b41a-2bc149ca6883.json
Miyé - restaurant libanais;Restauration et gastronomie;Chez Miyé, nous vous préparons tous les jours des plats traditionnels libanais, faits avec des produits frais, une pincée d'amour et une pointe de passion, dans un cadre contemporain et une petite touche de tradition.;;0/01/13-01f65357-0a1f-3099-9baa-a0da69fa8372.json
Parcours accrobranche de la Vallée Bleue;Sports et activités outdoor;Sur la base de loisirs de la Vallée Bleue à Montalieu-Vercieu, découvrez le parcours accrobranche. Accessible dès 4 ans, plusieurs parcours de difficultés croissantes sont proposés.;;0/01/13-01f745af-0be3-39db-85ea-92c47dfecfa1.json
Stade d'Avrieux;Autres points d'intérêt;Le stade d'Avrieux se trouve en contre-bas du village : terrain de foot, terrains de tennis, fitness.;;0/01/13-01f8e142-821e-3e0d-a339-817519f2e77e.json
Restaurant Les Caudalies;Restauration et gastronomie;"Le restaurant Les Caudalies vous offre une cuisine traditionnelle et raffinée avec deux formules : les menus du jour servis ""côté bar"" tandis que la carte et les menus seront proposés ""côté restaurant"".";;0/01/13-01f94538-695b-3a9a-8d25-c8867eef3fcc.json
Eglise Saint Jean-Baptiste (Arêches);Culture et patrimoine;L'Eglise Saint Jean Baptiste d'Arêches est un bel exemple homogène de l'art baroque savoyard qui mérite d'être visitée. Plan de type basilical, rétable particulièrement lumineux, l'intérieur de l'église crée un contraste surprenant avec l'extérieur;;0/01/13-01fa0696-9f6f-3bd4-bc73-523fb0be2f82.json
EDES Astrophotography;Autres points d'intérêt;Erwan Despierre est astrophotographe et son activité se divise en 2 parties : observation du ciel étoilé et exposition de ses astrophotographies.;;0/01/13-01fc65d6-bd51-3c64-8adf-2b17ff51134b.json
Marché de Villefranche-d'Allier;Spectacles et événements;Le marché hebdomadaire, c'est l'occasion de remplir son panier et de rencontrer voisins, amis ou inconnus!;;0/02/13-0201a3f1-f70a-323b-832e-a05136dec395.json
Parcours « Prendre et relâcher » sur le Guiers à St Béron;Nature et détente;Sous la sortie des Gorges de Chailles, le Guiers s’élargit, alternant entre zones rapides et grandes fosses. Là-bas, il n’est pas rare de prendre une jolie truite de plus de 60 cm.;;0/02/13-0202b8c6-32f3-3012-b7bb-f721dc3b148d.json
Une installation : A mi-bois;Nature et détente;"Sculpture in situ conçue et réalisée par 3 artistes :
Ο Mireille Fulpius
Ο Marc de Roover
Ο Christophe Gonnet

L'entrée se fait par le chemin de ronde, près du Bois Lambert, une petite balade d'environ 800 m.";;0/02/13-0203cdc8-0bf5-32d3-901c-0d3b3c11f9c5.json
Restaurant Le 8 Mai;Restauration et gastronomie;Restaurant traditionnel, proche de la gare de cluses.;;0/02/13-02068138-b637-3882-bf74-35c610fca4c1.json
Château du Poët-Célard - Le Bar;Restauration et gastronomie;À partir du mois de juin, nous pourrons accueillir les visiteurs au sein de la terrasse panoramique du château.;;0/02/13-0206a993-64df-374d-ab85-6a195edf5295.json
Les Gorges du Pont du Diable;Autres points d'intérêt;Nées sous un glacier, les Gorges du Pont du Diable se situent dans la Vallée d'Aulps et sont traversées par la Dranse de Morzine. La visite se fait à pied (120 mètres de dénivelé) pour découvrir l'histoire du Pont du Diable, vieille d'environ 10 000 ans.;;0/02/13-02086ae7-d85f-3f8e-9c7b-cec7bfcbab91.json
Rest'o Bulle;Autres points d'intérêt;"Rest’O Bulle c’est une carte de restauration traditionnelle et gourmande, un accueil privilégié dans un cadre cosy. 
Dès les beaux jours, profitez d'une grande terrasse dans une rue animée et piétonne.
Possibilité de service tardif sur réservation.";;0/02/13-0208be66-b547-3aee-9ecd-7148efad89ae.json
Camping à la Ferme Pierre Fain;Hébergement;Situé au coeur du triangle magique Nyons - Vinsobres - Vaison la Romaine.;;0/02/13-0208ec68-61d4-344e-a9db-35ce4e4b7197.json
Piste de ski de fond : Les Sonnailleys;Sports et activités outdoor;Le site Monts Jura LA VATTAY est entièrement dédié au ski nordique avec ses 100 km de pistes. Vous pourrez y pratiquer à loisir le skating ou l'alternatif.;;0/02/13-0209873b-5af4-3b53-bbf9-2ec503602664.json
Poneyclub Les Ecuries de Bissorte;Autres points d'intérêt;Balades à poney;;0/02/13-020c7398-a94b-34cf-800b-17d145f37e17.json
La montée du Crêt de Roc;Autres points d'intérêt;Monter les escaliers du Crêt du Roc, s’est prendre de la hauteur et découvrir un panorama sur l’ouest stéphanois.;;0/02/13-020daeff-807e-3bdb-9684-01067a93dc8b.json
Le Candi;Autres points d'intérêt;Bienvenue au restaurant pizzéria Le Candi à Courmangoux où vous pourrez savourez une cuisine traditionnelle à la fois généreuse et créative. Ambiance conviviale assurée.;;0/02/13-020f5665-6744-31ab-b397-8598bd0ec647.json
Les Remparts de St-Rambert;Autres points d'intérêt;Plongez au cœur des saveurs authentiques aux Remparts de St-Rambert, où notre cuisine met en valeur des produits frais, locaux et de saison.;;0/02/13-02103ebd-04ce-363f-a5e3-2904b81bf3e7.json
Musikkapelle Partenkirchen;Autres points d'intérêt;Musique folklorique;;0/02/13-021202ff-5f8c-3a72-a2b3-18f13fa864ab.json
Point Lecture;Autres points d'intérêt;"Le point lecture offre un service de qualité et de proximité au public, et intègre le réseau de lecture publique de Val'Eyrieux.
N'hésitez pas à réserver vos documents ou ""lots surprises"" sur le site ou par téléphone en fonction de vos goûts.";;0/02/13-0216b88a-1ca4-3a59-a35d-72db3e47e16c.json
Ternand;Autres points d'intérêt;Village médiéval fortifié bâti sur un promontoire rocheux, qui domine la vallée de l'Azergues.;;0/02/13-021a2cf3-5998-3906-9d54-6cc65de78d4f.json
Eglise Saint-Blaise;Culture et patrimoine;Son histoire commença  en 1832, c'est à cette date que fut adopté le projet définitif de l'architecte annecien Ruphy, ardent propagateur du style Néo-classique.;;0/02/13-021ac3c0-2085-3a66-906e-f87c0b8082f0.json
Arboretum de Combe Noire;Nature et détente;3 circuits pour une agréable balade en forêt, à 1400m d'altitude, permettant de découvrir plusieurs espèces d'arbres. Accessible aux fauteuils roulants et poussette.;;0/02/13-021c1a6b-f3b6-3399-9d3c-7722d0c1db70.json
Via Allier à vélo - Étape 03 - Le Veurdre > Moulins;Sports et activités outdoor;Votre aventure sur la véloroute de la Via Allier se poursuit le long de cet affluent considéré comme l’une des dernières grandes rivières sauvages d’Europe de l’Ouest.;;0/02/13-0223f7bf-d4c7-3498-927c-8066f1e51adf.json
Espace ludique - zone débutant;Autres points d'intérêt;Pour les plus petits  ou pour les plus grands qui souhaitent découvrir la neige et le ski en s'amusant, Giron 1000 dispose de pistes de luges, ainsi que des jardins ludiques disposant d'agrées d'entraînement en accès libre !;;0/02/13-02244aeb-8a2d-38ca-80fe-02d49ffbd2f7.json
Chapelle Saint Joseph le Grand Biollay;Culture et patrimoine;Décoration intérieur récemment rénovée. Style pictural fin XIXéme siècle.;;0/02/13-0228d6ca-dfea-3bf1-b0d0-a886bf96f03c.json
Toqués du Bocal;Autres points d'intérêt;De l’assiette au bocal, il n’y a qu’un pas et c’est dans cette démarche qualitative que depuis 5 ans sont confectionnés nos bocaux.;;0/02/13-0229783d-52a5-3a56-8e38-142a62e51a2a.json
Le BH;Autres points d'intérêt;Bar-café, bar à vins, tabac. PMU, FDJ. Terrasse.;;0/02/13-022a85b6-2529-33e6-9f39-832ee24a4f51.json
Tacos' Land;Autres points d'intérêt;Ce fast-food vous propose un large choix de kebabs, tacos, paninis, burgers...;;0/02/13-022b2d75-630c-3d7e-9784-9ad163102286.json
Ruines du château de Miremont;Culture et patrimoine;Le château de Miremont est daté du 11ème siècle. Trois famille s'y sont succédé, la maison de Miremont-Mauriac, la maison de Saint-Exupéry et la maison de Bourbon-Malause.;;0/02/13-022b4721-1881-3fae-aa43-7eea8ff3c376.json
Espace d'art contemporain les Roches;Shopping et artisanat;Découvrez les artistes Arlette et Simon à travers la visite de leur galerie ou encore en participant à un stage de céramique dans leur atelier.;;0/02/13-022c3841-da6c-3490-b38c-bdf279301ddb.json
Circuit Etapes Savoureuses ardéchoises;Nature et détente;Un séjour gourmand ponctué d'étapes savoureuses pour découvrir la gastronomie ardéchoise, ses produits, ses hommes et femmes d'exception.;;0/02/13-022e6234-4c65-3e23-9938-f31ac9ec9bbb.json
Meublé L'Arcadia - Appartement haut standing;Autres points d'intérêt;Appartement haut standing clair et spacieux situé en plein centre-ville, avec balcon privé dont la vue donne sur l'élégant boulevard de Courtais et le château des ducs de Bourbon.;;0/02/13-022ee450-c387-3f01-90ed-29c195b46de2.json
Le circuit des lacs des Menuires;Nature et détente;Après une montée en zigzags en face des Menuires, vous ferez un détour par le Teurre pour profiter d'un très beau point de vue sur la vallée des Belleville. Ensuite le sentier suit un itinéraire très agréable, passant en douceur d'un lac à l'autre.;;0/02/13-022f96f4-e239-34e4-8393-4dd8d16b684c.json
Le Restaurant - Castel, 1904;Restauration et gastronomie;Le Restaurant Castel 1904 vous propose une cuisine d'idées sages et gourmandes. Plus de 120 ans d’existence dans les Combrailles nous ont forgé notre expérience et notre notoriété.;;0/02/13-022f9b97-fc96-34ae-a494-a046752e8e61.json
Auvergne Parachutisme;Autres points d'intérêt;Saut en parachute en tandem depuis l'aérodrome de Montbeugny. Pour Moulins en 2025 nous proposons : le 21/22 juin et le 4/5 octobre. Sinon les bons cadeaux sont valides sur toutes les zones que nous proposons sur notre site internet.;;0/02/13-0231bcb4-ad8c-3514-963f-52689dc3e000.json
L'Auberge en Ruynes;Hébergement;Frédéric vous accueille en plein centre village pour une pause repas dans la bonne humeur.;;0/02/13-02331683-2e72-32ba-8db5-9d6bf247e718.json
Auvergne Parachutisme;Autres points d'intérêt;Leader du saut en Tandem dans la région Auvergne ! Nous vous donnons rendez-vous dans le ciel du Livradois-Forez, une autre façon de découvrir la région ! Des sensations incomparables au cœur des Monts d'Auvergne en vue de la chaîne des Puys.;;0/02/13-02331ab1-8e58-3546-b467-5ce4428cfc2c.json
VVF Villages Les Estables;Autres points d'intérêt;Village vacances au coeur des Estables équipé d'une piscine, d'un restaurant et un bar. ACCUEIL EN GESTION LOCATIVE cet hiver;;0/02/13-02393de2-ca7c-30ba-8a5c-35faf3b47e00.json
Terrain Multisports;Autres points d'intérêt;Un terrain multisports est à votre disposition à côté du camping et du terrain de tennis, en libre accès pour une partie de foot, basket, handball, ...;;0/02/13-02394dae-0d72-36ee-a399-6476b85a5f78.json
Bar L'Atmosphère;Restauration et gastronomie;Nous serions ravis de passer un moment avec vous autour d'un verre !;;0/02/13-02399ec6-d9d1-3396-ac11-4362743c9231.json
Étang de Sault - VIDANGE TEMPORAIRE EN COURS;Nature et détente;"Étang offrant un large panel d’activités aux portes de Montluçon. Pêche, aire pique-nique, balade, parcours santé, sports nautiques, camping avec aire camping-cars et 3 restaurants.
VIDANGE JUSQU'À 2027 (sports d'eau interrompus durant cette période).";;0/02/13-0239a0fa-6569-3d3e-a82e-8ea3db4fc665.json
Le refuge de Florimont;Autres points d'intérêt;Un restaurant atypique offrant des produits du terroir et des spécialités locales, dans un cadre idyllique avec une vue imprenable.;;0/02/13-023a2e34-97b6-314e-9a26-7ba2fc6f3e7d.json
Hameau de Treydon;Autres points d'intérêt;Petit Hameau au creux d'une combe où l'on trouve encore d'anciennes fermes savoyardes, un verger, un bassin et une petite chapelle.;;0/02/13-023bfc4a-c214-3add-ba6a-2d855b8dc60c.json
L'Angle des Saveurs;Autres points d'intérêt;Dans un cadre chaleureux et élégant, venez déguster la cuisine traditionnelle créative et savoureuse de Mickaël Rassineux qui a fait ses armes auprès de grands chefs étoilés,Georges Blanc et Philippe Gauvreau.;;0/02/13-023d9bda-5849-312f-a34a-39024621ec76.json
Etang Touristique d'Ambérieux d'Azergues;Nature et détente;Un lieu idéal pour s'initier à la pêche !;;0/02/13-023e4473-dbf7-3466-af2d-8cc59f7f2b43.json
Bureau de la Montagne de Gresse;Nature et détente;Decouvrezl les plus belles randonnée dans un paysage authentique riche en patrimoine naturel et historique avec  votre guide passionné(e) experimenté(e);;0/02/13-0240ae8b-2969-3829-b1d6-7ff8f77865c0.json
Brasserie du Mont Blanc;Restauration et gastronomie;Dans une ambiance conviviale et décontractée, une déco alliant la modernité et la chaleur du vieux bois, toute l’équipe de la Brasserie du Mont Blanc vous accueille. Carte façon brasserie, ici les mets sont «fait maison» avec des produits frais.;;0/02/13-02410847-e3da-3cc0-a3c4-889f1abaf025.json
Auberge de Préjeurin;Hébergement;L'auberge de Préjeurin vous accueille uniquement sur réservation pour un minimum de 40 personnes.;;0/02/13-0241dfa2-33cc-3782-bccb-51dadba17fe4.json
Hammam'Arts et Spa;Autres points d'intérêt;Été comme hiver au village de Génissieux, 400 m² en intérieur et 400 m² en extérieur. Pour votre bien-être, des installations spacieuses : hammam, sauna, bains à remous chauffé, solarium, douche écossaise et nombreux soins dans une ambiance chaleureuse.;;0/02/13-0242322f-a30e-3941-b15b-3b682bfe7efe.json
Mob Hotel Bar;Hébergement;Le bar de MOB HOTEL propose une large carte de cocktails classiques, de créations et une sélection de jus, softs et bières majoritairement bio.;;0/02/13-0242b218-78cd-3fed-82d2-478b98a201a5.json
Itinéraire ski de fond Giron - Combe à la Manche;Sports et activités outdoor;Une belle boucle, principalement en forêt idéale pour les débutants.;;0/02/13-02458c85-611e-3dcc-8d45-5573bb53c897.json
Aux gens bons;Autres points d'intérêt;"Aménagé dans une ancienne école, notre établissement est un bar - restaurant qui propose une cuisine maison, élaborée à partir de produits locaux.
Vendredi midi et soir, venez déguster nos pizzas maison sur place ou à emporter.";;0/02/13-0246ad8d-388d-32bd-9cab-ef01e057b1a7.json
Evolution 2 Thonon  - Lac Léman;Nature et détente;Sur notre base de rafting à Thonon-les-Bains, réservez et pratiquez le raft, l'hydrospeed et le packraft sur la Dranse.;;0/02/13-0246d554-50e1-39a4-9f1e-cf7e27db2205.json
Vincent moniteur de VTT;Sports et activités outdoor;Découvrez Vincent, moniteur diplômé d'État en VTT et ski alpin, ainsi qu'entraîneur en saut à ski. Passionné de montagne, il vous guide avec expertise à travers les plus beaux parcours de Passy, pour des aventures sportives inoubliables en toute sécurité.;;0/02/13-0248df00-80f3-3301-b614-5648be718661.json
Camping-caravaneige Les Mélèzes **;Hébergement;Le camping Les Mélèzes dispose de 43 emplacements délimités, plats et ombragés dans un site verdoyant, bordé par la rivière du Doron. Réception et bloc sanitaire, avec lave-linge et sèche-linge (payants).;;0/02/13-02493108-317f-35e0-8e30-f0ea0c85b368.json
Lara Fabian;Autres points d'intérêt;Avec plus de 20 millions d'albums vendus dans le monde, Lara Fabian, emblème de la chanson revient en tournée pour une série de concerts inédits !;;0/02/13-024a4665-bdb5-3f32-8273-95aea3b0ed55.json
Patrick Gabarrou - Accompagnateur et guide de haute montagne;Nature et détente;Guide de haute montagne et alpiniste de renommée internationale, Patrick Gabarrou a réalisé plus de 300 « premières » dans les Alpes et sur les montagnes du monde. Alpiniste, guide de haute-montagne et conférencier.;;0/02/13-024ffcbe-ae2d-3461-a866-a5b776a5db46.json
Ho'Fourneaux Snack Traiteur;Restauration et gastronomie;"Bienvenue à Ho' fourneaux ! Snack traiteur, sandwicherie, rôtisserie, traiteur, vos plats locaux à emporter.
90% de produits maison : Saucisse (diots / chipo), plats du jour, poulet rôti, pain'ino, gaufres, bière locale .";;0/02/13-0251518b-5b7a-3c5f-b8f2-95a5584841b5.json
9 - Le tour des lacs retour par la Combe de l'Aiguille Noire - Itinéraire de VTT / VTTAE;Sports et activités outdoor;Ce circuit constitue une variante technique de la balade des 3 lacs, l'incontournable de Valloire. Descendez au pied de l'Aiguille Noire et admirez les chalets d'alpages que vous croiserez lors de votre retour.;;0/02/13-02527515-c521-3c48-a95d-fd2bb81b3842.json
59ème Festival de Musique en Bourbonnais : Quatuor Caliente;Spectacles et événements;"Michel BERRIER, violon
Éric CHALAN, contrebasse
Cédric LOREL, piano
Lisandre DONOSO, bandonéon.";;0/02/13-02539822-fd52-33fe-b315-72c88ae402df.json
Parcours VTT 50 vert - Tour des Lésines - Espace FFC Ain Forestière;Sports et activités outdoor;Circuit adapté aux débutants, au départ du complexe sportif Boost Center à Plateau d'Hauteville. Il surplombe l'étang des Lésines et le marais de Vaux.;;0/02/13-02552e61-7275-3407-916d-26276f2dfb4f.json
DaVinci Club;Autres points d'intérêt;Venir au « Da Vinci Club », c’est s’extirper du tumulte urbain pour plonger dans un bain de jouvence. Une fois à l'intérieur, vous serez envoûtés par le charme d’une atmosphère dépaysante et feutrée.;;0/02/13-02558d20-c957-3aeb-bcd4-2e84bedaf667.json
Teleski Nautique - Exo01 La Réna;Autres points d'intérêt;Exo01 La Rena, situé aux portes de Bourg en bresse vous accueil d'avril à octobre pour découvrir les joies de la glisse en téléski nautique ou en bateau! Vous pourrez aussi vous restaurer, boire un verre ou simplement profiter de la terrasse ombragée!;;0/02/13-025765fe-28ed-3a16-96aa-1d9611f6308e.json
Première Classe Annemasse - Ville-la-Grand;Autres points d'intérêt;L’hôtel Première Classe Annemasse Ville La Grand, situé à la porte de la Suisse, avec ses 80 chambres climatisées est le lieu de d’étape idéal au carrefour de l’Europe. Avec un parking gratuit et wifi gratuit. Hôtel rénové en 2020.;;0/02/13-0257bc9c-0ee6-30bf-a6ec-dc2fd91a5135.json
Gîte d'étape | La Retirade;Hébergement;Bienvenue chez vous ! Ce gîte d'étape et gîte de groupe créé en 2007 dans une ancienne ferme traditionnelle dispose de tout le confort pour vous accueillir.;;0/02/13-025828bf-b875-3cf5-a466-c9535d379c1a.json
Le Carré des Maîtres;Autres points d'intérêt;Cuisine traditionnelle;;0/02/13-02591d97-166c-3987-ba27-8f28c930dcd3.json
Marché paysan;Spectacles et événements;"Le Marché paysan est un rdv convivial, un vendredi sur deux, toute l'année.
• Trouver des produits sains & locaux d’agriculture paysanne.
• Découvrir les pratiques des producteurs & productrices.
• Savoir ce qui se passe dans le coin & échanger des infos…";;0/02/13-02599ddd-acc5-36b0-a09f-7ea4e68df375.json
Mont-Blanc Hélicoptères;Autres points d'intérêt;"Séminaires, transfert, vol panoramique, gastronomique, déjeuner d'affaires ou de presse, opération de communication, opération ""incentive"", lancement de produit : nous nous mobilisons pour rendre vos déplacements plus confortables et plus rapides.";;0/02/13-025a96db-b8a3-3290-b601-a01ef384c05e.json
Eglise de Boussoulet;Culture et patrimoine;Ouverte toute l'année de 9h à 19h.;;0/02/13-025b2f28-33dc-3a64-ada7-1fed9546f042.json
L'Elephant;Autres points d'intérêt;"L'éléphant vous propose une cuisine entièrement ""fait maison"". Pizzas, burgers, salades,  viandes et planches à partager ! 
Pour accompagner votre repas ou votre apéro, profitez d'une large sélection de bières et d'alcools.";;0/02/13-025bca23-782e-3478-9228-2127ebc0daa2.json
PR 15 : Circuit de nature Marigny;Nature et détente;Ce circuit est une balade au départ de l’église, classée Monument Historique et continuant ensuite le long des haies bocagères dans un territoire d’élevage, de cultures, empreint de belles pierres et d’histoire.;;0/02/13-025c5850-1ef3-31a3-9ac1-9553801cd6d5.json
Centre Charles Marchisio;Autres points d'intérêt;Situé à 1000m d'altitude, à 6 km du Chambon-sur-Lignon, le centre Charles Marchisio offre un cadre idéal pour la détente et les activités de pleine nature pour  accueillir des enfants en séjours scolaires et en centre de vacances.;;0/02/13-025d5a26-ba2d-353a-9296-eea932856226.json
L’Arbre en Chambaran;Nature et détente;Autour de l'étang de Dionay, ce sentier vous fera découvrir la forêt de Chambaran le long d'un parcours de 1,6 km équipé de 8 panneaux différents expliquant les nombreuses facettes de cet espace.;;0/02/13-025d5dcf-6672-3592-a16f-4533d4249bd8.json
Ain's Temps Loisirs : boutique de produits locaux aux Plans d'Hotonnes;Shopping et artisanat;Découvrez la boutique éco-responsable proposée par Ain's Temps Loisirs au cœur des Plans d’Hotonnes sur le Plateau de Retord.;;0/02/13-025e2cde-4f51-3d5b-a867-dc7fd1c3a3eb.json
Aérodrome de Morestel;Autres points d'intérêt;"Vols découvertes et école de Pilotage ULM, planeur, avion, brevet d’initiation aéronautique. Piste de 800m - Aérodrome ouvert à la C.A.P. - 100 LL + 95 98 Station Marché
Restrictions : consulter la carte V.A.C.";;0/02/13-025e2ee3-8b36-324b-8fdc-41ea8e290222.json
Le Platinium;Autres points d'intérêt;"En famille ou entre amis, Platinium 2 vous accueille dans son vaste espace comprenant 10 pistes homologuées avec pointage informatique.Vous y disposerez également d'un bar lounge proposant des formules snack ainsi que les Planches ""Apéro""!";;0/02/13-025ee318-9671-3cc2-ab83-23bb8689ab3b.json
Marché local;Spectacles et événements;"Tous produits ; entre 30 et 50 exposants.";;0/02/13-026003d0-f657-3b29-a29c-6aba545c0959.json
Marché mensuel;Spectacles et événements;Venez découvrir et partager dans ce cadre convivial des produits locaux ou régionaux de nos producteurs et artisans.;;0/02/13-02609080-2c8f-38e6-b974-224c47f9e520.json
Du Jardin à L'Assiette;Nature et détente;"Restaurant bistronomique, ""Du Jardin à l'Assiette"" vous emmène en voyage au cœur de la Drôme et de l’Ardèche gourmandes. Cuisine « maison » de produits frais, vins locaux, ambiance cosy : laissez-vous charmer !";;0/02/13-0261cf96-c2ea-34ca-8a52-8403f33e3399.json
Ninkasi;Autres points d'intérêt;Profitez d'un bon moment autour d'une Bière chez Ninkasi;;0/02/13-0264fecf-23d8-3995-9b79-376b50c998c9.json
Téléski des Poireaux;Autres points d'intérêt;A_GENERER_VIA_IA;;0/02/13-02650836-154c-3cd4-8dda-cd509daa77e4.json
Restaurant le Batapi;Restauration et gastronomie;Nous vous proposons des pizzas artisanales (pates longues fermentation). Nous utilisons des produits de qualités importés directement d'Italie. Burgers maison et cuisine de terroir,  bières belges d'exceptions et glaces Bio locales.;;0/02/13-026643c4-897f-3b58-8ccb-ce8170352be8.json
Marchés du centre ville;Autres points d'intérêt;Marché de produits manufacturés, producteurs, fruits & légumes, alimentaire, bazar…;;0/02/13-02670434-e738-38ed-8e45-ae960402372f.json
Église Saint-Martin;Culture et patrimoine;Visite libre. Le transept, la nef et les bas-côtés de cet édifice datent du XIIe siècle et l'abside du XIVe siècle.;;0/02/13-026e0b4d-3293-3b54-a366-401344f4751c.json
Compagnie des Guides des Aravis en Eté;Autres points d'intérêt;La Compagnie des Guides des Aravis vous accompagne toute l'année, pour organiser vos activités de montagne.;;0/02/13-026e5a79-710b-389f-abe4-5c5fb4d7ae02.json
Hameau de La Gurraz;Autres points d'intérêt;En prenant la route de Val d’Isère ou de Tignes, vous apercevrez le hameau de La Gurraz. Vous pourrez admirer le charme de ce village montagnard, réputé pour son clocher au pied d’un glacier, et qui a su conserver toute son authenticité au fil des années.;;0/02/13-026f590e-3b86-3d28-be76-8f6f3681074e.json
Marché à la ferme de Flachat;Spectacles et événements;Le marché se déroule avec divers producteurs & artisans selon les saisons : légumes de la ferme,  pain bio, viande bovine, fromages de chèvre, spiruline, miel, plantes aromatiques et médicinales, biscuits, confitures, fruits, jus de fruits, vins, ...;;0/02/13-027152bf-2214-3e95-b1a0-3d47357a22ca.json
The Wine Factory;Autres points d'intérêt;"Bar à vin aux Houches. Propose plusieurs variétés de vins mais aussi d'autres boissons tels que de la bière, des cocktails... 
Cuisine minute et plateaux fromages et charcuterie.";;0/02/13-02747ea8-fa73-3c2a-9c15-4760e47c2eb5.json
Marché;Spectacles et événements;Marché hebdomadaire avec des producteurs locaux de produits régionaux.;;0/02/13-02748fa9-6350-310e-b6d6-009fcc3d7be5.json
Piste rouge d'Apremont - Circuit raquettes;Nature et détente;Venez découvrir les alentours d'Apremont, entre nature et silence, seul ou en famille !;;0/02/13-0276e58c-8b06-3067-a94d-ccebc97fc007.json
Stade du Soleil;Autres points d'intérêt;A_GENERER_VIA_IA;;0/02/13-0277a564-9348-3475-a5c9-809a187bb901.json
Restaurant au gîte  les Arias;Hébergement;Cette ancienne bergerie vous accueille le temps d'une halte dans sa salle voûtée ou sur la terrasse ombragée. Nathalie & Eric vous propose une cuisine familiale et tous les dimanche, sur réservation les spécialités, de l'Oisans : farcis ou creusets.;;0/02/13-0278bd74-5ebd-3df2-8661-ddcaba0a61c7.json
Elisabeth Santini - Révélatrice de talents;Autres points d'intérêt;Inventer sa vie professionnelle en écoutant son cœur, c'est ce que je vous propose !;;0/02/13-027ba6c9-d4a4-3ae2-b49b-f53d835c5b09.json
Gite La Randonnée;Hébergement;Gîte de groupe indépendant, ancien hôtel restaurant au centre d'un petit village de chaumières entre massifs du Meygal et du Mézenc.;;0/02/13-027e40f0-55f3-3d50-9e55-d0b67a9fa8aa.json
Piste verte : Circuit du Molliet;Nature et détente;A_GENERER_VIA_IA;;0/02/13-027e8734-2f12-3c97-97b4-ba20fcc160c1.json
Tour de Chamaret;Autres points d'intérêt;"Dernier témoin de la forteresse féodale primitive bâtie entre le 12ème et le 14ème siècle, la Tour (ancien donjon) offre aujourd'hui une vue remarquable sur le paysage environnant. 
Des expositions y sont présentées chaque été.";;0/02/13-0280c6a2-07dc-3aaf-831f-6f9efd56c60c.json
Via Fluvia - Yssingeaux - Raucoules;Autres points d'intérêt;"Totalité du parcours 20,5 km – dénivelé positif cumulé 277m, dénivelé négatif cumulé 250m

DÉPART :
- À Yssingeaux, parking de l’Antreuil, Gare Routière
- À  Raucoules, Gare d’Oumey, parking de la Gare";;0/02/13-0281ad85-b6ac-34a4-b874-b17925729916.json
Camping Arc en Ciel;Hébergement;À 10 mn du célèbre Pont-d'Arc de Vallon-Pont-d'Arc, notre camping 3 étoiles Arc en Ciel vous accueille dans un cadre idyllique. Au cœur d’une nature sauvage préservée, vous profiterez de la splendeur de paysages exceptionnels et de villages authentiques.;;0/02/13-02821e76-e61d-3568-8d7f-39c032ba5fb8.json
Le Calibert fait sa rentrée;Autres points d'intérêt;"Septembre résonne avec ""rentrée et rendez-vous"" avec la présentation de la saison culturelle du Calibert. Petite restauration à 19h.";;0/02/13-0282b130-1fad-3dfa-838f-f1f179ceeda8.json
Hôtel-Restaurant Auberge Le Collet;Hébergement;Hôtel et restaurant à 1 km de La Chapelle en Vercors. 6 chambres spacieuses tout confort pouvant accueillir de 2 à 5 personnes, TV, wifi gratuit. Cuisine créative aux couleurs locales «fait maison», avec des produits bruts de qualité.;;0/02/13-02844d7e-2137-3731-bc13-f13a96759e5a.json
PoMo Hôtel & Restaurant;Hébergement;Le PoMo Hôtel & Restaurant bénéficie d'un splendide panorama montagneux, situé à l'entrée des axes routiers qui mènent aux stations de l'Isère, et à proximité d'Alpexpo. 67 chambres, restaurant, salle de séminaires, parking , piscine extérieure, wifi.;;0/02/13-02860bf4-1323-375d-9078-5af07be0e4fc.json
KMV - Le kilomètre Vertical des monts d'Ain;Autres points d'intérêt;Les amateurs de dénivelé on a ce qu’il vous faut ! Vous voulez améliorer votre vitesse ascensionnelle, vous perfectionner dans l'usage des bâtons et améliorer votre technique en montée et en descente ? Ce kilomètre vertical est fait pour vous !;;0/02/13-02876a0d-c778-3184-bd7b-e77c4e8f8bd7.json
Festival Bach en Combrailles - Nocturne, Nathan Gaillard, viole de gambe;Spectacles et événements;Pour les plus courageux, à l'issue du récital d'orgue, un concert aux bougies et dans le calme de la petite église de Landogne - à quelques minutes de Pontaumur !;;0/02/13-0289e10b-624e-3a9a-b997-9aae5c9d0795.json
"Auberge ""L'Arbre à pain""";Hébergement;Petit restaurant entouré de nature et châtaigniers proposant une cuisine fusion français - espagnol basée sur les produits du terroir.;;0/02/13-028b427f-bcee-3139-86ed-8b1a6b237aa5.json
Gîte Les Plessers;Hébergement;"Proche de la forêt de Tronçais, cette ancienne ferme possède une terrasse avec vue panoramique sur la campagne et d'un jardin. Dans une ambiance ""maison de famille"", la propriétaire a apporté un soin particulier à la décoration, avec mobilier ancien.";;0/02/13-028d02ad-669f-3c10-a786-45150f10edcd.json
Les Gnolus - Bibost, c'est féérique !;Autres points d'intérêt;Découvrez les Monts du Lyonnais grâce à une expérience ludique et gratuite de géocaching ! A Bibost, partez à la chasse de Kloche, spécialiste des contes et légendes. Elle vous fera découvrir l'histoire du village.;;0/02/13-028d9512-262e-3529-89ea-82f2b674345d.json
L’Arly aval;Autres points d'intérêt;Rivière puissante et tumultueuse, l'Arly vous émerveillera par ses ombres communs et ses truites de belles tailles.;;0/02/13-029397a7-bbea-3ff7-adaa-3e0644f683fa.json
Eglise de Chambon-sur-Lac;Culture et patrimoine;L'église de Chambon-sur-Lac est un petit édifice roman de la fin du XIIème siècle, début du XIIIème siècle. Elle a été plusieurs fois remaniée.;;0/02/13-029448ed-1e2b-3b29-8d68-4aea4719f82c.json
Circuit enduro N°3 Les cratères;Nature et détente;Entre VTT de descente et cross-country, l’enduro vous propose de belles descentes, qui sont le fruit de la montée, sans le bruit, ni le CO2 et surtout des sensations fortes pour les amateurs de sports nature !;;0/02/13-02944f6f-5a95-3f46-b4f5-dbedce413941.json
Archives et Patrimoine site de Romans;Culture et patrimoine;Tout au long de l’année, sur réservation, les Archives proposent des conférences, des visites et des ateliers pédagogiques. Pour le public individuel, les groupes adultes ou scolaires, ou lors d’événements exceptionnels (Journées du Patrimoine notamment).;;0/02/13-0294afaa-80c4-30c4-a3f3-36e1da9d2e96.json
PÉPIT - Ouvrez les portes de la mine;Autres points d'intérêt;PÉPIT est une chasse aux trésors qui se pratique en extérieur. L'objectif ? Parcourir les mondes des Zoom en accomplissant les missions qu'ils vous confient. Décelez les richesses du patrimoine, tout en vous amusant ! Application mobile 100% gratuite !;;0/02/13-0295a548-19cc-31b0-bb1e-b8fbaa65c4bf.json
Morestel, cité des peintres;Autres points d'intérêt;Découvrez les ruelles pittoresques de la vieille ville en suivant le parcours patrimonial le long de la rue François-Auguste Ravier. De l'église St Symphorien à la Tour Médiévale, l'histoire Morestelloise s'offre à vous...Suivez le guide !;;0/02/13-02965569-e4cf-387b-a51f-cccdebb01527.json
Brasserie Midi Minuit;Restauration et gastronomie;"Institution lyonnaise depuis les années 60, cette taverne est plus connue sous le nom de ""Midi-Minuit"". Une équipe souriante et conviviale vous reçoit dans un cadre mêlant tradition et modernité.";;0/02/13-02976b36-9fe5-3159-90bd-8e4a206c13cc.json
Gîte O Petit Séchoir;Hébergement;A proximité du lac de Romagnieu, de la Via Rhôna et du chemin de Compostelle, une chambre d'hôte et une chambre pour groupe dans une ferme rénovée avec goût.;;0/02/13-0298ef47-1279-31dc-980a-48cedf6bc3ec.json
Itinéraire ski de fond Giron - Les Mousserons;Sports et activités outdoor;Une petite boucle dans la prairie gironnaise, idéale pour les débutants.;;0/02/13-029a49b2-721c-3dd0-aacb-d7de83a858fa.json
Vos échappées cyclo : véloroute Albertville - Faverges;Autres points d'intérêt;Construite sur l'ancienne voie ferrée, la piste cyclable est calme, très accessible et offre un paysage admirable.Ce circuit emprunte en partie le réseau routier entre Albertville et Ugine : partez d'Ugine si vous souhaitez rester entre cyclistes.;;0/02/13-029cae5d-0a43-3f0e-8ebf-20714ecf0015.json
Montfalcon - Piste noire de ski nordique;Sports et activités outdoor;Circuit de ski de fond Montfalcon, au départ du site nordique de la Praille, d'une distance de 15km;;0/02/13-029d7d98-88e8-3aee-b489-8ef930ff90cd.json
Agrivap, les trains de la découverte;Autres points d'intérêt;Embarquez pour une journée inoubliable. Traditions, patrimoine culturel, paysages multiples, la balade s’annonce enrichissante.;;0/02/13-029da5a0-4be0-3b3a-8ccd-eeb72049002b.json
Le Chamois d'Or;Autres points d'intérêt;Cuisine raffinée et gourmande pour toutes les envies, élaborée à partir d'ingrédients frais et locaux. Magnifique terrasse qui offre un cadre idéal pour se détendre et se régaler. Au pied des pistes, proche du DMC, de l’école de ski des Grandes Rousses.;;0/02/13-029e0471-1d79-3894-98a4-87ead2e7d8d9.json
Court de Tennis;Sports et activités outdoor;1 court de tennis à disposition de chacun, espace en libre accès;;0/02/13-029e9432-4ab9-338e-8619-632a65c81bca.json
La Fontaine des Lys;Autres points d'intérêt;Restaurant pour les groupes. Restauration avec cuisine végétarienne ou normale, légumes du jardin.Tout repas d'entreprise de groupe ou événementiels jusqu'à 50 personnes . Sur réservation;;0/02/13-029fae17-e460-3674-bc66-082cd4130a36.json
Parcours canoé-kayak sur la rivière Allier;Sports et activités outdoor;Descendre la rivière Allier;;0/02/13-02a484b2-5f47-34f4-9e87-5643e7c178ef.json
Église Saint-Pierre;Culture et patrimoine;Visite libre. L'église de Bost est un petit trésor de l'art roman de notre région.;;0/02/13-02a5e905-6f72-30f3-a464-1553c6ea4d6a.json
Maison des Chanoines;Autres points d'intérêt;Bien qu’elle soit discrète face à l’imposant pignon de sa voisine, cette demeure nommée « Maison des Chanoines » est l'un des derniers témoins rappelant l’époque où le cœur de Cusset était un centre religieux important.;;0/02/13-02a68837-b0a9-32ed-b65b-ab0efdf0689b.json
Rochexpo - Parc des Expositions;Nature et détente;"Une nouvelle halle multifonctions et modulable !  
Après 18 mois et 150 000 heures d’un travail acharné, près de 30 corps de métier auront permis à la nouvelle Halle multifonction de Rochexpo d’émerger le 18/02/2022.";;0/02/13-02a8e4c9-b593-3283-a313-099d885207b2.json
Terrain de pétanque;Autres points d'intérêt;A_GENERER_VIA_IA;;0/02/13-02adc571-f9f5-3434-a3cf-365692e59f09.json
Le Levant;Autres points d'intérêt;A 12 km de Lyon, entre campagne et métropole, ce restaurant vous séduira par sa cuisine inspirée des produits du marché. Durant l'été, le restaurant s'étend en terrasse au bord de la piscine.;;0/02/13-02b18897-65e8-33e2-a6e9-6ddc25c76c4a.json
Qrealis - Animations et evénementiel;Autres points d'intérêt;"Des activités pour toute la famille !
Animations et événementiels : lasergame, archerytag, escape game...
Votre partenaire loisirs... pour groupes et particuliers... sur place ou en itinérant...";;0/02/13-02b3f16e-a945-31c2-90ce-49d5cfd6a466.json
Mémé Confiture;Autres points d'intérêt;La Crêperie Mémé Confiture est Située dans le Vieux Village;;0/02/13-02b4cdd2-82ef-3ced-8f84-76bf3f67388a.json
La Grenouille de Marlieux;Autres points d'intérêt;Cuisine du terroir et traditionnelle. Le chef André mettra toute son expérience pour vous faire découvrir ses recettes de poulet à la crème ou les fameuses cuisses de grenouille sans oublier le poisson de la Dombes.;;0/02/13-02b76f3a-c32c-35bf-beb5-f098eacdab54.json
Restauration rapide : Pat à Pain;Autres points d'intérêt;Sandwiches, pizzas, fougasses, salades... à déguster au sein de formules, accompagnés de pâtisseries ou viennoiseries, sur place ou à emporter.;;0/02/13-02bca55b-2d72-32b5-ba5c-182fa0139e5b.json
Le Bistrot des 4 Chapeaux;Restauration et gastronomie;Le Bistrot des 4 Chapeaux propose des recettes familiales à base de mijotés, la cuisine de nos grand-mères.;;0/02/13-02bf7861-8f34-3050-8dfa-3ee48a2b3f88.json
"Eco musée des Cours - Musée rural ""Alice""";Culture et patrimoine;Petit musée rural installé dans la grange d'une ancienne ferme de montagne où sont exposés tous les outils agricoles, les ustensiles quotidiens, le mobilier et l'exposition de cet été. Un incontournable pour comprendre la vie d'autrefois !;;0/02/13-02bf9186-8437-37a5-ad3c-c512347d397a.json
Montaulieu;Autres points d'intérêt;Ce petit village de Haute Provence bénéficie d'une situation très ensoleillée et d'un environnement enchanteur qui a attiré de nombreux artistes et amoureux de cette nature sauvage. Culture d'oliviers, abricotiers, lavande, tilleuls, ...;;0/02/13-02c0a2b0-78d3-3564-9b31-cf86f6089172.json
Square Amadeo;Autres points d'intérêt;Parc de quartier arboré.;;0/02/13-02c20347-8f67-3951-8e60-df97fe208f15.json
Auberge Chalet du Cirque de St Même;Hébergement;Au cœur du Cirque de St Même, notre auberge sera l'occasion d'une pause gourmande dans un décor naturel privilégié. Nous vous proposons des menus élaborés au fil des saisons et une cuisine traditionnelle bio et locale dans un cadre exceptionnel.;;0/02/13-02c28595-f4e3-32a2-9de4-6b91ea524035.json
Salle des fêtes;Autres points d'intérêt;"C’est en 1951, que le projet d’une nouvelle salle des fêtes prend forme au lieu et place des bâtiments d’une ancienne tannerie.
Elle a été agrandie dans les années 90, en conservant notamment sa façade principale ouvrant sur le parc à l’ouest.";;0/02/13-02c466c2-584d-3f17-901f-e40304f8b7c1.json
Golf de La Tour de Salvagny;Sports et activités outdoor;Parcours de 27 trous dans un cadre exceptionnel. Golf de niveau international. Ecole de golf pour les enfants à partir de 6 ans, stages d'initiation;;0/02/13-02c5a321-6f7d-391c-b56e-de8e1c109d5b.json
Piste de ski de randonnée : Les Cascades;Sports et activités outdoor;La pratique du ski de randonnée sur la piste des Cascades est possible les mardis et samedis de 8h à 10h. Prévoir votre temps de montée et de descente sur cette plage horaire.;;0/02/13-02c81e21-d94e-380b-9510-2858ad48294b.json
Église Notre-Dame;Culture et patrimoine;Visite libre avec document. Cette église en grande partie gothique s'appuie cependant sur une ancienne partie romane (environ an 1000). Sa construction s'étale du XIVe au début du XVIIe siècle (MH).;;0/02/13-02cc479d-672b-30ef-9658-129c17709a6d.json
Marché local;Spectacles et événements;Marché tous les vendredis.;;0/02/13-02cdce52-e389-3c58-b6f7-0ff7f8d2b3bf.json
Marché Alimentaire et Fleurs Bayard;Spectacles et événements;Marché de produits manufacturés le jeudi et de marché de produits frais le dimanche.;;0/02/13-02cdda92-2811-3f15-b51b-dbe64ca2c339.json
Piste de luge gratuite de Gresse-en-Vercors;Sports et activités outdoor;Un espace luge gratuit situé en front de neige vous permet de venir glisser en toute sécurité.;;0/02/13-02cff5c6-4ba7-3a32-a11c-6d9ff9b55be5.json
IBowl;Autres points d'intérêt;Menus ou à la carte, le bowling vous propose différentes possibilités et formules.;;0/02/13-02d39550-7137-3df4-be3b-815a6d0e672b.json
Restaurant des Voyageurs;Restauration et gastronomie;Au coeur du petit village d'Izeron au pied du Vercors avec terrasse ombragée et parking. Une cuisine fraîche, de saison, simple et soignée.;;0/02/13-02d3c824-35d3-366f-977b-a1b1e5e36619.json
Les Délices du glacier;Autres points d'intérêt;Fabricant ardéchois, Terre Adélice est reconnu pour la qualité de ses produits et leur engagement à favoriser les filières courtes et biologiques.;;0/02/13-02d4a209-6be9-30c6-bac9-2b93b78f9379.json
Restaurant de la Roche;Restauration et gastronomie;Dans un cadre campagnard, ce restaurant d'hôtel, vous propose une cuisine traditionnelle et familiale ainsi que des plats à emporter.;;0/02/13-02d4e2ac-d64f-3eb4-ae3b-07cfa7447bc9.json
Campanile Lyon Ouest Tassin;Autres points d'intérêt;A proximité des différents lieux touristiques ainsi que des vignobles régionaux, cet hôtel vous offre toutes les garanties d'un séjour agréable.;;0/02/13-02d58e4a-3bd7-35b9-85c3-a6490b5e8b59.json
Terrains de tennis lac de la Grenouillère Recoin;Sports et activités outdoor;"Deux terrains en ""quick"" sont en libre accès à Chamrousse 1650 - Recoin, à côté du lac artificiel de la Grenouillère. 
La location de matériel est possible dans les magasins de sport de la station.";;0/02/13-02d6f2cc-1745-349e-a8d5-117879f6187a.json
Vestiges de Varennes;Autres points d'intérêt;Dans le cadre du site des vestiges de Varennes, les bénévoles de l’association s’impliquent pour rendre le patrimoine accessible à l’ensemble des publics et à le valoriser comme lieu de découverte et de rencontre.;;0/02/13-02d7fed9-34bb-35f7-b844-63fafc7b84db.json
Les Thermes de Montrond - Cure thermale;Autres points d'intérêt;Prenez soin de vous aux Thermes de Montrond-les-Bains. Dans le grand parc, à proximité du château et du casino, vous savourez votre séjour en cure thermale médicalisée. Ici, on vient pour apaiser ses maux, grâce à des experts qualifiés et attentionnés.;;0/02/13-02d842cc-6be8-372a-96a1-3e12a6bc9547.json
Les Voyageurs;Autres points d'intérêt;11 chambres (certaines avec vue sur le Puy Mary) toutes équipées d'une salle de bain avec WC, TV - LL à disposition - chaise et lit bébé - WIFI - Parc de détente - Terrasse - présence d'un bar - Restaurant - Accueil individuel et groupe.;;0/02/13-02d8d0fa-bc61-3fbf-a871-ce854306cc4f.json
Site de pêche du lac de Gayme à Picherande;Sports et activités outdoor;Le lac abrite des truites et des poissons blancs (gardons, tanches). Des empoissonnements réguliers sont prévus tout au long de la saison.;;0/02/13-02d971b9-e65e-318e-88cc-e28ee269cf69.json
Food Truck SnackFiz;Autres points d'intérêt;"Petite restauration, vente à  emporter.
Sandwichs, Paninis, Hot-dogs, Saucisses Frites, Frites, Crêpes, Glaces, Boissons Fraîches, Bières, Café.";;0/02/13-02e487b3-2b3e-31ad-923a-e0cdbe529464.json
Station climatique du Plateau d'Assy;Services et activités encadrées;Le Plateau d’Assy est un site architectural de notoriété internationale grâce à ses anciens sanatoriums. Ces bâtiments illustrent le génie technique et esthétique de l’architecture moderne du XXe siècle.;;0/02/13-02e8b3e9-77bc-3b5f-8091-d4b9a260ce57.json
La Ch'Arte Heureuse;Autres points d'intérêt;Pensée comme un campement artistique, La Clairière à la Diat devient base de vie culturelle animée par la Fabrique des petites utopies. Elle accueillera plusieurs semaines par an des artistes en résidence, des spectacles, des ateliers, des rencontres.;;0/02/13-02eb12e2-120e-3b9b-9058-fad9fb2f6ff5.json
N°03 La Crête des Serres VTTAE - Bleu;Autres points d'intérêt;"Parcours facile avec un beau point de vue sur le lac de Pierre Châtel et l'Obiou depuis la crête des Serres. Parcours n°3, balisé en bleu.
Départ : camping des Cordeliers Pierre Châtel";;0/02/13-02ebaba2-128b-3d86-8840-9f79a75e6f1f.json
L'Oriel - Salle de spectacle;Spectacles et événements;Salle de spectacles de 300 places, l'Oriel fait partie des lieux de rendez-vous incontournables de Varces et du sud de l'agglomération grenobloise.;;0/02/13-02ef26d6-8d85-386e-816a-900c3b0cfdc5.json
Coffee Shop - Slo Lyon Les Pentes;Shopping et artisanat;Bienvenue au Coffee Shop Away Hostel, sur les pentes de la Croix-Rousse ! Ouvert aux voyageurs et aux lyonnais, le coffee-shop propose des boissons chaudes, froides, pâtisseries, lunch et brunch maison dans un cadre convivial, design et confortable.;;0/02/13-02ef8608-9b4d-3f12-8fb1-9fb6f3d2afd7.json
Lac des Graves;Nature et détente;Pêche à la mouche en no kill ouvert à tout public.;;0/02/13-02efb31a-3399-3337-b918-1a881fe6311e.json
Le Pizzaiollo;Autres points d'intérêt;Pizzeria Le Pizzaiollo à Allevard;;0/02/13-02f03221-afd5-3fd3-99ae-a764098e8e01.json
Chez Panine -L'O berge de l'Anary;Autres points d'intérêt;Restaurant pizzeria au feu de bois.;;0/02/13-02f0fd42-32f7-36e5-8c93-ec48029e642c.json
Salon Grandes Ecoles de Commerce et d’Ingénieurs, Salon Santé Social et paramédical, Salon Formations artistiques et communication;Spectacles et événements;Les salons de l’Etudiant, espaces de rencontres privilégiés entre les jeunes et les principaux acteurs de l’enseignement supérieur, apportent des réponses claires et personnalisées sur les études et les métiers.;;0/02/13-02f2f681-c988-3aa6-a758-bbf4c977e300.json
Circuit N°3 Les hauts de Retournaguet - VALPARURE;Nature et détente;Au départ de l'église de Retournaguet, cette boucle vous mènera à la découverte du patrimoine de notre territoire. Châteaux, lavoirs, fontaine ferrugineuse, croix et église se laissent découvrir au fil de vos pas.;;0/02/13-02f6cafd-c194-3801-91bc-19867a7c2d86.json
Parcours gravel rouge - Les Enfants du Marais - Espace FFC Ain Forestière;Nature et détente;"Circuit balisé VTT adapté à la pratique du Gravel au départ de Belley.
Ce parcours explore les lacs, forêts et petits villages atypiques de cette partie du Bugey.
Suivre le balisage numéro 6.";;0/02/13-02fad46c-958f-33b5-95c3-b0c54ad0d5d3.json
Col de Belleroche depuis Nantua;Nature et détente;Le Col de Belleroche offre une montée facile dans un environnement de prairies de montagne et de résineux. Difficultés minimes et tranquillité assurée malgré un pourcentage maximum de 9,4%.;;0/02/13-02fad663-ccf6-3f48-b65a-784405da7a9c.json
L'Ardèche Epicurienne;Autres points d'intérêt;Balade gourmande facile et accessible à tous ! Dégustez des produits locaux, découvrez leur fabrication, explorez le paysage authentique de l'Ardèche, et partagez un moment convivial et chaleureux. Une immersion dans le terroir Ardéchois et ces produits;;0/03/13-0300f6a9-f020-31f8-9ec1-fe73a1b018cc.json
Eglise Saint André;Culture et patrimoine;Sa construction débuta en 1272. De style gothique flamboyant, assez sobre cependant, l'église est construite principalement en carrons savoyards.;;0/03/13-03016e58-f57a-3919-bf9c-a8ca376b8af3.json
Ecole de ski et Snowboard Oxygène;Sports et activités outdoor;Laissez-vous guider par notre équipe de moniteurs experts et passionnés pour découvrir ce que Megève a de plus beau à offrir. En famille ou entre amis, rejoignez les sommets pour un séjour inoubliable.;;0/03/13-030630c5-5874-34a9-b642-0965988843c0.json
Montée cyclo de Méribel Mottaret;Autres points d'intérêt;Au départ de Moutiers, l'ascension commence par 10 km tranquilles puis devient plus soutenue avant les Allues. Le Tour de France a déjà fait étape à Méribel en 1973. La montée est bornée pour les cyclogrimpeurs.;;0/03/13-0308c95f-e00b-3e70-84c2-de400d9a180d.json
Parf'Humeur;Autres points d'intérêt;Parf'Humeur vous propose un voyage des sens et de l'émotion. Venez créer votre propre parfum qui sera unique au monde ! Votre création est naturelle et vous procure du bien-être.;;0/03/13-0308f84c-aeb5-3f28-bc6e-5fbf1a561d15.json
SAISON CULTURELLE Thomas Croisière, voyage en comédie;Autres points d'intérêt;"Spectacle d’humour dans le cadre du Off du Festival du rire d’Yssingeaux.
Billetterie en ligne https://hautpaysduvelay-communaute.fr/billetterie/";;0/03/13-030e2987-23e3-3c6f-8241-0e624b6f4ee1.json
Gîte du lac;Hébergement;Situé en plein cœur de la chaîne des volcans classée au patrimoine mondial de l'UNESCO, dominant le lac de la Cassiére, venez faire une pause dans notre gîte, confortable et calme.;;0/03/13-030f4878-5701-34b6-8fec-b5dba5fbbf62.json
Plan d'eau communal;Nature et détente;Proche de la forêt de Bagnolet, la commune d'Aubigny s'est dotée d'un plan d'eau de 0,60 hectare en bordure du village où l'on peut taquiner les gardons, les carpes ou les brochets avec carte journée ou saisonnière (en Mairie).;;0/03/13-030f84ef-f2c0-3cd3-a417-0f6a2179b4b0.json
Manège de Creys Mepieu;Autres points d'intérêt;L’Association Creys Equi Nature met à votre disposition une carrière (environ 55 m x 40 m) d’excellente qualité et clôturée, ainsi que du matériel d’obstacles (chandeliers et barres), au calme, à Pusignieu (site de l’ancien caravaning).;;0/03/13-0310458d-e4fb-37bd-a9b1-6e6765aad1f7.json
Les Epicéas Maison Partagée;Autres points d'intérêt;Les Epicéas : pas un gîte traditionnel mais une «maison partagée» pour séjourner en famille, seul ou en groupe, en gestion libre. Au cœur du village, entourée d’un grand terrain. Gérée par une association. Nos mots-clés : rencontres, partage, solidarité !;;0/03/13-0310a7a9-0259-38f8-904b-75e6c0b97065.json
Le moulin de la ¨Presle - Randonnée Boucé;Sports et activités outdoor;Partez à la découverte des chemins de campagne de Boucé et de Montaigu-le-Blin.;;0/03/13-031182f5-4dd5-371b-9e97-c445cc544a22.json
Itinéraire VTT AE - D : Moraine d'Argentière;Sports et activités outdoor;"Partez à la découverte d’une partie de la piste de ski de fond d’Argentière située
dans la moraine du glacier.";;0/03/13-0311f12f-5e60-3087-a266-2def725d8a29.json
Gîte Chalet du Plaix;Hébergement;"Charmant meublé situé dans un environnement arboré et verdoyant, pour profiter du calme de notre belle campagne bourbonnaise.
Situé à 300 mètres d’altitude, il offre une vue exceptionnelle et de remarquables couchers de soleil.";;0/03/13-03142f31-8fa8-342b-975f-315c262f6ec0.json
La Grande Cour;Autres points d'intérêt;"La Grande cour, autrefois Grand Cloître de l’abbaye a été entièrement
remaniée au XVIIe siècle. Rectangulaire aujourd’hui, elle s’étend de la Procure à l’église abbatiale.";;0/03/13-0314feb9-eb67-3259-83ea-12eaf3045230.json
Chalet de la Source;Hébergement;Niché au fond d’une vallée profonde et pittoresque, à l’entrée des Gorges de l’Allier, le Chalet de la Source est une demeure de charme surplombant l’Allier.;;0/03/13-0315b0e8-30fb-34e1-98ef-8cf706d5de77.json
PHENE SAS;Autres points d'intérêt;PHENE SAS -  Adaptation au changement climatique - Bilan Carbone® - Stratégie bas carbone;;0/03/13-031b2a71-a778-323e-a523-8cbc776e39f8.json
Exposition : dessins, peintures et bois;Culture et patrimoine;"Venez découvrir une très belle exposition avec trois exposants : 
-Muriel Hamon : Dessins
-Brigitte Sanino : Peintures à huiles
-André Beaugiraud : Créations en bois";;0/03/13-031bfeee-024d-33f4-91da-f2b44b6a0d71.json
Résidence Lagrange - Les Chalets du Galibier 1;Hébergement;"Sur la route du Galibier, la résidence Les Chalets du Galibier 1 et 2 vous accueille pour des vacances de grand confort à 800 m du centre de Valloire :
piscine couverte chauffée, draps et linge de toilette fournis, salon avec cheminée.";;0/03/13-031ddc59-00aa-302b-b344-037391fa7650.json
Circuit Moto en Val de Sioule;Nature et détente;Cette boucle de près de 200 km s’adresse aux motards qui aiment prendre le temps. Virage après virage, les paysages se transforment  : vignes et rivières, châteaux et villages de caractère, prairies, collines et hauts sommets à l’horizon.;;0/03/13-031e30bd-ec31-3e65-bcbf-30d6276a3c15.json
Le Centre de Loisirs et d’Education Populaire de la Vallée d'Aulps;Autres points d'intérêt;Le Centre de Loisirs et d’Éducation Populaire de la Vallée d'Aulps est basé dans le village de La Vernaz.;;0/03/13-031ea48c-2fd3-33cd-bcbe-82cccf625c5a.json
Hôtel Trianon;Hébergement;Cet hôtel en cours de rénovation, situé au cœur du centre-ville dans une rue calme arborée et à proximité de la gare, des parcs, du Palais des congrès, de l'Opéra et des thermes.;;0/03/13-031ed844-e518-3494-a974-0e0a436de7c6.json
Bar - Restaurant La Cigogne;Restauration et gastronomie;Venez manger une cuisine familiale dans un cadre convivial en plein centre de Panissières.;;0/03/13-031f40fb-7409-39f6-9325-2fd6110eb7ad.json
Site d'escalade d'Urlande;Autres points d'intérêt;Ce site d'escalade est situé sur des falaises de roches phonolites à 860 mètres d'altitude et exposé Sud-Ouest. Il comporte 11 voies de niveau 4 à 6.;;0/03/13-03214d48-dab6-33f2-825b-fe26e30c8e2f.json
Présentation de l'orgue;Autres points d'intérêt;Près de 6400 tuyaux, une console flambant neuve qui veut presque rivaliser avec un cockpit d’avion… L’orgue de l’Auditorium livre ses mystères, raconte son histoire plus que séculaire et fait entendre ses infinies couleurs.;;0/03/13-032388fe-2668-342a-8152-bb718129df91.json
Restaurant O Wasabi Mountains 2 Alpes;Restauration et gastronomie;Nouveau aux 2 Alpes ! Cuisine Japonaise & Thai;;0/03/13-0324a552-337e-3f29-967c-7b944c33fc06.json
La Biskatcha;Autres points d'intérêt;Au cœur du village Gets, La Biskatcha vous invite à découvrir une cuisine généreuse dans une ambiance chaleureuse. Installée au sein du chalet-hôtel La Marmotte, cette brasserie de montagne / grill propose une carte variée.;;0/03/13-0326660a-77c0-3119-b430-9dced3e7d413.json
Musée de La Vie Rurale;Culture et patrimoine;"Bienvenue au Musée de la Vie Rurale
L'association de passionnés se fera un plaisir de vous accueillir et de partager leurs savoirs, aussi bien pour les curieux que les connaisseurs.";;0/03/13-03272457-4bdf-3440-9e7b-e2f598686367.json
Auberge de la Cascade du Rouget;Hébergement;Le restaurant l'auberge de la Cascade du Rouget vous accueille tout l'été pour déguster des spécialités savoyardes avec une magnifique vue sur la Cascade du Rouget.;;0/03/13-03273bc0-9d9d-3ce5-a6ee-a6f09028507d.json
Piscine Val d'Allier Comté;Sports et activités outdoor;"Implantée à Longues, la piscine Val d’Allier Comté a été pensée comme un équipement de proximité destiné à accueillir un large public venu de tout le sud de l’agglomération clermontoise.
Horaires et tarifs consultables sur www.mond-averne.fr.";;0/03/13-0328abec-0a51-39bf-8794-f3370a7b7932.json
Le bourgeois gentilhomme / Tournée Mirandolina et Cie;Autres points d'intérêt;Mirandolina et Cie vous invite à venir voir son bourgeois gentilhomme d'après Molière, dans une version Commedia dell'Arte pour les petits et les grands.  Venez redécouvrir la pièce dans un défilé d'intrigue et de chant, de personnages masqués et comiques;;0/03/13-0328d4e5-65e1-3aaf-8306-c8e196180404.json
Le Gallia;Autres points d'intérêt;Découvrez le confort et la tranquillité en plein cœur de Vichy à la Résidence LE GALLIA. Idéalement située pour les curistes et les touristes, notre résidence vous propose 40 appartements, allant du studio accueillant au deux-pièces spacieux.;;0/03/13-0329d416-288c-3ffa-9dda-c95b2126fb64.json
Connangles;Autres points d'intérêt;Située à 6 km environ de La Chaise Dieu et à 999 mètres d'altitude, ce petit village siège dans un écrin de verdure, appuyé à la forêt de Lamandie et bordée par la Senouire. Il délivra les secrets d'un vie rurale empreinte de spiritualité et de labeur.;;0/03/13-032ba10f-9f6c-30fb-89af-43a3f6744331.json
Championnat de France 2025 - Féminin - De pêche de la carpe en individuelle;Sports et activités outdoor;"La pêche au féminin ! 
Nous avons l'honneur d'accueillir le championnat de France de pêche à la carpe en individuelle féminine. Organisé par la FFPS - Carpe. 

Inscription sur le site de la FFPS carpe.";;0/03/13-03303b52-b03c-3c93-a1c7-126ad59e7dde.json
Marché de producteurs;Spectacles et événements;La place des Arcades, qui vaut à elle seule la balade, accueille le samedi matin des étals de produits locaux : de quoi ravir les gourmands.;;0/03/13-03308726-ea9c-3b05-8189-0c27bb3be83c.json
Crêperie de La Fontaine;Restauration et gastronomie;Au centre du village, bistrot avec terrasse ombre et soleil et salle de restaurant voûtée et climatisée.;;0/03/13-033450f1-0e2e-31a5-ab87-e3cdced6af48.json
Gîte de la Liberté;Hébergement;"Appartement de 50 m² pour 4 personnes à proximité du centre-ville d'Hauteville-Lompnes. 
Exposition sud, grand confort.";;0/03/13-0334eadf-d4ee-3cb9-a7d1-c9cb6b703320.json
L'Art B;Shopping et artisanat;Restaurant Savoyard traditionnel sur le domaine skiable des 3 Vallées au coeur du village authentique de St Martin de Belleville. Plats fait maison. Accès pistes direct. Bar à ambiance & live music.;;0/03/13-03376bdf-cf7d-3db8-b060-8aa155ca9bb0.json
Bibliothèque de sardieu;Culture et patrimoine;La bibliothèque de Sardieu fait partie d'un réseau comprenant 3 médiathèques (La Côte-Saint-André, Saint Siméon-de-Bressieux, Saint Jean-de-Bournay) et 24 bibliothèques municipales.;;0/03/13-0338ea89-63bc-3aa3-b00e-e3863d28223e.json
Fête de la Saint Laurent;Spectacles et événements;Nous sommes heureux de vous présenter le programme de la Saint Laurent !;;0/03/13-033a579b-2db0-3773-bce9-2bd2647cb2c8.json
Camping Moulin de Chaules;Hébergement;Camping situé aux portes de 3 départements plein d'attraits, le Cantal, le Lot et l'Aveyron.;;0/03/13-033ef23f-65e6-370e-a2df-317fda9d56b7.json
GR® de Pays - le tour du Vercors Drôme - Etape 2 de Vassieux à Font d'Urle;Autres points d'intérêt;Cette deuxième étape vous amènera sur l'alpage de Font d'Urle et vous poursuivrez la découverte de magnifiques panoramas.;;0/03/13-033f0bfa-1ed2-3f49-8543-a1002d4bc07f.json
Aqueduc romain du Gier - Le chameau;Autres points d'intérêt;L'aqueduc est ouvrage hydraulique remarquable, témoin de l'ingéniosité des Romains. Ici le canal est soutenu par un mur et des arches. La forme d'une d'entre elles lui a valu le surnom du chameau.;;0/03/13-03439136-d9c8-3437-b512-e29ff7460494.json
Circuit cyclo 80 km - L'échoppée Bières;Nature et détente;Vous aimez découvrir de nouvelles bières, des bières de microbrasseries locales ? Alors enfourchez un vélo magique et vivez votre « Echoppée Bières » …. Une boucle de 80 km à vélo  à faire en 1 ou 2 jours.;;0/03/13-0347eac8-926b-37b4-aa06-350f2a47c2f9.json
Boucherand Patrick - Accompagnateur en montagne;Nature et détente;Découvrez les magnifiques paysages de Savoie avec un accompagnateur en montagne pour des randonnées pédestres inoubliables.;;0/03/13-03488f8c-c763-3b79-88cb-87f44df23e2f.json
Le Mars Aventures;Autres points d'intérêt;Le Mars Aventures est un parc de loisirs composé de plusieurs parcours d'accrobranche, d'un Arbofilets de 400 m² (espace filets, trampolines géants, d'un Explor'Games : une activité sur tablette à la découverte du site.;;0/03/13-0349625c-dbc1-3001-9954-412751f90fb7.json
La Roche-sur-le-Buis;Autres points d'intérêt;C’est à l’est de Buis-les-Baronnies, à seulement 5Km dans une vallée tapissée de champs de vignes et d’oliviers que s’élève le village de La Roche-sur-le-Buis.;;0/03/13-034977ae-b935-3490-a14e-178e8f13293b.json
Leylam's;Autres points d'intérêt;"Snack midi et soir, sur place ou à emporter
Salades, entrecôte, bavette...assiette Kebab ou merguez, frites/salade...";;0/03/13-034a98ce-b311-31de-a1a3-f0b10e6cd744.json
Triptyque du Maître de Moulins;Autres points d'intérêt;ATTENTION ! Le Triptyque du Maître de Moulins est parti en restauration dans les ateliers du Louvre. Un facsimilé est visible sur les horaires d'ouverture de la cathédrale.;;0/03/13-0350dce2-88c9-30dd-a919-cc27966b0500.json
Breaking Food;Autres points d'intérêt;Le carrefour de la street food c’est ici ! Breaking Food offre un large choix de plats faits maison par nos petites mains, à Valence !;;0/03/13-03519363-027a-32bc-8b3d-4af247b41177.json
Camping Deneuvre;Hébergement;Camping situé dans la Réserve naturelle du Val d'Allier. Accès direct à la rivière.;;0/03/13-03546746-4d5f-3ca8-be9c-5e7aaa6c02a7.json
"Médiathèque ""L'@ncre""";Culture et patrimoine;"La nouvelle Médiathèque « L'@ncre » accueille un public de tous âges.
Elle offre un choix très divers de livres, de DVD, vous trouverez également un Espace Multimédia ou un accès au Wifi.";;0/03/13-035733de-3b50-38ca-b184-d0f2796e31a3.json
La Terrasse;Autres points d'intérêt;La cuisine inventive de Christophe marie les saveurs de l’Auvergne à celles de la Méditerranée. Les repas sont servis sur une belle terrasse ombragée par une glycine octogénaire avec vue sur la piscine et la rivière Lot ou dans la salle de restaurant.;;0/03/13-0359b610-f687-3357-91fe-89f6d1c63701.json
Terrain de tennis;Sports et activités outdoor;Terrain de tennis communal en libre accès;;0/03/13-035b8cb5-1723-3275-a8af-15d62d99aa40.json
Étang du Charrais;Nature et détente;À l'origine, réserve d'eau (un hectare) pour faire fonctionner la scierie à eau toute proche.;;0/03/13-035c46c3-f815-31dc-8035-2203d42b567a.json
High Line - Piste de descente;Autres points d'intérêt;La High Line (DH8) fait sont retour à Val Thorens pour la deuxième année consécutive ! Elle fait partie des pistes immanquables du Belleville Bike Park. Avec un départ à 2820 mètres d'altitude, vous pourrez profiter d'une magnifique vue sur le Mont Blanc.;;0/03/13-035d7d93-cec5-3d46-80a0-f52da1dab72d.json
Pizza des Lys;Autres points d'intérêt;Toutes nos pizzas et plats sont disponibles sur place et à emporter.;;0/03/13-035e0a20-b335-32b4-a203-a878d6c7c1e9.json
Gîte Les Petites Bottes;Hébergement;Les Petites Bottes est une structure inclassable ! Vous y trouverez de l’hébergement pour tous vos rassemblements, des évènements et des prestations de loisirs dans un cadre nature.;;0/03/13-035edf3c-7031-3d2e-ae1e-933cd342982a.json
Chambres d'hôte O'Lodge;Autres points d'intérêt;Cet établissement vous propose 6 chambres indépendantes et 4 lodges avec terrasses sur site arboré et paysagé de 2000 m² et un espace spa, idéal pour décompresser ! Lits faits à l'arrivée avec linges de toilette et cosmétiques. Salles de bains privées.;;0/03/13-03607906-678c-3943-8982-31ddc6948d94.json
Musée départemental de la Céramique;Culture et patrimoine;Remontez le temps, partagez d’antiques secrets et admirez la finesse des créations de l’époque dans un cadre splendide et authentique !;;0/03/13-03625c21-daca-3236-bf6a-db14d9402f53.json
Restaurant Le Globe Trotter;Restauration et gastronomie;Le Globe Trotter vous sert à toute heure : salades, burgers, spécialités savoyardes. Pour de plus amples informations, n’hésitez pas à nous contacter.;;0/03/13-0364d28a-c820-3bd6-88b0-d4616ddcd82c.json
Télésiège piétons et VTT;Sports et activités outdoor;"Le télésiège ""Charvin Express"" vous permet de découvrir les Sybelles au départ du hameau de La Chal.";;0/03/13-03665e97-b7b8-3ac8-b067-ff8210248a33.json
Itinéraire VTT n°13 L'Aqueduc du Vayron;Sports et activités outdoor;Circuit VTT enduro, entre Brioude et Vieille-Brioude où le circuit débute vraiment;;0/03/13-03668d34-a484-375f-a65c-9d7340495f40.json
Jardin Marie-Louise Jaubert;Nature et détente;Petit jardin Marie-Louise Jaubert avec son bassin de nénuphars et grenouilles. Présence de bancs et un toboggan.;;0/03/13-0367df9f-3ba8-341a-a895-4f0c1cd47622.json
Restaurant La Route Bleue;Restauration et gastronomie;"Dans une ambiance chaleureuse et moderne, l'équipe du restaurant La Route Bleue vous invite à découvrir la cuisine créative de sa cheffe et son équipe.
Élu meilleur restaurant Bistronomique de la Loire.";;0/03/13-0368a600-0772-393b-94e2-95510a76f4c3.json
Match de Hockey sur Glace - Chamonix Vs Bordeaux;Autres points d'intérêt;Match de championnat de Ligue Magnus de Hockey sur Glace;;0/03/13-036a84b6-3319-336a-9349-251cb9c61cb6.json
Bibliothèque;Culture et patrimoine;La bibliothèque vous propose un grand choix de livres adultes, ados et enfants, ainsi que les dernières nouveautés.;;0/03/13-036acb53-34fd-33ab-9f84-cd1763391489.json
Gîte le Cabri;Hébergement;Vous serez au calme dans notre gîte, et vous pourrez profiter un maximum des extérieurs et des animaux (lama, wallaby, chèvres, lapins, chevaux...).;;0/03/13-036e4db3-504b-369f-a700-448b95b7fda8.json
L'Auberge de la Bâtie;Hébergement;Cinquième génération d'agriculteurs, nous proposons sur notre ferme familiale, labellisée Agriculture Biologique depuis  plus de 20 ans, une cuisine fermière, locale et créative avec nos produits et ceux des producteurs locaux.;;0/03/13-036e9f35-5ff3-3c85-8267-4ccd10aea224.json
Charles Ganilh;Autres points d'intérêt;1758-1836. Député du Cantal de 1815 à 1823, juriste et économiste. Il est né dans cette maison, dont le rez-de-chaussée était réservé à l’exercice de l’activité notariale.;;0/03/13-036f354c-af50-3fd7-a98c-5923e5a67f34.json
Tir à l'arc;Sports et activités outdoor;Venez découvrir ou vous perfectionner au Tir à l’Arc lors d’une séance en plein air qui vous replongera dans les aventures de Robin des Bois.;;0/03/13-0371e981-bd9e-3448-ad79-5b4e141cc76d.json
Architecture moderne et passé industriel;Autres points d'intérêt;Au programme, deux sites à voir absolument autour de Saint-Etienne.;;0/03/13-0377e60e-ce8e-3442-85fd-7fe1b0805781.json
Tchaïkovski, Symphonie n° 5;Autres points d'intérêt;Avec l'incroyable Cinquième Symphonie de Tchaïkovski, la sensualité du Prélude à «L’Après-midi d’un faune» et le séduisant hommage de Strauss à son père corniste, le programme est parfait pour les débuts d’Anja Bihlmaier avec l’Orchestre national de Lyon.;;0/03/13-03782a29-878d-3863-b2f8-86e7fa369d5d.json
Ferme Robin;Autres points d'intérêt;Nous accueillons toute personne souhaitant passer quelques instants dans la maison de Marthe Robin et à l'accueil de la Ferme Robin.;;0/03/13-03784d11-95a2-38d4-9862-e72bfc6de120.json
Montpeyroux - Plus Beaux Villages de France;Autres points d'intérêt;A 20 km de Clermont-Ferrand, sur l’ancienne voie Régordane reliant Auvergne et Languedoc, cet ancien village vigneron perché sur sa butte enroule ses maisons d’arkose autour de son donjon.;;0/03/13-03791dcd-7328-3a06-a429-84812ebd076e.json
Chez Coco;Autres points d'intérêt;Appartement entièrement rénové, situé à 2 pas du centre ville, et de tous les commerces de proximité. Appartement pour 4 personnes.;;0/03/13-037f4c2e-0d92-3a9e-9102-3c770a4e17fd.json
Le Bouche à Oreille;Autres points d'intérêt;Restaurant typique lyonnais avec sa déco Guignol sympathique et amusante. Venez (re)découvrir à deux pas des Cordeliers, en centre-ville, la tradition et la convivialité à prix tout doux dans une petite salle chaleureuse. A tout à l'heure !;;0/03/13-038080a3-cdc7-37e1-8940-939a3d82c68d.json
Médiathèque d'Aime;Culture et patrimoine;La Médiathèque d'Aime vous offre l'accès à un large de choix de documents : romans, albums, beaux livres, DVD, CD,...Petits ou grands, vous trouverez forcément votre bonheur !;;0/03/13-03813acc-8695-3d4a-9c56-e3f07fc84024.json
La Réserve;Autres points d'intérêt;Bar lounge, rhumerie spécialisée en rhum agricole et bières artisanales. Cocktails classiques et création. Salon de dégustation et patio arboré.;;0/03/13-0381670b-8d16-3caf-9d36-ce3077ee3c7a.json
"Festival ""Les Perséïdes""";Spectacles et événements;Le nouveau festival Pop Rock Indé et Electro de Drôme Ardèche!;;0/03/13-0381f231-c9c2-3310-bdd6-b8dc1e487ee3.json
Camping rural Le Folastère;Hébergement;Au cœur d'une châtaigneraie centenaire, les emplacements disposés en terrasse offrent une vue imprenable ou un espace ombragé. Vous pourrez apprécier le calme et l'immersion en pleine nature de ce camping accroché à la montagne loin de toute circulation.;;0/03/13-0382fed2-adbe-3990-a200-87877d2ae70f.json
Alti Arena;Autres points d'intérêt;Le premier centre multi -activités indoor au Puy en Velay réuni des activités de 4 à 99 ans. Retrouvez sous un même toit des disciplines comme escalade, trampoline, karaoké privatif, réalité virtuelle, quiz boxing, réalité augmentée et blindtest !;;0/03/13-0383e8a4-4fe8-306d-b0fa-1f33fb20c06f.json
Village | Chanaleilles;Autres points d'intérêt;"Église  romane du XIIe,clocher peigne. 
Vierge en Majesté. Croix sculptée du XVe siècle dans le cimetière. 
 Hameaux du Villeret et de Fraisse.
 Ferme du Sauvage étape du St Jacques
 Chapelle et Fontaine Saint-Roch au col de l'Hospitalet";;0/03/13-038a5d21-675b-3039-9994-05dbde0f6279.json
Balade à vélo autour de Saint-Léon;Sports et activités outdoor;Balade en pleine campagne qui vous conduira jusqu' au Puy Saint Ambroise en empruntant une partie du GR3.;;0/03/13-038b2411-3a2e-3210-bca4-bf4d7f27b9b1.json
Eglise de Chiroubles;Culture et patrimoine;Eglise XIIIe reconstruite en 1838 avec clocher oriental de style grec;;0/03/13-038d1263-0618-3d1f-a9a5-c701558b3005.json
Les Rencontres de la Camerata;Autres points d'intérêt;Atelier (4 h) et Concert (1 h) par et avec les musiciens et chanteurs de la Camerata du Mont-Blanc et d'In Octo;;0/03/13-038e6550-4754-34d4-9fb7-407453f6315c.json
Restaurant l'Aromate;Restauration et gastronomie;Restaurant de type bistrot, au cœur du village, produits frais fait maison.;;0/03/13-0390f6db-4089-3907-905c-6beefbd83c19.json
L'Étrier moulinois;Autres points d'intérêt;Près de la forêt de Moladier, promenades à cheval et à poney accompagnées hors du centre, initiation à l'équitation, perfectionnement, stages, voltige.;;0/03/13-03925e15-6259-35a3-969a-96c62d9e246f.json
Snowpark La Repose;Autres points d'intérêt;Snowpark avec plusieurs petits modules débutants : barre de slide, wave, hip... installés dans un décor magnifique en forêt !;;0/03/13-039610ab-039a-3b55-b916-4974209b0378.json
Marché du mardi Quartier des Champins;Spectacles et événements;Marché alimentaire et non alimentaire.;;0/03/13-03964277-1036-3377-beb2-27d3e190a18b.json
Traversée CGN Evian-Lausanne;Autres points d'intérêt;La Compagnie Générale de Navigation assure toute l'année le transport lacustre entre les 2 rives. Liaisons quotidiennes entre Evian et Lausanne en 35 minutes.;;0/03/13-03979ae8-42ed-3a69-b58e-1c30d183187e.json
Hôtel Restaurant Notre Dame;Hébergement;Cuisine auvergnate tout maison et de saison.;;0/03/13-0398ab9c-4393-3865-a6fc-c0491f71bf99.json
"Les Apéros Live du Bis ""Trop"" Savoyard - Mardi 19 août à partir de 19h";Autres points d'intérêt;"Les Apéros Live du BIS ""Trop"" Savoyard 
 Tous les mardis et jeudis, de juin à septembre, de 19h à 21h";;0/03/13-03995e3f-8610-3235-87ab-8266462c8806.json
La Voûte des gourmands;Autres points d'intérêt;"Restaurant chaleureux et convivial pour savourer une cuisine de tradition, généreuse et faite maison.
Nous vous proposons un plat du jour et une carte.";;0/03/13-039bcc68-9694-3bad-8436-f7d1e3348d8b.json
Restaurant Le Grenier;Restauration et gastronomie;Le Grenier, restaurant typiquement montagnard comme dans un chalet d’alpage, vous propose des spécialités savoyardes aux fromages, ingrédient phare d'une cuisine de pays copieuse et gourmande.;;0/03/13-039fe2e6-5bea-3df4-838c-10ca07511084.json
Bibliothèque de Granier;Culture et patrimoine;La bibliothèque de Granier vous accueille 2 fois par semaine;;0/03/13-03a035d2-323b-3af1-96c2-877f11b904fa.json
La Grange des Minis;Autres points d'intérêt;La Clusaz se plie en quatre pour se mettre à hauteur des enfants ! Venez découvrir en famille un espace de jeux dédié à l’univers de la montagne et de La Clusaz.;;0/03/13-03a1b388-f4ee-3eb8-95fe-a0da0eb2babe.json
Restaurant La Table de Cécile;Restauration et gastronomie;Découvrez la cuisine gourmande d'Antoine et Cécile au cœur de la Dombes, à 10 mn du Parc des Oiseaux. Savourez des plats de terroir préparés avec des produits locaux : fromage de l'Abbaye, légumes bio de Villars, viande de la ferme Dienet.;;0/03/13-03a2335c-8b5b-38ad-bd37-620b8a6ec831.json
Centre culturel de la Gorge;Nature et détente;Le Centre Culturel de la Gorge vous accueille afin de vous faire vivre des moments de culture uniques.;;0/03/13-03a23cfa-019e-3d6b-b865-0cad52da0e94.json
Galerie Louis Gendre;Culture et patrimoine;Située à 5 minutes du centre-ville de Clermont-Ferrand, la galerie Louis Gendre expose des œuvres d’art contemporain. Des artistes de renommée internationale sont présentés dans une maison particulière entourée d'un jardin arboré.;;0/03/13-03a325a5-0317-33d3-9868-966fd381a505.json
Festival Adèle Clément - 3éme édition : Les secrets d'Adèle;Spectacles et événements;"Le Festival Adèle Clément revient cet été pour une édition exceptionnelle placée sous le signe du mystère et de la découverte : ""Les Secrets d'Adèle"".";;0/03/13-03a389d4-cf92-3dd8-bce0-0826cf38c49d.json
Eglise saint Martin ou saint Maurice;Culture et patrimoine;L'église a été construite au XIIe siècle.  Le transept saillant a été entièrement remanié en 1871.;;0/03/13-03a4143e-9e02-380e-93ba-2d08e456e00e.json
ANGLARET ETIENNE / GUIDE VTT VERCORS;Sports et activités outdoor;Guide et Moniteur VTT MCF qualifié, dynamique et professionnel, Etienne vous propose des sorties en VTT, VTT électrique à la découverte du Vercors et des techniques de pilotage VTT, sans oublier les pauses panoramiques.;;0/03/13-03a824c8-b33e-36c4-a150-8c706b3bb0c4.json
E-Solution Vélo 43;Sports et activités outdoor;"Profitons ensemble de la voie verte, des variantes des chemins de Saint-Jacques de Compostelle, de la Régordane, de Saint Régis, de Stevenson, ...
Profitons des routes bucoliques du Haut-Allier, de la Loire haute, du Devès ou du Mézenc. Réparation vélos.";;0/03/13-03a8843b-ba9b-3d38-a804-dd6b70ac6a79.json
A corps serein;Autres points d'intérêt;Cours hebdomadaires de Qi Gong et de méditation.;;0/03/13-03a95da1-6f5a-346b-8ccc-ee366c54f8aa.json
Bibliothèque La Conciergerie;Culture et patrimoine;Gérée par l'association Vie-Tamine;;0/03/13-03aa15df-7570-31ac-8284-6e8638ddaa5f.json
Eglise Saint-Pierre;Culture et patrimoine;L'église est placée sous le vocable de Saint-Pierre, composée d'une nef unique de deux travées et de plusieurs vitraux datant de la fin du XIXème siècle.;;0/03/13-03abac3b-2824-316a-878c-fb6ef30bd75f.json
La Rochette-du-Buis;Autres points d'intérêt;La Rochette-du-Buis est un village situé au creux de la vallée du Charuis, une rivière affluente de l’Ouvèze.;;0/03/13-03acf4ec-9abd-3420-8a55-bd4d4f86772a.json
"Circuit Bourbonrama ""L'âge d'or des ducs de  Bourbon""";Nature et détente;Itinéraire de 80 km au départ de Moulins à réaliser avec votre véhicule. L'application gratuite Izi Travel, à télécharger sur votre smartphone, vous guidera tout au long de ce parcours.;;0/03/13-03ad1ffe-1d56-3888-8485-3275b3321400.json
"Rallye Photo participatif : ""Encore là - Valence, Gare et Boulevards, 1889-1925""";Services et activités encadrées;"Retour il y a 130 ans, en 1891, pour retrouver les lieux de ces 6 clichés de Valence.
Pour chaque photo, une zone à explorer avec une question d'observation associée au lieu.
Pensez à bien observer l'angle de prise de vue.";;0/03/13-03ad30ac-3d3d-3acf-a776-0091652593a2.json
SPA MONTAGNES DU MONDE - MGM Manaka;Autres points d'intérêt;1h d’accès au spa offerte pour tout soin de 50 min réservé ! Profitez de notre piscine, sauna, bain nordique et des soins Pure Altitude pour un moment de détente unique en toute saison.;;0/03/13-03ade697-b959-3ec1-81b4-abb138fa631d.json
Spectacle : La Lune en plein jour;Spectacles et événements;La lune en plein jour n’est pas un énième hommage à Anne Sylvestre, mais bien un spectacle lumineux, à l’écriture poétique, sobre et intime.;;0/03/13-03b30dc5-7806-31f1-b35f-ad7fd825de7e.json
Igloo (l');Autres points d'intérêt;Discothèque saisonnière, à tendance généraliste électro. Soirées à thème, performer, guest DJ, after party Tomorrowland winter. Ambiance garantie;;0/03/13-03b35f81-c559-34d9-bf61-06d0bf416112.json
Vide-greniers;Autres points d'intérêt;Vente au déballage dans un écrin de verdure, confort sanitaire restauration, animations.;;0/03/13-03b415aa-8bea-3912-ae5e-f2932c263b1f.json
Danses polonaises;Autres points d'intérêt;Sous la baguette de Marta Gardolińska, l’archet de Thomas Zehetmair vise les sommets du lyrisme avec le Concerto pour violon n° 2 de Szymanowski. Tchaïkovski et Lutosławski complètent ce panorama polonais.;;0/03/13-03b4a15a-48ce-3c5e-ac23-61d172b2de3a.json
Village de Chaniat;Autres points d'intérêt;Petit village rural avec fontaines et abreuvoirs;;0/03/13-03b5b33a-2272-3dd8-8eb4-205ad94bd2f1.json
Les mercredis animés ! [animations de proximité];Autres points d'intérêt;Cet été encore, les animateurs de la MJC, accompagnés par l’Association « En passant par la Montagne », l’EPDA, ainsi que tous les autres partenaires vous donnent rendez-vous pour animer votre été !;;0/03/13-03b938dd-e253-353c-bbb2-ee77ac430631.json
Le Refuge;Autres points d'intérêt;Petit restaurant sur réservation, dans une ancienne étable rénovée. Cuisine du marché, produits frais et locaux. Cadre authentique et calme. Vous pourrez vous installer dans plusieurs espaces sur la terrasse ou dans le jardin.;;0/03/13-03ba5c11-c362-3685-9fc7-9d035286e4b9.json
Zannier Le Chalet*****;Hébergement;Situé dans le village de Megève, l'hôtel est composé de trois grands chalets de style alpin et comprend 12 chambres et suites, un restaurant bistronomique, un bar et un espace bien-être avec piscine intérieure, sauna, hammam et 2 cabines de soins.;;0/03/13-03bbf152-9ce4-3624-bcee-eba8fe15afab.json
La source des Alpes;Autres points d'intérêt;Passez un moment de détente le temps d'un soin ou d'un massage, où les mains expertes de nos praticiennes sauront dénouer toutes vos tensions et vous permettre une relaxation suprême.;;0/03/13-03bdd2f6-4032-31f7-96c2-15c5ef4face8.json
Chollière - Randonnée pédestre en boucle;Sports et activités outdoor;La randonnée familiale par excellence ! Autrefois habité pendant la période des foins et au moment de l’estive, le hameau de Chollière est aujourd’hui un lieu de détente privilégié.;;0/03/13-03be3f83-dd8c-3ad6-88d6-e3e9f1d18d82.json
Circuit VAE : Le plateau intermédiaire;Nature et détente;Parcours bucolique, idéal pour une découverte du VAE.;;0/03/13-03bfa605-66e2-3a37-8fba-a2ce9cfc1802.json
Laugier Christophe;Autres points d'intérêt;Moniteur guide de pêche;;0/03/13-03c08cf3-9054-3641-baeb-7dc55ba008fd.json
Sentier des lônes et îles du Haut-Rhône;Nature et détente;Le sentier vous entraîne à la découverte des lônes, en plein coeur de la Réserve naturelle des îles du Rhône.;;0/03/13-03c15914-a640-30c4-a411-7969a9b93314.json
Village fortifié d'Orliénas;Autres points d'intérêt;"Bourg médiéval fortifié bâti au IXe siècle dont subsiste : une porte à arc brisé surmontée d'un mâchicoulis et d'un blason mutilé, invitant à rentrer dans le ""castrum"" ancien prieuré fondé par les bénédictins de l'abbaye d'Ainay.";;0/03/13-03c1cea9-5766-3c18-a85a-f100f97de672.json
Basilique du Sacré Coeur;Culture et patrimoine;La Basilique du Sacré-cœur, récemment rénovée, offre un lieu ressourçant pour les visiteurs, à deux pas de la gare. L'artiste Arcabas y a créé de magnifiques vitraux de 6,50m de haut pour le plus grand plaisir des yeux !;;0/03/13-03c28813-b4b6-36f0-b9dd-86352b8a9221.json
La Calèche;Autres points d'intérêt;"À dix minutes au Sud de Grenoble, Varces Allières-et-Risset. 
La bâtisse dans laquelle est installée la Pizzeria était composée, jusqu'en 1982, d'une grange, d'écuries et d'une maison, construites début du XX ème siècle. Style rustique campagnard.";;0/03/13-03c2ad5c-d91a-3c41-9828-ae2f74d91470.json
Centre Aquatique l'Olympide;Autres points d'intérêt;L’Olympide, centre aquatique intercommunal, vous accueille au rythme de vos envies. Garder la forme, se relaxer, se divertir… avec ses 3 espaces : piscine, Spa, cardio & fitness, l’Olympide permet toutes les pratiques.;;0/03/13-03c3d1e5-3656-3a76-b66c-ac523f258385.json
Restaurant Le Beau Site;Restauration et gastronomie;"Restaurant cosy avec vue panoramique sur la Vallée. Terrasse avec jardin et espace lounge.
Happy Hour tous les jours de 16h à 18h sur toutes les boissons : 2 boissons achetées = une offerte. L'occasion de découvrir la nouvelle carte des cocktails !";;0/03/13-03c6983b-9269-3f88-9cd2-4255b5dcc597.json
Chapelle de Glavenas;Culture et patrimoine;Située sur un piton rocheux à 979 m, la Chapelle de Glavenas est un site incontournable.;;0/03/13-03c6a54b-68be-38c8-9323-780bbc67b627.json
Circuit enduro N°1 Flow Flow;Nature et détente;Entre VTT de descente et cross-country, l’enduro vous propose de belles descentes, qui sont le fruit de la montée, sans le bruit, ni le CO2 et surtout des sensations fortes pour les amateurs de sports nature !;;0/03/13-03c80643-92e9-3498-8f47-9a8cb9a30974.json
Mini-Golf;Sports et activités outdoor;En famille, seul ou entre amis venez vous défier, vous détendre ou vous amuser sur le parcours 18 trous ombragé du mini-golf du parc.;;0/03/13-03cb1e02-f903-377a-b80c-8a6a53086e00.json
B & B Lyon Monplaisir;Autres points d'intérêt;Cet hôtel confortable et entièrement rénové dispose de chambres spacieuses, d'un accueil 24h/24 et d'un parking privé au coeur du quartier de Monplaisir-Lumière.;;0/03/13-03cc16c9-a54c-3dec-bd52-cc9911b8c709.json
Musée à ciel ouvert;Culture et patrimoine;"Musée à ciel ouvert de Saint-Alban des Villards
Promenade à travers les hameaux de Saint-Alban des Villards à la découverte de photos historiques et actuelles.";;0/03/13-03cec6c2-418a-38dd-84b2-6cceba4557ac.json
Dyke Hôtel;Hébergement;Idéalement situé en plein centre ville du Puy en Velay, le Dyke Hôtel avec son bar et salon de thé vous réserve le meilleur accueil.;;0/03/13-03d08aa7-df40-341d-91be-cc8b5fbb34a6.json
Boost Center;Autres points d'intérêt;En été comme en hiver, nos infrastructures de qualité professionnelle se prêtent tout autant à l'accueil des sportifs de haut niveau qu'à celui des scolaires ou des entreprises. L'espace BOOST Center n'attend plus que vous !;;0/03/13-03d8d7c8-3b70-36ee-b581-cb39146b5ef6.json
Autour du château de Léotoing;Culture et patrimoine;Le château de Léotoing est une parfaite illustration de l’utilisation des sites d’éperon si communs en Auvergne. Balade de 30 mn hors visites;;0/03/13-03df8850-01ab-36f4-bea0-f0a6caf176ee.json
Restaurant Bar Lounge - Sunset Beach;Restauration et gastronomie;"A 250 m du lac d'Annecy, profitez de ce bar-restaurant à ambiance pour vous détendre avec une décoration tropicale.
Une aire de jeux pour les enfants se tient juste à côté de la terrasse ombragée.";;0/03/13-03e270af-2447-3e3f-be34-5966740783fb.json
Atelier Couleurs Encaustique;Autres points d'intérêt;Couleurs Encaustique a pour objet la promotion de la peinture à l'encaustique : ateliers, vente de couleurs à l'encaustique pour artistes. Ateliers hebdomadaires pour adultes : peinture à l’encaustique, céramique, linogravure.;;0/03/13-03e28f2e-1b0c-3766-bb3c-af6cc2a5b7a6.json
Bibliothèque municipale;Culture et patrimoine;La bibliothèque municipale de Chézery vous accueille dans le bâtiment de la mairie.;;0/03/13-03e41425-78bc-32d6-b71e-250b8961b4c0.json
Restaurant Terra Cotta;Restauration et gastronomie;Terracotta est un voyage à la découverte des saveurs, des produits et des personnes qu'ont contribué à leur réalisations. Salvatore s'inspire de son héritage italien et des influences de la cuisine française ,son pays d'adoption. ;;0/03/13-03e5a5c6-eb81-3562-8b1e-9c3b4188d39e.json
Marché;Spectacles et événements;"Marché hebdomadaire.
Plusieurs commerçants : boucher, primeur, fromager, biscuits sucrés et salés, jeux de société, rémouleur...";;0/03/13-03e6590e-4c07-3c4f-98de-4bf85811d640.json
Le Plan du Bourg;Autres points d'intérêt;Site et sentier mémoriel historique relatant la tragédie du 14 mars 1944. Agréable lieu de mémoire, en bordure de forêt, vue panoramique sur le Massif de la Lauzière, la vallée et les Aiguilles d'Arves.;;0/03/13-03e6c796-ddce-330d-915b-bfd7da5ce3af.json
Atelier de poterie Terre Inventive;Autres points d'intérêt;L'atelier propose des cours et stages de poterie pour tous niveaux, en modelage, sculpture, tournage, émaillage et décors.;;0/03/13-03e73afa-c009-3718-b011-4b5e34bcb038.json
Domaine de la Gautière;Autres points d'intérêt;Au pied du Mont Ventoux, dans le pays de la lavande et de l'olivier, au cœur de la Drôme Provençale, notre camping familial vous accueille pour pratiquer la randonnée, l'escalade ou le vélo ou tout simplement se reposer dans un cadre exceptionnel.;;0/03/13-03ea41d4-daad-36c4-98e5-9399a1c1f95d.json
Ferme pédagogique du Domaine de la Ganne;Autres points d'intérêt;"Découvrez, à 5km du centre-ville de Montluçon, une véritable exploitation agricole de 100ha de prairies naturelles. 
Promenez-vous sur son parcours pédagogique d'un kilomètre, au milieu des animaux et savourez les produits de la ferme.";;0/03/13-03eb693c-692e-3641-9cdf-752e60142263.json
Écurie Les près d'Allys;Autres points d'intérêt;"Venez découvrir les Rocky Mountain Horses et les Monts du Forez 
Bienvenue aux Prés d’Allys, un lieu convivial où règnent le calme et la sérénité en pleine nature.";;0/03/13-03ebaad1-4ae6-34e4-b6e1-7a97a03a0e60.json
La flânerie d'Audrey;Autres points d'intérêt;Venez vous balader avec Audrey et ses ânesses pour un moment de convivialité et de connexion avec la nature.;;0/03/13-03edc6ea-0fe0-3639-8d5e-36ebe952eec6.json
Autour de la Voie Verte - La Prairie du Val de Saône - Boucle 6.3;Nature et détente;"Le Val de Saône présente une mosaïque paysagère typique de prairies humides, de bocages, de forêts alluviales et ponctuellement de lônes et de mares. 
La boucle ""la Prairie du Val de Saône"" est la randonnée la plus facile du département.";;0/03/13-03ef55e5-4a71-32da-a816-73fafdeaec70.json
Anne Grandchamp des Raux - Guide conférencière;Autres points d'intérêt;A la découverte de notre belle Auvergne, du Pays d'Issoire aux monts du Cantal, du sommet du Puy-de-Dôme à Notre-Dame-de-France, et au-delà en Aveyron, en Lozère, en Limousin ou en Dordogne ...;;0/03/13-03f0665a-c02a-38a3-adc4-b552d9b5a211.json
Pignol Printemps;Autres points d'intérêt;Restaurant et salon de thé, Pignol Printemps situé au 4ème étage du magasin, offre une restauration moderne et urbaine conciliant rapidité et qualité.;;0/03/13-03f197b3-ba42-30d7-8a7d-677f604f3e35.json
Véronique Naumovic - Guide du Patrimoine Savoie-Mont-Blanc;Culture et patrimoine;Guide du Patrimoine Savoie Mont Blanc (Guides PSMB), je vous accueille pour partager avec vous les richesses patrimoniales et culturelles de la commune de Passy (Haute-Savoie).;;0/03/13-03f372a4-a1f2-3bcf-8ff5-4815441b0e86.json
Marché;Spectacles et événements;Vous pourrez retrouver les pizzas de Cathy, le fromager, la Chouette Epicerie et l'Affuteur présent certains vendredis.;;0/03/13-03f632e8-f60a-378d-bc4f-8c8c82f5e8bb.json
Le Croq'Neige;Autres points d'intérêt;"Le Croq'Neige propose des salades, des pizzas, des hamburger / sandwichs et une carte typée ""brasserie"".
Restauration de type rapide.";;0/03/13-03f71213-999c-35f4-82a9-38eaccf37732.json
Lac du Chalet Clou - Randonnée pédestre en boucle;Hébergement;La randonnée familiale par excellence ! Marmottes, têtards et grenouilles constitueront une bonne source de motivation pour les enfants.;;0/03/13-03f98381-25e1-3fec-8f3f-71f545d34ca5.json
Expédition;Autres points d'intérêt;Restaurant bistronomique, qui propose une restauration raffinée, avec des plats recherchés, une cuisine faite maison et des produits de grande qualité.;;0/03/13-03fa8f12-93b1-3291-92ec-c615ed61c317.json
Le Bosquet Fleuri;Nature et détente;Allier un repas de qualité avec une vue imprenable sur la Loire, c'est possible au Bosquet Fleuri ! L'auberge vous propose sa spécialité de grenouilles. En été, profitez de la grande terrasse et de sa vue directe sur la Loire, simplement magnifique !;;0/03/13-03fd5405-555c-3135-9807-79146fc61b06.json
Grano e Orzo;Autres points d'intérêt;"Grano e Orzo, c'est une ambiance cool, des pizzas italiennes, des produits frais, du bon vin et des bonnes bières.
Vente à emporter.";;0/03/13-03ff3992-bdb8-3e00-b0f2-09df488891cf.json
"Restaurant le ""W""";Restauration et gastronomie;Le restaurant du Domaine de Saint Clair vous propose une cuisine raffinée à partir de produits frais, locaux et de saison. Les assiettes donnent la part belle aux produits régionaux auxquels le Chef apporte sa touche d'inventivité.;;0/04/13-040101a1-41f8-3b79-ac61-dbae3d9ba08d.json
Sentier botanique du parc du Clos des Chartreux;Nature et détente;Le sentier invite à la découverte d'une collection de plus d'une trentaine d'arbres rares.;;0/04/13-04017933-972c-3679-8a33-6dec2311c81e.json
Au Plaisir Charolais;Autres points d'intérêt;Le Nouvel Hôtel a changé de nom et devient Au Plaisir Charolais, situé entre Lapalisse et Digoin, est installé dans un cadre agréable où il fait bon se ressourcer, que ce soit pour un séjour touristique ou une soirée étape.;;0/04/13-040243e3-93fe-3bf3-b7c0-ff170d107007.json
Eglise Saint-Roch;Culture et patrimoine;L'église est fermée pour travaux à partir du 3 septembre 2018 . La durée des travaux est estimée à six mois minimum.;;0/04/13-04028dac-054c-3744-9dd4-98ec997800d0.json
Piscine municipale de Bourbon-l'Archambault;Sports et activités outdoor;"Bassins découverts, baignade surveillée, pataugeoire, toboggan aquatique, snack avec terrasse ombragée, leçon d'apprentissage de natation, de water-polo
et cours d'aquabike...";;0/04/13-040340ba-1b07-352b-a285-2c2eae675043.json
Domaine la Bourbonnaise - Dédalys 2;Autres points d'intérêt;Nous offrons une variété d'hébergements : petit gite et grands gites  sur le même site en gestion libre ou en pension sur demande à la réservation.;;0/04/13-04063fb6-9ace-33cd-a1dc-7f8e474164c9.json
Auberge de Banne;Hébergement;"Ambiance ""bistro chic"" années 30; cuisine inventive, soignée, de saison. Terrasse ombragée sur la place, abri sous marquises végétalisées.
Ouvert toute l’année.
Un fourchette Guide Michelin";;0/04/13-0407f6c5-c959-37f6-8db1-52e9ebffa9fa.json
Fresque Wall & love - Heng;Autres points d'intérêt;L'Artiste Marseillais Heng a oeuvré sur la façade de la Résidence Rochecolombe du Diaconat Protestant de Valence afin de réaliser une oeuvre lumineuse et colorée.;;0/04/13-0409039f-2979-33f0-9318-2b68b9536797.json
Maison des Canuts;Autres points d'intérêt;Au cœur du quartier de la Croix-Rousse, la Maison des Canuts présente la grande histoire de la soierie lyonnaise à travers les salles d’exposition et les démonstrations de tissage dans l’atelier de Canut du XIXe siècle.;;0/04/13-040bcd66-510a-31ef-b426-4f0632637d43.json
L'Escape Bag Goûter;Autres points d'intérêt;L’idée est simple : un sac à dos , à l’intérieur tout ce dont vous avez besoin pour un goûter réussi. Seulement, il y a un “mais” !;;0/04/13-041168d6-6c5a-34c4-a701-b814c7e7b26b.json
Restaurant Ravioles and Co;Restauration et gastronomie;Si vous souhaitez profiter  en famille ou entre amis d'un moment convivial,  notre restaurant est l’endroit idéal. Notre spécialité : Les ravioles. Profitez des journées ensoleillées sur notre terrasse décontractée.;;0/04/13-0412f2d9-4b74-3261-95fc-4755ff01a876.json
Monster Pizz';Autres points d'intérêt;"Vente de Pizza et Wrap.
Livrarison à domicile tous les soirs (zone limitée).";;0/04/13-0414042b-bb67-399e-ad05-8a5c1cb87503.json
Marché hebdomadaire;Spectacles et événements;Environ 40 forains sont présents sur le marché (fruits, légumes, charcuterie-traiteur, viande, poisson, fromage, vêtements, …). Forains locaux (Fromager de Courzieu, boucher de Bully, poissonnier de St Germain Nuelles…;;0/04/13-0414c1ee-64b3-30b4-bf86-4f38c8fa4f99.json
Village | Desges;Autres points d'intérêt;"Village de Desges : Église romane, cadran solaire. Point de vue pittoresque
sur la vallée.";;0/04/13-041617eb-934b-3d13-9721-6838352aeccf.json
Eglise Saint-Pierre | Arlempdes;Culture et patrimoine;Eglise romane du XIIe siècle. Chapelle, copie piétà du XVe siècle. A l'extérieur de l'église, magnifique calvaire gothique du XVe siècle, avec la colonne élancée, seul vestige de l'ancien cimetière.;;0/04/13-0416c11f-17b3-3e7f-8615-34f126e84549.json
Base nautique des Marquisats;Autres points d'intérêt;La Base Nautique des Marquisats, située au bord du lac d'Annecy, est un espace dédié aux sports nautiques, offrant un cadre idéal pour la pratique de diverses activités aquatiques.;;0/04/13-0417c7f3-c2be-37e3-bc62-27e76b3af464.json
Camping Le Clos Auroy;Hébergement;"Camping 4**** offrant un cadre agréable et un accueil chaleureux.
Marque Qualité Tourisme.";;0/04/13-0417f45b-0916-36e9-b18f-1428591fa80e.json
La Souillarde;Autres points d'intérêt;Petit restaurant typique dans le centre médiéval de Besse, cuisine traditionnelle.;;0/04/13-04184995-715e-333c-892f-3f546130b28d.json
Le Bungalow;Hébergement;Le restaurant le Bungalow est situé au bord du Lac d'Allier dans un cadre magnifique vous y trouverez une cuisine terre et mer avec des produits locaux et une pâtisserie faite maison, sans oublier notre équipe pleine de vitalité pour vous recevoir.;;0/04/13-041cb78e-1224-3bad-941d-f245634bbcd5.json
La Véloire sur Forez-Est : Montrond-les-Bains / Saint-Jodard;Autres points d'intérêt;"Laissez vous tenter par cet itinéraire qui sélectionne des routes peu empruntées avec comme fil conducteur : le fleuve Loire. 
MONTROND-LES-BAINS / FEURS : 14,5 km
MONTROND-LES-BAINS / BALBIGNY : 26 km
FEURS / BALBIGNY : 11,5 km";;0/04/13-041dd98b-d2a1-313b-8ce8-811e7c92d731.json
Jardins de Gandil;Autres points d'intérêt;Ce poumon vert est niché au cœur du centre-ville afin de créer un lien entre les quartiers dans un décor naturel foisonnant.;;0/04/13-041f9d19-4795-3edf-8a70-e2b7ff694991.json
Restaurant Casanova;Restauration et gastronomie;Restaurant familial proposant des spécialités savoyardes, pizzas, salades, omelettes, pâtes, viandes grillées, et des spécialités sénégalaises. Vente à emporter.;;0/04/13-04215245-2a47-3475-8e34-f487477d9be9.json
O'Delice;Autres points d'intérêt;Restauration rapide snack/kebab/tacos sur place ou à emporter. Ouvert toute l'année;;0/04/13-04226dec-fd9a-33a7-8f78-1e673ea1c435.json
Le sentier du Héron - PR n°54;Nature et détente;Depuis les rives de l'Allier, les chemins vous entraînent vers les coteaux calcaires qui offrent de jolis points de vue.;;0/04/13-042366d6-59e9-3bb0-ba87-119a6e5ed630.json
Guide professionnel Cicerhone;Autres points d'intérêt;Mon nom est Ghislain Pons et je vous invite à partager ma passion. Ma passion c'est mon métier. Et mon métier je l'exerce depuis plus de 20 ans. Tradition, histoire et gastronomie. Laissez-moi vous montrer ce pourquoi j'affectionne tant ma région.;;0/04/13-0423909b-5fb0-3b43-bb0e-305922030fe8.json
La cour des trois coquins;Autres points d'intérêt;Un équipement culturel de création et de diffusion, de théâtre et de danse.;;0/04/13-0424585d-cced-3a86-b2c0-32322e5a0991.json
Conférence de la Société d'émulation du Bourbonnais : Histoires de chasse avec le marquis de Foudras;Autres points d'intérêt;Histoires de chasse avec le marquis de Foudras par  François-Xavier Duchon.;;0/04/13-0427416e-6f30-3928-b92b-5154ad1998a9.json
Jean Pierre Guilloteau Accompagnateur;Autres points d'intérêt;Randonnée à pied et à raquettes, stages de marche nordique à raquettes dans le Vercors.;;0/04/13-04294e49-e1fc-366d-b66c-fc11bc5d113a.json
Croix de Malte;Autres points d'intérêt;A_GENERER_VIA_IA;;0/04/13-0429cd92-d3f5-34e2-aa87-d64ddd7fd246.json
Charamillon;Autres points d'intérêt;A l'arrivée du télécabine de Charamillon ce chalet vous accueille été comme hiver ! Profitez d'une pause gourmande avec une vue imprenable sur la vallée !;;0/04/13-042a4b5e-6e23-36a6-ba05-79da4d8f232f.json
Bar-brasserie Le  Café Neuf;Restauration et gastronomie;Bar-brasserie en plein cœur de Belley, le Café Neuf propose des produits issus des circuits courts dans une ambiance cosy.;;0/04/13-042a8d14-9bbe-3e89-a7f8-c14478052e2d.json
Parcours d'orientation - Autour des lacs;Nature et détente;A l'aide de votre carte, partez à la découverte du site des lacs.;;0/04/13-042c8ba4-f74a-353c-bdea-b0e1e7ed04f2.json
Parcours VAE des coteaux du lac;Nature et détente;Une échappée originale pour découvrir le bassin du Lac d'Aiguebelette en toute tranquillité, avec des jolis panoramas sur le lac, la chaîne de l'Epine, le Mont Grêle et la Chartreuse.;;0/04/13-042ce335-65c7-3513-bdac-693e70b123c9.json
Café Grenouille;Restauration et gastronomie;Café associatif animé par des bénévoles, avec des ateliers, des expositions, quelques conférences et des concerts les soirs d'été.;;0/04/13-042e3188-3f88-37d4-8402-aa3d5b787c14.json
Camping Pont de Maisonneuve;Hébergement;Bienvenue dans le sud de l'Ardèche, au camping le Pont de Maisonneuve où vos vacances se dérouleront dans une ambiance conviviale qui fera le bonheur des petits et des grands.;;0/04/13-042f42c2-90f0-35a4-92e2-1d9886520e59.json
Boulangerie Béraud;Restauration et gastronomie;Boulangerie-patisserie traditionnelle.;;0/04/13-043031ef-8b98-339d-a34a-1b68bbd0cb9c.json
Patinoire extérieure;Autres points d'intérêt;"Au cœur de la station de Saint Jean d’Aulps, la patinoire de 112 m² est installée tout l’hiver sur la place devant l’ESF. Venez patiner en famille...et en musique ! 

Taille des patins : du 29 au 47
Pour les groupes : réservation obligatoire en avance.";;0/04/13-04312f8d-0c47-3025-acc7-6b43741c3180.json
Marché hebdomadaire;Spectacles et événements;De 10 à 20 forains (producteurs, bouchers-charcutiers, poissonnier, pâtissier, miel, boulanger, fromager, vêtement, literie, réparation de vélos, …) vous attendent deux fois par semaine à Lentilly.;;0/04/13-04314419-9382-3e0a-a9b6-4e7610eea11a.json
Marché de Megève;Spectacles et événements;Saveurs et produits du terroir ainsi que des primeurs et manufacturiers, vous attendent avec leurs étals sur le marché hebdomadaire dans une ambiance authentique et variée.;;0/04/13-04342ba2-9e0a-3cfa-b47f-a4fadbc5fb47.json
Brocante Fréour;Autres points d'intérêt;"Découvrez la galerie Fréour. 
Une galerie d'art contemporain et d'artistes régionaux.";;0/04/13-043488e4-3099-3fe7-a118-cd1788e4bb6f.json
Bureau des Remontées Mécaniques;Autres points d'intérêt;A_GENERER_VIA_IA;;0/04/13-043848b9-2f61-3f8f-aa96-ad9e7789d1d3.json
NALOU and CO;Autres points d'intérêt;Restaurant à tapas;;0/04/13-0439593b-3653-3bdb-ac43-f72c4131530b.json
Concert: L’Héritage Goldman 2;Spectacles et événements;La troupe de l’Héritage Goldman poursuit sa course folle à travers un nouveau voyage musical sous la direction d’Erick BENZI le fidèle collaborateur de Jean-Jacques.;;0/04/13-04395dab-8893-3e1e-9fb2-4f4762f6bf24.json
Les Gnolus - Vignes en fleurs;Autres points d'intérêt;"Découvrez le Beaujolais à travers une expérience ludique de géocaching : une chasse aux trésors à vivre en famille ! 
À Fleurie, explorez le Sentier des Lys dans un paysage entouré de vignes avec le anecdotes et énigmes du Gnolu Dyönisette.";;0/04/13-043c2184-28ee-3f49-9618-8733da680d9f.json
Aromo;Autres points d'intérêt;Bar à vins de différentes régions du monde : Chili, Argentine, Australie, Liban, Hongrie, Italie, Espagne, Allemagne sans oublier la France, le tout accompagné de produits de terroirs. Dégustations oenologiques, expositions d'art, soirées à thème.;;0/04/13-043dd2a5-9cf5-380c-a124-67bbc8c9ccea.json
Fort de Variselle;Autres points d'intérêt;Le fort de Variselle s'élève à 2118 mètres d'altitude. Vous serez conquis par la beauté du panorama (vue sur le barrage et les sommets environnants : le Signal du Grand Mont-Cenis, la Pointe de Ronce …);;0/04/13-043e233d-e412-3884-acf8-67049a1d48dd.json
Les Improbables en concert;Spectacles et événements;"Les Improbables, c'est de la chanson française revue style blues ! De Georges Brassens à Bill Deraime ....
Une voix , une présence et des musiciens de talent. Une belle soirée en perspective à Céaux d'Allègre !
Pour le repas réservation obligatoire.";;0/04/13-043efdc1-fb05-3750-9d7f-702080eec886.json
La Noyeraie;Autres points d'intérêt;A côté d'un champ de noyers, notre Gîte bénéficie d'un grand espace extérieur. Cadre très paisible pour passer des moments agréables à la campagne.;;0/04/13-043f134b-2b94-39d5-a08d-8780047bab41.json
Maï Thaï;Autres points d'intérêt;Restaurant de spécialités asiatiques à Moûtiers;;0/04/13-043f5abe-d2a9-394c-970d-f3ade479264c.json
Humour: Julien Santini;Autres points d'intérêt;"Entrer dans l’univers de Santini, c’est découvrir que sur scène tout est possible !
Entre Stand-up et humour décalé, le comédien nous fait part de ses observations et de son parcours, jonglant tout le long du spectacle entre poésie et audace.";;0/04/13-043f8d73-385a-30ed-8726-72f9e043e82e.json
Parcours d'orientation patrimonial d'Arc 1600;Nature et détente;La course d'orientation est une discipline sportive avec des balises permanentes;;0/04/13-04405168-0527-3b70-9868-0e65819fd10b.json
Restaurant d'altitude l'Eterlou la Norma;Restauration et gastronomie;Ce chalet en pierre avec coin cheminée, terrasse, grande salle panoramique sur la vallée et les sommets, vous propose une cuisine traditionnelle ou rapide. Facile d'accès par télécabine pour les piétons.;;0/04/13-04449b1d-3392-30cd-9c80-04ec7994d964.json
Danse au Fil d'Avril : Ma part d'ombre - Romans Scènes;Spectacles et événements;"Dans le cadre du festival ""Danse au Fil d'Avril"", Sofiance Chalal; chorégraphe de la Compagnie Chaabane vous propose un spectacle de danse unique.";;0/04/13-0446c07d-0fe6-3def-9be2-3c7d3da26770.json
La Bastide d'Etoile;Autres points d'intérêt;La Bastide d'Etoile vous invite à découvrir une cuisine française traditionnelle, faite maison avec des produits frais et de saison. Notre carte évolue régulièrement, mettant en valeur les saveurs du moment tout en honorant les classiques français.;;0/04/13-0448a9b6-8ad4-31e1-95b9-2a600a0916e3.json
Fresque Wall & love - Ciclope;Autres points d'intérêt;"Cette œuvre créée par le binôme Ciclope de plus de 100m2 intitulée ""Fleurs du futur"" vient s'inscrire au cœur du centre ville de Valence et apporte lumière, fraicheur, joie et vitalité dans cet espace minéral récemment renouvelé par la ville.";;0/04/13-0448c4c2-d3cc-37d4-8afc-bab98f5ffb14.json
Allex Pas à Pas - 11 balades commentées;Autres points d'intérêt;"Onze balades à travers les ruelles et chemins d'Allex, des photos anciennes et
des anecdotes, des cartes, des commentaires, etc. Flâner, arpenter les paysages
pour découvrir le patrimoine, la riche histoire du village et sa toponymie. Bonnes balades!";;0/04/13-04496fe1-83fb-33fc-b0a3-8f396d792c7e.json
Marché quartier Andrézieux;Spectacles et événements;Andrézieux Bourg « Eglise »;;0/04/13-044cc6c4-61ad-3d74-b1f6-3dd86939600e.json
La Grimaudière;Autres points d'intérêt;"Maison dauphinoise du XIXè siècle, comprenant 4 chambres (une chambre/salon), entièrement restaurée avec goût sur un  parc de 2500m² dans un hameau calme et tranquille. 
Chemins et routes balisés au départ du gîte pour balades pédestres, équestres, VTT.";;0/04/13-044e5607-1a2c-3836-bef1-17437392daff.json
Café des artistes;Restauration et gastronomie;Le Café des Artistes vous propose du mardi au vendredi midi, une cuisine régionale et généreuse dans un lieu chaleureux (2 salles climatisées, et une cour intérieure ombragée).;;0/04/13-04503d26-cf70-324a-8aa2-18445cdd9424.json
Résidence Le Splendid;Hébergement;F3 / 4 pers. Une résidence sécurisée, avec gardien, un immeuble cossu avec ascenseur dans le style du Vichy des années 20.;;0/04/13-045081da-ecf3-3258-b867-9412a9abdb76.json
Espace bien-être de l'Hôtel Avancher;Hébergement;"Réservez un moment de détente avec Maxime, notre kinésithérapeute. Espace bien-être, massage ressourçant, relaxant, revigorant, ou coaching sportif...
Il n'y a plus qu'à déposer vos skis pour en profiter !";;0/04/13-0450e9ba-4b27-34b4-acbe-276aacf21475.json
Marché hebdomadaire;Spectacles et événements;Marché divers ou vous retrouverez toute l'année des fruits, légumes, fromages, boucherie mais aussi vêtements, chapeaux, fleurs...;;0/04/13-045a55c4-09fd-364e-9058-5c925532138b.json
Le Clos Monade;Autres points d'intérêt;Cette petite maison de 60 m² mitoyenne avec la maison des propriétaires est logée dans un petit parc entièrement clos de murs. Le clos Monade est situé au cœur du village à proximité de l’abbaye Clunisienne de Souvigny.;;0/04/13-045c1a55-e570-3f94-afce-e4b48a16a018.json
Saint-Paul-de-Salers;Autres points d'intérêt;Le bourg de St-Paul-de-Salers, dominé par le rocher de la Vierge, est une commune agricole de 3800 ha, sur une altitude comprise entre 850m et 1500 m environ et qui s’étend sur la haute vallée glaciaire de la Maronne.;;0/04/13-045d24f5-574a-33ca-a859-e9ccec6dd7c8.json
Bar Cour des Loges;Restauration et gastronomie;Une adresse hors du temps. Le bar avec ses deux salons cosy au look rétro propose une carte raffinée de Champagne, cognac, rhum, single malt, armagnac ou encore de cocktails originaux.;;0/04/13-045e7c8d-f03d-33d8-a013-ea68668b3cc6.json
Observatoire du Col de Baracuchet;Nature et détente;Ce lieu d’observation offrant un panorama exceptionnel est depuis plus de 40 ans l'un des meilleurs du Massif Central pour profiter du spectacle de la migration des oiseaux en automne. Plus d'informations : https://www.migraction.net/index.php?m_id=1510&f;;0/04/13-045f2bb0-6a97-309f-938c-26cf30b97c8f.json
30éme RALLYE NATIONAL DU SURAN;Autres points d'intérêt;Découvrez le 30ème Rallye National du Suran à Saint-Denis-lès-Bourg! Un événement autosport incontournable, totalement accessible, promettant frissons mécaniques et inclusivité. Rejoignez-nous pour la passion et la vitesse!;;0/04/13-04608621-8876-3a59-a8e9-d88aa3573d7a.json
Bois de Cythère;Nature et détente;Le Bois de Cythère, classé au patrimoine naturel de la Savoie depuis 1906, est constitué d'un espace forestier sur la commune de Brides-les-Bains.;;0/04/13-0463a2be-e97a-3c6b-a495-5715d6ec3981.json
La Guinguette du pêcheur;Autres points d'intérêt;"Partagez un bon moment de détente autour du lac...
Pour pêcher, s'amuser et se ressourcer ... tout y est !  
Sur place: pêche à la ligne, jeux de piste, jeux pour enfants, restaurant ( le midi ) et des animations d'Avril à Juillet";;0/04/13-0463b46e-8f26-3ec4-acef-bfc8383024d8.json
Eglise Sainte-Madeleine;Culture et patrimoine;"L’association des Amis de Saint-Ilpize assure l’ouverture à la visite de l’église
Sainte-Madeleine tous les jours, sauf le mardi et le mercredi, du 16/07 au 29/08,
de 16h30 à 18h30 (sous réserve de confirmation)";;0/04/13-046aec5c-c308-3b33-9071-7e04f8696aca.json
Pro D2 - Oyonnax Rugby reçoit le FC Grenoble Rugby;Autres points d'intérêt;Pour la 1ère journée de Pro D2, l'US Oyonnax Rugby reçoit le FC Grenoble Rugby. Un derby pour l'entrée en compétition, alors tous à Mathon pour supporter votre équipe !;;0/04/13-046bea8b-d701-3930-8803-5eda2c4c2c5b.json
La Table de Fani;Restauration et gastronomie;"Salle de réception du traiteur ""La table de Fani"".";;0/04/13-046c43ff-0ea5-35c3-868a-5081f9a88be8.json
Le Kairn;Autres points d'intérêt;Dans une ambiance contemporaine et cosy, le Chef dur restaurant bar propose une cuisine créative et saine mettant à l'honneur des produits du terroir savoyard, le tout accompagné de vins de caractère issus de vignobles de Savoie et de la vallée du Rhône.;;0/04/13-046cdb2a-291b-362d-8d05-f0ca76205bce.json
Bowl;Autres points d'intérêt;Le Bowl est un module de skatepark ayant la forme d'une cuvette.;;0/04/13-046f4e7c-e393-3370-9520-094d75d9f9da.json
Restaurant L'Atelier;Restauration et gastronomie;Restaurant l'Atelier propose une cuisine faite maison , venez déguster la spécialité de la maison.. Le camembert rôti!;;0/04/13-04723d3d-7392-3237-95f5-730952c035a6.json
Quai des artistes;Autres points d'intérêt;Inspiré des plus grands cabarets et cafés-théâtres parisiens, Thibaut Del Corral, artiste et magicien professionnel a réussi le pari de créer ce lieu unique dédié aux spectacles et aux artistes.;;0/04/13-0473c0ac-8d23-3d74-b036-764f52a3ceea.json
Mine d'art;Shopping et artisanat;La Mine d'art est un bar atypique situé dans l'ancienne Poterie des Grottes le long du Jabron.;;0/04/13-0477cd9c-12f5-3c45-977f-3f7c90b587f1.json
Alpes Paintball;Sports et activités outdoor;Alpes Paintball et Alpes Lasergame sont situés proche de Chambéry au milieu de l’axe Lyon – Annecy – Grenoble. Ouvert 7j/7 – 24h/24 sur réservation. BBQ possible.;;0/04/13-04791801-e3b3-39c1-9df2-f808629387e2.json
Moulin Ainoz;Autres points d'intérêt;Venez visiter le moulin Ainoz, témoin vivant de l'histoire de Crest-Voland Cohennoz. Ghislaine et Patrick vous dévoileront les secrets de ce bâtiment unique en son genre, qui fut à la fois moulin et siège d'une manufacture florissante de manches en  bois.;;0/04/13-0479aa3f-2e90-3984-897c-9b939c663cd7.json
ASIAN CHALET 1850;Hébergement;"LE CHALET s'est fait une beauté pour devenir ASIAN CHALET.
Venez découvrir notre carte Thaïlandaise avec nos nems, rouleaux de printemps, Pas Thaï, riz sauté, poke bowl, soupe, mango stick rice....";;0/04/13-047acf31-40a7-3731-b2ac-887d878a8227.json
L'arboretum;Nature et détente;L'Arboretum se compose de 16 tables de lecture illustrées et enrichies d’anecdotes qui vous permettent de différencier les arbres qui bordent le lac de la Madone et de mieux comprendre le rôle des haies et des murets.;;0/04/13-047c18a5-8f70-3a2e-935a-85f47bc799a3.json
Canoë avec Auvergne Loisirs;Autres points d'intérêt;"Auvergne Loisirs vous propose une descente de la rivière Allier en canoë-kayak. Vous aurez le choix entre deux types de descente : 10km, c'est environ 2 à 3h de descente ; ou 20km, c'est environ 5h de descente (prévoir le pique-nique).";;0/04/13-047c2316-0ec2-3dbf-a0f2-2044330cb53a.json
La Chamade;Autres points d'intérêt;Ce restaurant gastronomique privilégie les produits régionaux de saison.;;0/04/13-047ddcdc-e865-3afa-97af-91a808806a6b.json
Le parc des eaux minérales;Nature et détente;"Situé au coeur du village, le parc des sources vous plonge dans le passé de la station balnéaire au début du XXè siècle.
Au détour des chemins, vous trouverez les 4 sources naturellement gazeuses, le monument des bains, le casino, le grand hôtel ...";;0/04/13-047f0ba9-3533-33bf-8557-dedcdd2c9bca.json
Flyeo;Autres points d'intérêt;Situés au bord du lac d'Annecy, à Doussard, Flyeo vous propose de vous envoler dans un cadre magnifique.;;0/04/13-04804704-7ca2-305b-bed2-e1bc250ba6a5.json
Masters de Pétanque 2025 - 1ère journée;Autres points d'intérêt;"La ville accueillera la 6ème étape des Masters de Pétanque.
LUNDI 25 AOÛT
10h00 : Début des Masters Entreprises 
11h00 : Inauguration du village";;0/04/13-04840fba-b3f5-31a9-84cf-126777158fe2.json
Resto-Snack du Camping des Foulons;Hébergement;Dans une ambiance familiale et au bord de la piscine, venez déguster une cuisine de qualité.;;0/04/13-04860ae1-1c66-3cbe-960f-e6a127d0bb4d.json
Cinéma Le Splendid;Culture et patrimoine;"En famille, seul(e), ou entre ami(e)s, le Splendid cinéma vous accueille à la Maison de Val. 
La programmation est riche, diversifiée, avec des films grand public, des comédies familiales, des films d’action ainsi que des films classés ART&ESSAI.";;0/04/13-048986d5-19bc-36cd-b16e-96016fac38b5.json
Le Gros Mur et la Porte de Lyon;Autres points d'intérêt;"Le Gros Mur assure à la fois une fonction défensive (rempart) et une
fonction urbanistique (soutènement). Huit des neuf portes fortifiées servant de péage ont été détruites pendant les Guerres de Religion. Seule subsiste la porte
de Lyon, sous le Gros Mur";;0/04/13-048b27e7-1012-3f0d-99d1-0e646db66694.json
Four à griller des anciennes forges d'Allevard;Autres points d'intérêt;Dernier vestige de trente ans d’activité industrielle à Saint-Pierre d’Allevard, ce four, construit vers 1905 est un des rares exemplaires de ce type conservé en France.;;0/04/13-048b78c6-ccd4-39df-87d9-f3474bbfe6c4.json
Restaurant Les Verdets;Restauration et gastronomie;Restaurant d’une cuisine du sud-ouest ,savoyard et pizzeria à Viuz-en-Sallaz;;0/04/13-048bda2d-ebcc-3812-bb47-3ea6f8b90c5c.json
"Circuit moto ""Du massif du Mézenc-Meygal aux Gorges de la Loire""";Nature et détente;Circuit : Brives Charensac, le Monastier,  les Estables,  le mont Gerbier de Jonc,  Fay sur Lignon, , Yssingeaux, Retournac, Vorey, Lavoute, Le Puy, Brives- Charensac;;0/04/13-048c4600-a7ba-39b8-b56d-54c127378d83.json
Église Notre-Dame - Agonges;Culture et patrimoine;Visite libre avec document. Église romane d'influence bourguignonne, auvergnate et berrichonne. ISMH;;0/04/13-048cca0c-d503-3764-9666-6496742f0568.json
Col de la Ramaz - Vélo de Route;Sports et activités outdoor;Escaladé à plusieurs reprises lors du Tour de France, le col de la Ramaz offre une vue imprenable sur la chaîne du Mont-Blanc.;;0/04/13-048decc8-8efc-3847-8682-34eb2eee67f8.json
Hôtel de la Gare;Hébergement;Hôtel indépendant situé en centre-ville, à deux pas de la gare, de tous commerces et visites : cité médiévale, MuPop, château des ducs de Bourbon... À seulement 1,9km de l'école de gendarmerie, 0,8km du centre Athanor et 1,5km du parc des expositions.;;0/04/13-048f4429-1099-36a9-bc92-a856b867369f.json
Site de Chamrousse - Décollage l'Aiguille;Autres points d'intérêt;Le site de Chamrousse est géré par Air Ailes Chamrousse Vol libre. Pour un encadrement professionnel se rapprocher de l'école de parapente Corole.;;0/04/13-048fb438-2a20-3e17-882e-868bdc27d1d9.json
Auberge la Praille - Location skis, raquettes, luges;Hébergement;"L'Auberge gîte ""La Praille"" se situe au pied des pistes de ski nordique et sentiers raquettes.";;0/04/13-04918547-3b2e-377d-98fd-c6ba5128e02e.json
Alain Niermaréchal - Acc. en Montagne;Nature et détente;Alain, accompagnateur en montagne, vous emmènera sur les sommets de la Vallée du Brevon, et sur les sentiers des Alpes du Léman.;;0/04/13-04926510-6c33-3582-8b24-28c7d311c04a.json
Porte fortifiée;Autres points d'intérêt;Le château de Chilhac se dressait à l'extrémité Sud-Ouest de l'éperon basaltique. Il subsiste la porte couverte d'un arc en tiers-point, surmonté d'une bretèche. Le tiers-point et l'archère dans la bretèche sont caractéristiques du XIIIème siècle.;;0/04/13-049a784c-ce46-3cd0-bde1-57df2d2c9d45.json
Pressiat, village martyr;Autres points d'intérêt;Située au pied du mont Myon sur la route du Revermont qui relie Treffort-Cuisiat. Le village est dominé par un paysage de petite montagne où domine le mont Myon (site classé) à 662 mètres.;;0/04/13-049aa36b-2736-31f8-902b-2b0810a2f2ef.json
Gîte de groupe La Fruitière;Hébergement;Gite de groupe spacieux en gestion libre aménagé dans une ancienne fromagerie rénovée. Situé à 850m d'altitude dans un village de montagne aux portes du Plateau de Retord. Salon avec poêle à bois, salle de jeux. 14 chambres 2 à 8 pers.;;0/04/13-049db3d6-8f8c-3766-8020-ee653fdd4f34.json
Circuit N°4 Les côtes du coucou - VALPARURE;Nature et détente;Au départ de Sarlanges, cette boucle vous mènera à la découverte du patrimoine de plusieurs hameaux de Retournac. Châteaux, lavoirs, fontaine ferrugineuse, croix et église se laissent découvrir au fil de vos pas.;;0/04/13-049e0a1d-2066-3c1c-b088-5f3906136832.json
Résidence Sancy Resort;Hébergement;"Le Sancy Resort est une résidence de tourisme située sur la commune de Chambon-sur-Lac.
Nous proposons des appartements tout équipés toute l'année pour des séjours en famille ou entre amis.
Nous organisons tous types d'évènements sur mesure..";;0/04/13-04a16158-a10d-3cbf-9630-9071cb4a2711.json
Mini-golf du Verdillé;Sports et activités outdoor;A proximité du camping, de la piscine municipale et des terrains de sports, le mini-golf du Verdillé vous accueille avec ses 12 trous.;;0/04/13-04a37a9c-3011-3e31-ae25-f8c55fcedd5f.json
Camping  Vieille Eglise;Hébergement;Frédéric et Ghislaine vous accueillent dans leur camping 3 étoiles familial, entre lac et montagne.;;0/04/13-04a40978-5a18-351d-83fa-0b6ec7ef1fd3.json
Restaurant - Camping Ser Sirant -;Hébergement;"Le matin, au petit déjeuner en trempant un croissant dans son café, quel bonheur d’admirer les pêcheurs partir à la recherche du Corégone ou Lavaret  !
Le soir, profitez des plats italiens préparés par Riccardo !";;0/04/13-04a48b17-e3b7-3554-9e78-2eb1b058adb4.json
Le Manoir des Rêves Sauvages;Autres points d'intérêt;Le Manoir des Rêves Sauvages est un lieu où se mêle harmonieusement l'authenticité d'une demeure de XIXe siècle, la modernité des 9 chambres entièrement réaménagées avec élégance et le monde sauvage;;0/04/13-04a79304-d8d8-3b28-b8fc-490fe596ea41.json
Gorges' Deli;Autres points d'intérêt;"Spécialités et offres adaptées à chaque événement.
FoodTruck et traiteur";;0/04/13-04a798dc-68b3-3898-9899-aa4b4d61df14.json
Bibliothèque;Culture et patrimoine;Gérée par une association de bénévoles, la bibliothèque offre un choix intéressant d'oeuvres littéraires (romans, policiers, BD, livres pour enfants...). Un renouvellement régulier permet d'y trouver des nouveautés chaque mois. Achat de livres possible.;;0/04/13-04a8d076-5c5d-3305-8507-d3110404c6a0.json
Ancienne gare d'Uriage-les-Bains;Services et activités encadrées;Uriage, cette jolie station thermale, a une histoire richement liée à son ancienne gare. Ce bâtiment, aujourd'hui transformé en Office de Tourisme, témoigne d'une époque où le train était le moyen de transport privilégié pour rejoindre cette destination.;;0/04/13-04aa2c37-f120-38e5-86ad-d8465aabcdb2.json
Dolce Vita;Autres points d'intérêt;"Le restaurant vous propose une cuisine ""faite maison"".";;0/04/13-04aae610-0442-36ba-9eb6-a730a2584095.json
Restaurant - Pizzeria La Provençale;Restauration et gastronomie;Dans une ambiance conviviale venez déguster des pizzas cuites au feu de bois. La carte comporte aussi des plats du jour. Desserts faits maison. Menu sur-mesure sur demande. Kiosque à pizzas : tous les jours midi et soir (Avenue des hauts du Lyonnais)..;;0/04/13-04ab0560-fb6d-36df-b0a9-deb7648e0344.json
Au Fil du Rail - Jeu de Piste à Argentière;Autres points d'intérêt;"Venez découvrir le jeu de piste au Fil du Rail à Argentière !
Les dépliants des jeux de piste sont disponibles gratuitement à l'accueil des Offices de Tourisme de la Vallée de Chamonix";;0/04/13-04acfbc1-9341-343a-a9cc-a9ca22fc851c.json
Rencontre avec ...;Autres points d'intérêt;Jean Lebrun, historien, journaliste à Radio France dans le cadre des Journées du Matrimoine.;;0/04/13-04adcafc-5726-31ed-b756-a856390274e9.json
ACE Hôtel Annemasse;Hébergement;Situé à Ville-la-Grand, dans la zone commerciale, non loin de la frontière franco-suisse, au sud-ouest du Lac Léman et dans la zone urbaine Genève-Annemasse, venez profiter du nouvel établissement : le ACE Hôtel Annemasse.;;0/04/13-04ae9d76-941b-3994-ba3d-e2f6dcb3405b.json
Le JO Live Rock Café;Restauration et gastronomie;Bar/café/pub à Arc 1800.;;0/04/13-04aef08e-03bb-37f4-88c8-681db97d76bc.json
Stèle du panneau blanc;Autres points d'intérêt;« Dans cette maison est né le premier maquis AS de la Montagne Bourbonnaise : juin 42-août 44. »;;0/04/13-04b8032e-1366-3b2b-bcd9-d41e38445e2e.json
Le Commerce;Shopping et artisanat;"Menus, carte, spécialités. Produits frais et régionaux. 
Le raffinement de la Table commence par un accueil souriant et se décline en cuisine par le respect dû aux produits frais et régionaux.
Service talentueux, prestations de qualité.";;0/04/13-04b828eb-6b0a-3a43-bbf9-06957e74983d.json
Restaurant La vie en rose;Restauration et gastronomie;À la cuisine, Karl, avec sobriété et simplicité, vous met du soleil dans votre assiette, avec une cuisine fine et soignée. En salle, Chantal vous accueille et sait vous conseiller dans vos choix.;;0/04/13-04b9e08e-4bbd-3f06-ac8c-4d0b4dfeb764.json
Eglise Saint-Jacques-d'Assyrie (Les Boisses);Culture et patrimoine;Reconstruite sur l'éperon des Boisses suite au dynamitage de l'église originelle, avant la mise en eau du barrage, l'édifice actuel conserve les caractéristiques de son aînée : découvrez une église baroque... du XXe siècle !;;0/04/13-04babe9e-bbc0-348f-b9ab-d7cb6191508e.json
Ecole de parapente Air-2-ailes;Autres points d'intérêt;L'école de parapente Air-2-ailes vous accueille tous les jours de l'année à Saint-Hilaire-du-Touvet. Nous serons heureux de vous faire découvrir ici en Isère nos vols et baptêmes de parapente, le panorama face à la chaîne de Belledonne est splendide.;;0/04/13-04bc6afe-1d79-35c4-984d-a91e5eca9896.json
Maison Renaissance;Autres points d'intérêt;Cette maison possède un appareillage de pierres taillées dans un trachyte. En façade on peut voir une échauguette en encorbellement et une échauguette en légère saillie dans l’angle.;;0/04/13-04bddfb5-8d49-3c35-a078-b9a22888a509.json
La Folie en Tête;Autres points d'intérêt;Restaurant, pizzéria, bar cocktails et concert les weekend à partir de 22h30. Ouvert à l'année. Bonne musique et ambiance. Terrasse panoramique. Fondue et Raclette pendant la saison hivernale, plats du moment et petite carte avec produits frais.;;0/04/13-04bde2a9-6202-38b8-84c5-c3cc25bf99f9.json
Basilique Saint François de Sales;Culture et patrimoine;"Cet édifice religieux fut achevé au début du XXe s. Maurice Denis y a peint ses dernières œuvres, peintures murales qui donnent beaucoup d'intérêt à la basilique. 
L’église baroque Saint-Hippolyte communique avec cet  édifice.";;0/04/13-04be1b7b-a71a-3593-83b7-03d20d4a77ad.json
Les Chalets Laska;Autres points d'intérêt;Au cœur de l’espace protégé du massif du Mont-Blanc, aux Contamines Montjoie, les Chalets Laska ont trouvé refuge.;;0/04/13-04beacd1-f76b-33af-b98c-32f20f08309f.json
Via Ferrata des Evettes;Autres points d'intérêt;Dans un cadre somptueux, la Via ferrata des Evettes est une invitation à la pratique de la via ferrata. Alors direction le sentier des Gardes en suivant le fléchage vert et les panneaux d’informations.;;0/04/13-04bf3778-7fd3-3f39-914c-66a059b24f27.json
Hôtel Mont Vallon;Hébergement;Au cœur des 3 Vallées à Méribel Mottaret, le Mont Vallon un hôtel 4* skis aux pieds. Il abrite de beaux salons, un piano-bar, un restaurant, une brasserie, des chambres et suites tout confort, un penthouse, des salles de séminaire et un espace bien-être.;;0/04/13-04bf8f3d-8b2b-3fcf-ac97-93a884d8f72c.json
Foch et Centre;Autres points d'intérêt;A_GENERER_VIA_IA;;0/04/13-04bfa020-6db1-30a1-96c6-0c643458bf90.json
Ranch de Vourles;Autres points d'intérêt;L'équitation naturelle aux portes de Lyon. Cours pour les enfants, balade à cheval et à poney pour enfants et adultes.;;0/04/13-04c4ae77-ca15-3dce-9711-206cd5d6efcd.json
Visite de bergerie;Autres points d'intérêt;Découverte des animaux - chèvres, brebis  et vaches - et de l'atelier de fabrication des fromages et rencontre avec la bergère.;;0/04/13-04c5dd36-9460-3114-ad78-60e34457a3a4.json
Maison du Patrimoine;Culture et patrimoine;La Maison du Patrimoine, située rue des Arcades, au cœur du vieux bourg de Taninges, ouvre les portes d’un espace de visite et d'exposition dédié au patrimoine et aux savoir-faire jacquemards.;;0/04/13-04cb2d4d-df9c-30bf-bf8c-5514b6a8a25d.json
Centre Culturel le DÔME;Autres points d'intérêt;"Le Centre Culturel le DÔME propose une programmation variée autour du théâtre, de la danse et de la musique. A découvrir également un cinéma ""Art et Essai"" et l'espace médiathèque, dédié à l'actualité et à l'histoire locale.";;0/04/13-04cc74e1-87ab-3cd0-b94b-d4b7079e2b4b.json
Aux Comptoirs du Village;Autres points d'intérêt;Bar - Restaurant très convivial et tranquille où l'on se retrouve entre amis. Le chef, Christian Muret, est traiteur : la garantie d'une restauration de qualité et soignée.;;0/04/13-04cd77e7-f094-3bc3-99c0-0ca7161a0e5c.json
Charette;Autres points d'intérêt;Bienvenue à Charette, commune au nord des Balcons du Dauphiné, dans le Nord-Isère. Le château de Vernay et l’Espace Naturel Sensible des Mares de Craquenot sont les atouts principaux de ce joli village.;;0/04/13-04ceb86d-c2d0-3004-a4c0-04865251d2f5.json
L'Abbaye de Talloires;Culture et patrimoine;"L' Abbaye de Talloires, hôtel, restaurant, spa 4* offre l'alliance parfaite entre héritage et modernité.
37 chambres, 2 restaurants gastronomique et bistronomique, 2 terrasses, 1 bar, 1  Spa, 1 ponton privé pour profiter pleinement d'un décor de rêve.";;0/04/13-04d046bc-fcd0-3607-b73a-bdcc76359a5a.json
Luge sur rails Alpine Coaster de Chamonix;Sports et activités outdoor;À ne pas manquer : la piste de Luge Alpine Coaster de Chamonix est ouverte toute l'année ! Même par temps de pluie !;;0/04/13-04d06770-5989-32de-8abd-a401c6a16858.json
Point de vue;Autres points d'intérêt;"Vue panoramique sur la Vallée du Rhône, les Monts d'Ardèche... 
La table d'orientation, au pied du donjon, vous permettra une bonne lecture du paysage.";;0/04/13-04d1e0a6-20ed-382f-8087-9e37cf97429b.json
Camping au Fil de la Volane;Hébergement;Ce camping ombragé au bord de la rivière vous offrira son ambiance familiale, ses animations en juillet et août, la baignade en piscine privée et en rivière. Nouveau : aire de fitness;;0/04/13-04d2153b-54a1-36cb-9588-c904f2d6a545.json
Ecurie Confluence;Autres points d'intérêt;L'ecurie propose : Pensions boxes, Pensions prés, Coaching, préparation mentale du cavalier, soins énergétiques humain et animaux.;;0/04/13-04d33cfc-e1fe-3dc8-a29d-d13058e1fb17.json
Eglise Sainte-Marguerite;Culture et patrimoine;L'église date essentiellement du XIVème siècles mais les peintures murales à l'intérieur sont du XXe siècle.;;0/04/13-04d50167-5325-3ec1-8e0f-4a7e8b20a217.json
Hôtel Beau Rivage;Hébergement;Douceur et lumière des bords du Rhône, terrasses à fleur d’eau, magie d’un jardin secret, autant de sensations qui font de l’Hôtel Beau Rivage un havre de paix pour un séjour hors du temps.;;0/04/13-04d5b8d0-675c-3201-bcc0-ad3a615d3846.json
"Conférence des Thermes ""Le stress et sa gestion"" - Vendredi 4 avril";Autres points d'intérêt;A_GENERER_VIA_IA;;0/04/13-04d6311a-bc95-3717-9cb7-a2fa7e3414d9.json
Lycée Jehanne de France;Autres points d'intérêt;Situé dans le cadre du lycée professionnel Jehanne de France, ce lieu se veut un restaurant de référence du savoir faire français.;;0/04/13-04d83dd7-72f6-34c0-a9f6-af0d325e0476.json
Ô Flaveurs;Autres points d'intérêt;Le restaurant Ô Flaveurs vous accueille dans un cadre feutré au cœur du Château de Chilly de Douvaine. Pittoresque et singulier, l'établissement orné d'une étoile Michelin, vous charmera pleinement. Laissez vous porter par la créativité du chef Jerôme.;;0/04/13-04d84ae5-beab-3efd-95a7-9d479cd8bc50.json
Piscine municipale été;Sports et activités outdoor;"À l'intérieur, un grand bassin de natation de 25 mètres avec 5 lignes d’eau et un petit bassin de 10m.
À l'extérieur, un bassin olympique de 50m avec 8 lignes d’eau, un petit bassin et une pataugeoire pour les petits.";;0/04/13-04d92ec0-6a06-3c50-9c57-7da2e29b9c6b.json
Église Saint-Loup;Culture et patrimoine;Cette église construite en style roman a été remaniée au XVe siècle en style gothique. Au cours du XIXe siècle, 16 verrières sont installées et la plupart signées de maîtres verriers clermontois.;;0/04/13-04da6f0e-fdd4-375a-9648-3dfd310783ab.json
Warm'up Pub;Restauration et gastronomie;"Pub anglais à thème ""Rétro Mobile"" au coeur du complexe multi-loisir du Bowling de Margencel: Bowling, salle de billard, restaurant...";;0/04/13-04da78cf-f2a7-3850-a486-49ed79c82364.json
À l'Orée du Bois;Nature et détente;Hôtel rénové, proche de Vichy, station thermale, offre un accueil personnalisé et une ambiance familiale.;;0/04/13-04dad052-fb31-32ae-92fd-af905536f763.json
Boulodrome intercommunal;Autres points d'intérêt;Il  fonctionne du 1er/11 au 30/04 de chaque année et rassemble les joueurs de boules « Lyonnaise » et « Pétanque ». A cette période, il est mis à disposition de l’Association de Gestion du Boulodrome Intercommunal du Plateau qui gère l’activité.;;0/04/13-04db097a-e16c-34d9-b999-894952553004.json
Résidence l'Aiglon;Hébergement;"Idéalement situé au coeur du village savoyard traditionnel de Morzine, L'Aiglon est une magnifique ""résidence de tourisme"" de 12 x 4* appartements indépendants.";;0/04/13-04db3983-fdef-3ef0-a06f-7c6b31502034.json
Pizzéria Mia Italia;Restauration et gastronomie;"La Diavola, la Primavera, la Lady Pistaccio...des promesses de voyages 
Bonne dégustation!";;0/04/13-04db8a6a-9731-384b-8288-dc59b5ab032a.json
"Ludothèque ""La Ribambelle""";Autres points d'intérêt;"La Ribambelle  fonctionne toute l’année dans une structure fixe,  mais également en itinérance sur toutes les communes du plateau Vivarais-Lignon.
Nous disposons actuellement d’un fond de plus de 1 200 jeux pour tous les âges, de 3 mois à 99 ans.";;0/04/13-04dd5a48-6828-3ce9-b8cf-30ee45aed667.json
Marché des saveurs d'automne;Spectacles et événements;"Les pommes se sont pressées pour vous accueillir au marché des saveurs d’automne.
Autour du pressoir, installé aux abords de la halle dans le parc de la mairie, une démonstration de pressage à l’ancienne de pommes bio cueillies localement est prévue.";;0/04/13-04e08395-acbb-3edd-93d7-cd10d52620f4.json
Terrain de Pétanque;Autres points d'intérêt;Terrain de pétanque à disposition pour une pratique autonome. Apporter son matériel.;;0/04/13-04e21f14-7ace-39d8-8106-373dd8c3f725.json
Ibis Styles Lyon Confluence;Autres points d'intérêt;Cet hôtel est idéalement situé à 10 minutes du centre ville et de la gare TGV Lyon Perrache.;;0/04/13-04e4e396-3841-3e7b-b9d2-2ed589459376.json
Parcours patrimoine;Culture et patrimoine;Du centre du village à Notre-Dame la Gorge, ce sentier pédagogique d’environ 4 kilomètres vous emmènera à la découverte du patrimoine naturel et culturel des Contamines.;;0/04/13-04e83654-1b9d-3069-9143-350f3b8ab68b.json
Aire Camping-Cars de Beausemblant;Hébergement;Aire municipale gratuite, sur une place agréable. Services de vidanges, eau potable. Stationnement autorisé.;;0/04/13-04e9e240-f2d9-371d-884a-349f020379fd.json
11 - Le toboggan;Autres points d'intérêt;Le parcours “Le toboggan” est un parcours facile, idéal pour se familiariser et découvrir la pratique du ski de randonnée.;;0/04/13-04eb21af-99f6-3390-a034-09806e957062.json
Ema Restaurant;Restauration et gastronomie;Restaurant bistronomique, bar à vins, épicerie fine, caviste à Avenas en plein cœur du Beaujolais.;;0/04/13-04eb71b2-a84b-3a60-913a-bf7f2d60cb5a.json
Alpine Airlines : vol panoramique en avion, baptême de l'air;Autres points d'intérêt;La compagnie aérienne Alpine Airlines vous propose des baptêmes de l’air et des vols panoramiques au départ de l'aéroport de Chambéry Savoie Mont Blanc : une belle façon de découvrir les Alpes, ses lacs et ses glaciers, vu d’en haut.;;0/04/13-04ed6d37-5724-3833-b3e6-0f0429b0d8f5.json
Cinéma L'Entract';Culture et patrimoine;"Etablissement classé ART et ESSAI, le cinéma ""L'Entract"" à Boën-sur-Lignon,  est un cinéma associatif.
Retrouver le programme du cinéma ""L'Entract"" en cliquant sur le lien suivant : www.cinema-entract.com.";;0/04/13-04ee08ea-d1a2-3900-9cab-6b2198fb6d93.json
Site de pêche - Étang de Gasserot;Sports et activités outdoor;"Surface : 12 ha
Poissons : brochets, sandres, carpes, tanches, gardons et perches (pêche à la ligne uniquement).";;0/04/13-04f50795-2d21-370c-adb7-4fdd46afc0b2.json
Ferme Auberge Briassou;Hébergement;Jean-Philippe et toute son équipe vous proposent une cuisine du terroir utilisant principalement les produits de la ferme : porc, agneau, volaille et légumes en agriculture biologique...(à emporter & portage repas sur commande);;0/04/13-04f61c1c-2b85-3805-a26c-8123288c1525.json
Splendide (station de la source Cachat);Services et activités encadrées;L’Hôtel Splendide, détruit en 1983, est lié aux grandes heures du thermalisme évianais.;;0/04/13-04f8fb3d-8825-3e71-a09e-0f438b449c3d.json
Le ChaluTiers;Autres points d'intérêt;"Stages et formations autour de l'artisanat d'art sous demande de réservations.
Visite des ateliers professionnels sur rendez-vous.
Le tiers-lieu du Chalutier est libre d'accès et ouvert tous les jours.";;0/04/13-04f90cb5-5dd6-3bef-a297-912f49ad384a.json
Point Lecture;Autres points d'intérêt;Le point lecture offre un service de qualité et de proximité aux habitants du territoire, et intègre le réseau de lecture publique de Val'Eyrieux.;;0/04/13-04fc461e-4047-367b-90e8-d0f2ae88a67f.json
Enduro : Evita Carnéa;Autres points d'intérêt;Un accès facile avec le télésiège du Grand Jeu pour cet enduro qui ne requiert pas une technique de champion. Amusez-vous sur ce parcours idéal pour débuter en Enduro. Nous conseillons un accompagnement avec un moniteur.;;0/04/13-04ffc4c9-5a3f-32e9-ae86-ea73319ef2b5.json
site d'escalade : la Croix de Fer;Autres points d'intérêt;"La Croix de Fer se trouve à 2337m, en surplomb de Véran dans le massif des Fiz et fait partie des sommets qui dominent Sallanches.
Magnifique calcaire d'altitude semblable à celui des Tours d'Areu, par exemple.";;0/05/13-050458ab-8818-35aa-a0d0-cc62bcca9b6e.json
La Fontenelle;Autres points d'intérêt;Chambres d'hôtes de deux à cinq personnes dans une maison ancienne avec un parc arboré se situant à deux minutes à pied du centre historique de Souvigny.;;0/05/13-0506c946-48af-3f01-82b0-ddaf67c7974a.json
Jardins de la Montée Bailly;Autres points d'intérêt;La Montée de la rue Marius Bailly démare avec une petite placette et des points de rencontre sont aménagés au plus fort de la montée. Plus haut, vous retrouverez une ambiance de jardins cultivés.;;0/05/13-050a8120-e2a3-3875-9df8-752fcc0323ef.json
Circuit du Bourbonnais;Nature et détente;Le circuit du Bourbonnais est une piste de 2,3 km de long sur 10m de largeur, permettant de nombreuses configurations de parcours. Circuit loisirs et entrainements, agréer auto/moto plus de 200km/h.;;0/05/13-050ffefe-cb5f-346b-8d94-8f829540a4d0.json
Parcours d'orientation Ludique Bourg Saint Maurice;Nature et détente;La course d'orientation est une discipline sportive avec des balises permanentes;;0/05/13-05107d9e-4f68-32f1-b1f7-38b6f91eb1c5.json
L'Auberge d'Anthy;Hébergement;"Situé à deux pas de Thonon dans l'un des plus jolis villages de la rive lémanique, ce confortable  hôtel  a su garder son air de modeste auberge de campagne qui fait tout son charme. ""Ici, on boit, on mange, on dort"".";;0/05/13-05108006-1d61-3529-b73a-f3d8c849b350.json
Salon de thé : Pâtisserie Dauphin Blampain;Restauration et gastronomie;Venez vous accorder une pause sucrée au sein d'une des meilleurs pâtisseries de la ville, autour d'une boisson chaude.;;0/05/13-0512f4cc-69ed-376e-b6f6-09d8b63129ac.json
Les 3 Petits Cochons;Autres points d'intérêt;Restaurant convivial au cœur de Champeix, spécialisé dans la préparation de succulents burgers et de pizzas croustillantes. C’est l’endroit idéal pour déguster un repas de qualité dans un cadre sans prétention mais plein de caractère.;;0/05/13-05140658-1c32-3511-8102-86270cbaaabc.json
Les Etoiles des Cîmes;Autres points d'intérêt;Activités et animations en astronomie et planétarium itinérant.;;0/05/13-05140917-f46e-3a51-84cc-deb057ea5d41.json
Le Samoa;Autres points d'intérêt;Brasserie  traditionnelle et moderne au cœur du fer à cheval;;0/05/13-05144367-6515-34a6-ba2d-42fd971a09d0.json
Les crêtes d'Ussel - 15 km;Autres points d'intérêt;Sur les crêtes d'Ussel-d'Allier, les villages voisins semblent être à un jet de pierre. Grand air et horizons à savourer aussi depuis le solitaire plateau de Charroux.;;0/05/13-05164037-694f-3625-8a94-123eb963d414.json
Gama, le garde manger;Autres points d'intérêt;"GAMA c'est le GArde-MAnger avec du fait maison une ambiance street food : burgers et hot dog au pain doré, poké bowl, des frites croustillantes, des salades, gratins savoureux et plats mijotés vous attendent ! 
Pose gourmande avec des desserts délicieux.";;0/05/13-05196df4-3249-3c16-836a-9fd6fe8374cb.json
Nordicéa;Autres points d'intérêt;Nordicéa accueille vos séminaires d'entreprises, évènements de groupe... dans un cadre de nature. Profitez de la salle spacieuse et de la restauration, avant de vous délecter des parcours en forêt ou des activités possibles sur place sur réservation.;;0/05/13-051a8dfc-d4d2-3563-b8a0-9d6e26b5e989.json
Camping le pré des laveuses;Hébergement;Camping de 100 emplacements et 45 locatifs entouré par un écosystème riche des berges de l’Allier et des coteaux de Cournon-d’Auvergne;;0/05/13-051b2076-2255-39aa-98a5-b56d23390791.json
Chez SACHI - Sushi et plats japonais;Autres points d'intérêt;"VENTE A EMPORTER 
Chez SACHI vous propose l'hospitalité traditionnelle japonaise '' OMOTENASHI'' à travers une gamme de sushis et plats japonais pour embellir vos tables.";;0/05/13-051d1fff-bdc2-3edc-8b24-e209dc8d5ea8.json
Concours de Pétanque;Autres points d'intérêt;Venez passer un agréable moment en participant au Concours de Pétanque organisé par les Amis de Cornavy. Buvette sur place.;;0/05/13-051df46e-e0bc-351c-ab0c-f50ee1e4fe30.json
Le moulin Parraut - 12 km;Autres points d'intérêt;Très agréable randonnée au relief changeant, entre le village médiéval de Charroux et les rives de la Sioule à Jenzat, avec un passage par un vallon sauvage et une colline boisée (panoramas).;;0/05/13-051e9566-37ea-311d-9a43-1879ad50273a.json
Restaurant Pizzeria le DJM;Restauration et gastronomie;Avis aux amateurs de pizzas savoureuses mais aussi du poulet forestier sur gratin de ravioles, vous  avez une nouvelle adresse à tester !;;0/05/13-051fec01-9cbe-3fc6-bdfa-8da54cd6abb8.json
Église Saint-Mazeran;Culture et patrimoine;"L'église paroissiale Saint-Mazeran date des XI-XIIe siècles. 
Elle est inscrite à l'inventaire des Monuments Historiques depuis 1933.
Elle fait partie de la Fédération Européennes des Sites Clunisiens et de la Route des Églises Peintes du Bourbonnais.";;0/05/13-05205b84-0ab6-3100-b0dd-a84142d3def9.json
Parc Michal;Nature et détente;Espace vert, au coeur de la ville de Giéres.;;0/05/13-0521122b-ba3f-3b21-8022-c1533f268b4c.json
Aérodrome de Vienne Reventin;Autres points d'intérêt;L'aérodrome de Vienne Reventin est en partie géré par l'association de l'aéroclub de Vienne mais peut servir aussi de piste de décollage pour d'autres prestataires de loisirs.;;0/05/13-05222e1b-2454-3cbb-b61c-f072d7bad9ed.json
Camping La Coccinelle;Hébergement;Nous vous souhaitons la bienvenue dans notre camping en pleine nature, en Auvergne, à proximité du beau village de Blot l'Église, qui vous offre tout ce dont vous avez besoin. Le camping propose 42 emplacements : pour tentes, caravanes, camping-cars.;;0/05/13-0523265c-039a-3189-b05a-fe7c0e90eb92.json
Hôtel Faucigny;Hébergement;Un hôtel familial situé dans les Alpes aux Portes du Pays du Mont-Blanc, entre Genève et Chamonix et à proximité d'Annecy, Evian, Morzine, Samoëns, Yvoire. Piscine, climatisation et parking fermé.;;0/05/13-0527c444-9619-369c-9565-d724216aea04.json
Maison Champanhet : musée des savoir-faire ardéchois;Culture et patrimoine;"Au carrefour des traditions et des savoir-faire, cet espace muséographique vous invite à un étonnant voyage culturel et patrimonial dans les hautes Cévennes ardéchoises. 
Vous venez avec des enfants ? Demandez le livret-jeu à l’accueil.";;0/05/13-052a35f9-754e-3890-b061-f8bfd26e8fd3.json
Monétay-sur-Loire - Circuit 1;Nature et détente;Partez à la découverte des chemins de Monétay-sur-Loire située entre les vallées de la Loddes et du Roudon.;;0/05/13-052c1f5f-f629-3d75-9f4c-5e1af4419bb3.json
Gîte du Suel;Hébergement;Au pied du site exceptionnel du massif du Glandasse en bordure du village médiéval de Châtillon, le gîte d'étape vous attend  à l'arrivée des GR 91, 93, 95 et sur les circuits VTT du Diois. Petit site d'escalade à 500m. Accès à pied au village.;;0/05/13-052eae0f-26d5-3a41-a157-b803edaab72e.json
Karavan Théâtre;Culture et patrimoine;Le Karavan théâtre propose une riche programmation qui alterne les styles et les genres : théâtre, danse, musique, humour, cirque, ciné-documentaire et jeune public.;;0/05/13-0530e5eb-fd83-34c0-8333-6d34bd7640e4.json
Les blocs de la Chapelle Saint Michel;Culture et patrimoine;"Sous le rocher du Caire, ce site est caché dans un écrin de nature sous le regard des colonies de vautours 500 m au-dessus !
Le secteur principal ouvert est composé d’une dizaine de beaux blocs calcaires avec des réceptions propres.";;0/05/13-05329f4b-0c6c-33f2-904e-7ac45faecffe.json
Culina Hortus;Autres points d'intérêt;L’équipe avait à cœur de proposer un nouveau projet et enfin en France une adresse gastronomique 100% végétarienne, aux menus haut de gamme, dans un espace cosy et design.;;0/05/13-05345b58-d95d-37bb-a456-e0b948281434.json
Alexandre Delano (concert);Spectacles et événements;Dans le cadre de sa saison culturelle 2025, le café-lecture La Clef présente Alexandre Delano et son épopée pop, plongée romanesque vers le souvenir amoureux et la quête de mémoire d'Olga, personnage venu de l'Est.;;0/05/13-0534fe26-0809-339f-8c4b-0c153de74ab9.json
Bar Snack des Hermines;Restauration et gastronomie;Venez profiter d’une petite pause au bar-snack et brasserie au bord du lac des Hermines !;;0/05/13-0537bb9a-df42-3ec6-837e-802b0e1027f9.json
Auberge des quatre chemins;Hébergement;Sophie vous reçoit dans son restaurant entièrement rénové dans les tendances actuelles, avec un service de qualité. Le Chef a le plaisir de vous faire découvrir sa cuisine gastronomique inventive, en travaillant des produits frais et régionaux.;;0/05/13-0538f65e-850c-3ae9-a77b-599196223f3d.json
Marché de Produits Manufacturés Ambroise Courtois;Spectacles et événements;Produits vendus : vêtements, chaussures, sacs, bazar, etc. 30 commerçants.;;0/05/13-05395931-ad7d-32ea-82f2-4989edd4645e.json
Le Perréon;Autres points d'intérêt;A_GENERER_VIA_IA;;0/05/13-0539e16b-7efc-30eb-a153-7b6d80a5cda6.json
Les montagnettes;Autres points d'intérêt;Entre le village et l’alpage s’échelonnent sur le versant ensoleillé les montagnettes, ces villages habités temporairement au gré des remues des hommes et des bêtes : Gros Murger, la Rochette, Mollard, Pelapoët, Plan Fournier, Vers le Saut.;;0/05/13-053a6a47-30b2-33de-9f93-074d28e6f4f6.json
Aire de fitness;Sports et activités outdoor;Profitez de ce mobilier sportif urbain pour faire vos exercices physiques !;;0/05/13-053a95bb-e001-3c7f-8a11-aa773786ebaf.json
Espace Sports d'Orientation du Bessat;Autres points d'intérêt;Des parcours de différents niveaux et 70 balises permanentes à trouver aux bords des chemins ou en pleine forêt afin de vous initier ou perfectionner en orientation. Une façon ludique et amusante de randonner en forêt en partant à la chasse aux balises !;;0/05/13-053b2108-e3f9-30ad-b2a8-edf682075323.json
Le temps des noyaux;Autres points d'intérêt;Le temps des noyaux est un bar associatif et un lieu d'événements, de concert et de spectacles.;;0/05/13-053c05d1-1f8c-31d1-8e21-bcb80214a963.json
Yoga & Pilates Marion;Sports et activités outdoor;Professeur certifiée de Yoga & Pilates, j'aime enseigner en salle et en extérieur ! Je propose du renforcement musculaire doux, des étirements, des postures simples ainsi que des activités variées en week-end : Rando & Yoga, Yoga & Sunset, Yoga & Wine.;;0/05/13-053d0f7d-57d6-350f-9af6-fa823c9e1b15.json
Eglise Saint-Blaise;Culture et patrimoine;Reconstruit entre 1854 et 1892, cet édifice en assises de galets à nef unique et plan en croix latine se singularise par son clocher octogonal accolé à l'axe du chœur. L'intérieur a gardé son décor (pochoir) et ses aménagements de la fin du XIXe siècle.;;0/05/13-053e0ece-3094-3ef0-b0fa-40d5acd9aca9.json
La réplique de la locomotive du Monorail;Autres points d'intérêt;Réplique de la locomotive du Monorail, ligne de chemin de fer qui tenta de relier Feurs à Panissières au 19è s. à la demande des tisseurs locaux. Panneau explicatif de son histoire. Intervention d'un guide de l'Office de Tourisme possible pour les groupes;;0/05/13-053f01e2-55f6-393d-9645-fab72fb81501.json
Désid&vrac;Autres points d'intérêt;"Vente de produits locaux et salon de thé.
Panier de légumes en réservation une fois par semaine (livraison le mardi)
Possibilité de vente en ligne
Clic & collect";;0/05/13-05402634-1b32-31fb-9f37-b37c2e669570.json
Site d'escalade de la Plaine St Jean;Autres points d'intérêt;Le rocher d'escalade de la Plaine St Jean comporte une vingtaine de voies de 3 à 7b, de 15 à 45m.;;0/05/13-0541f653-6409-3ade-8600-b0960f3f19ef.json
L'intrigue Escape game;Autres points d'intérêt;Immergez-vous dans une nouvelle expérience. Fouillez les lieux, trouvez les indices pour résoudre l'énigme.;;0/05/13-0543109e-c413-32ba-9393-433b79bf11f3.json
Boardercross des Pirates;Autres points d'intérêt;Défie tes amis sur les bordercross des Pirates !;;0/05/13-05449189-0337-327e-8141-581512a008df.json
La Cantine;Autres points d'intérêt;Nous vous proposons de grandes salades, des planches de viande et de poisson. Produits faits maison tels que frites, foie gras et desserts. Le propriétaire dispose de la carte en anglais.;;0/05/13-0547b272-f345-3988-845b-6e7a38c27c90.json
Karting du Mont-Blanc;Autres points d'intérêt;"Faites le plein de sensations ! Venez découvrir entre amis ou en famille la piste de karting au pied du Mont Blanc. 
Kart enfant à partir de 7 ans et 1,25 m. 
Evènements (séminaires, anniversaires, ...) possibles sur demande.";;0/05/13-0548f87b-0d35-3aee-a1d7-8647a5210089.json
Marché hebdomadaire du mardi matin;Spectacles et événements;Les habitués se retrouvent dans ce petit marché convivial. Et pour cause : les produits sont de qualité et les commerçants accueillants. De bons produits, des commerçants à votre écoute, un moment agréable : autant de raisons d'aller au marché!;;0/05/13-0549f75d-200b-3722-bcbd-af62181a10b7.json
La Maison des Pratz;Autres points d'intérêt;La Maison des Pratz véritable lieu de vie où se côtoient sportifs, épicuriens et enfants. Une offre café, bar et restaurant à tout heure. Arrêtez vous pour un cookie, un cocktail , un café , des tapas, un déjeuner, une glace, un apéritif , un dîner…;;0/05/13-054afd34-82dc-33b2-9927-685c269b8c97.json
Parcours d'orientation patrimoine adulte;Culture et patrimoine;Entre la vallée de la Gresse et la vallée du Drac, Monestier-de-Clermont ouvre ses portes sur le Trièves.;;0/05/13-054b0a8b-ef72-35de-9e5d-f729f41e58aa.json
Chalet Anatase;Hébergement;Une grande maison de pays rénovée pour 15 personnes au pied du Domaine de ski de Balme Vallorcine et de sa télécabine, située dans un espace rural préservé de la Vallée de Chamonix-Mont-Blanc, un havre de paix au pays du Mont-Blanc.;;0/05/13-054c7d54-5e39-3774-81f9-fe6fc2a3d499.json
Foire ukrainienne pour le Jour de l'Indépendance;Spectacles et événements;"Le 24 août, tous les ukrainiens fêtent l’indépendance de notre pays, un jour d’autant plus important que nous payons un prix énorme pour la préserver.
Venez fêter cette journée symbolique avec nous.";;0/05/13-054f6d0d-e179-3c31-bec6-d86cd64a937c.json
Le Rideau Rouge;Autres points d'intérêt;Le meilleur du café-théâtre lyonnais ! Découvrez et profitez du seul café-théâtre de la Croix-Rousse.;;0/05/13-0550c2eb-ce38-3e06-ad58-de552502502d.json
Balade du château des Vieux Melays;Culture et patrimoine;Cette boucle vous mène le long des jolies petites routes du Bocage bourbonnais à la découverte de deux de ses très jolis châteaux.;;0/05/13-05533ddb-30f7-367e-89c6-1774b4b9781c.json
Terrain de pétanque;Autres points d'intérêt;"3 terrains :
- au centre équestre des Chambons
- face à la chapelle des Chambons
- devant l'Office de tourisme de la Chal";;0/05/13-055695e9-aa18-3e8c-86b4-eda08ed7e8d4.json
Chez Arthur;Autres points d'intérêt;"Restaurant d'altitude ""Chez Arthur"" situé au sommet du télésiège du Crêt du Merle, ouvert en été et hiver.";;0/05/13-055a206a-6e71-30a5-a499-3e537f6fb108.json
Transdev Bassin Annécien;Autres points d'intérêt;Spécialiste du transport de groupes par autocars, Transdev Bassin Annecien est idéalement basé au cœur du bassin d'Annecy depuis plus de 40 ans !;;0/05/13-055b1512-8235-3846-bdd1-4ea1abdcdbd8.json
Voies d'escalade du Croé;Autres points d'intérêt;Lieu culte de grimpe sur blocs, ce site permet toutes les pratiques et tous les plaisirs. Vue dégagée sur les montagnes, parking et aire de pique-nique à proximité.;;0/05/13-055b8d75-5f84-34d5-be20-a074959a85ea.json
Marché Bio;Spectacles et événements;Marché bio, tous les samedis de 8h à 13h, sous les halles.;;0/05/13-055d56a6-1e23-3996-bc4f-1773cbbf5493.json
Terrain de pétanque;Autres points d'intérêt;A l'ombre sous l'accrobranche du Lac bleu, profitez de ce terrain de pétanque tout neuf.;;0/05/13-055ead45-3992-3637-b729-df5402097120.json
"Les Samedis Druch Live Concert du Bis ""Trop"" Savoyard - Samedi 27 septembre à partir de 19h";Spectacles et événements;"Les Samedis Drunch Live Concert du BIS ""Trop"" Savoyard 
 Tous les samedis soir, de juin à septembre, à partir de 19h, concert live dès 22h";;0/05/13-05619abd-1d05-3330-902b-ccd2a05f4413.json
Chalet Hôtel La Marmotte et La Tapiaz;Hébergement;Au cœur du village des Gets, le Chalet-Hôtel 4 étoiles La Marmotte bénéficie d’un emplacement idéal. Il permet un accès direct au domaine skiable des Portes du Soleil et aux sentiers de randonnée et VTT.;;0/05/13-056561bd-b92d-3c23-a990-aa5e587c17d8.json
Pêche La truite de l'Anzon;Sports et activités outdoor;Pêche AAPPMA la truite de l'Anzon réciprocitaire.;;0/05/13-05686598-7596-3b49-bed5-525a3bf91295.json
Village | Saint-Georges-D'Aurac;Autres points d'intérêt;Village de Saint-Georges-d’Aurac : Église du XIXe siècle. Château de Flaghac du XVe siècle (privé). Maison forte d’Azinières du XVe siècle (privée).;;0/05/13-056971cb-799b-3b29-ada3-a0c047664bf9.json
Village de Claveyson;Autres points d'intérêt;Village de campagne, niché au cœur de la Drôme des Collines. A visiter: Prieuré St Andéol (XIIè siècle).;;0/05/13-0569771e-6e3f-3393-806b-41039b41208f.json
Restaurant L'Abri;Restauration et gastronomie;L'Abri vous accueille tous les jours au pied des pistes, au centre de la station, en bordure de la patinoire.Terrasse ensoleillée.;;0/05/13-056d0af5-6b04-3835-972d-20f49fd13df6.json
54ème Marché aux puces;Spectacles et événements;Ce « Marché aux Puces » rassemble depuis 54 ans dans un même lieu au Mayet de Montagne, sur 30 jours durant avec plus ou moins 260 exposants particuliers et professionnels.;;0/05/13-056d74df-29f5-302f-9068-74296a2f2044.json
Parcours VTT;Sports et activités outdoor;Zone VTT d'habileté, aménagée avec des obstacles naturels.;;0/05/13-05723740-4039-398f-8247-12d3a143642b.json
Papilles;Autres points d'intérêt;Eléa et Quentin sont heureux de vous recevoir dans leur restaurant ! Les plats sont créatifs et pleins de saveurs, l'ambiance est décomplexée. Produits et boissons du coin, c'est promis !;;0/05/13-0572fba2-2c07-31f8-b161-a99a2a36817f.json
Marché Nocturne producteurs et artisans;Spectacles et événements;"LE marché estival des producteurs et artisans locaux de La Motte Chalancon et alentours !
Animation et restauration sur place.";;0/05/13-05743222-5039-3756-b9e2-b065c949d2c1.json
"Parcours du patrimoine - ""Passé, passants, passages""";Culture et patrimoine;Partez à la découverte du patrimoine de Montbrison à travers un ensemble de mobiliers d'informations historiques signalant les principaux sites remarquables.;;0/05/13-0574e0be-28c8-3688-b02f-a4affe2a30a8.json
Concours de tarot;Autres points d'intérêt;Le Challenge Albert Garnier est ouvert aux licenciés et non-licenciés. Il est organisé par Tarot entre AMY.;;0/05/13-05757285-49ea-37b6-a47f-4a05e22d1840.json
Mosquée Turque de Thonon;Autres points d'intérêt;Mosquée Turque de Thonon gérée par l'Union des Travailleurs Turcs.;;0/05/13-0577204f-e126-3b11-a07e-95829fd265f9.json
Grandes Rousses Hotel & Spa;Hébergement;Situé au centre du village avec un accès direct aux remontées mécaniques et aux chemins de randonnée, Grandes Rousses Hotel & Spa vous accueille 9 mois dans l'année et bénéficie du plus bel emplacement de la station avec une vue imprenable sur le massif.;;0/05/13-0577adb7-134c-3496-8600-3a8a87ccbc8a.json
Via Ferrata Jacques Revaclier;Autres points d'intérêt;La première partie est de la randonnée sécurisée puis enfin, dans la seconde, il y a du GAZ,  la sortie finale est un petit peu athlétique. Cotation : D (difficile = pour débutant bien accompagné).;;0/05/13-057b2217-5fbe-3e81-ac58-de236a3a0b10.json
Le Saint-Chef;Autres points d'intérêt;Tout dernier restaurant de Saint-Chef servant une cuisine typique du Dauphiné à la décoration moderne et conviviale. Les spécialités du chef : Tête de veau, Ravioles du Dauphiné, Gratin Dauphinois, Petite friture, Joue de porc confite à la Bière.;;0/05/13-057b6fe9-e805-3ec4-81d5-5a747fb73228.json
Festival ROSA MUSICA : Le poème de l'amour et de la mer;Spectacles et événements;"*Le Poème de l’Amour et de la Mer, composé pour voix et orchestre est ici interprété dans une transcription de Franck VILLARD.
BEETHOVEN, Quatuor op.18 n°4 
CHAUSSON, Poème de l’Amour et de la Mer pour Baryton, Piano & Quatuor à Cordes.";;0/05/13-057d0239-9081-3618-9133-599f3398d21a.json
Tennis d'Uriage;Sports et activités outdoor;5 courts en terre battue qui s'intègrent harmonieusement au cadre du Parc Thermal d'Uriage, ils sont un des fleurons du tennis en Rhône-Alpes depuis 1893.;;0/05/13-057de4af-920c-32a8-8e32-ab9e18661a8c.json
Terrain de tennis;Sports et activités outdoor;Pratique du tennis;;0/05/13-057fde02-34cd-330e-b602-935e9592c032.json
Espace Aqualudique Paradisio;Autres points d'intérêt;Situé à Montchavin-Les Coches au cœur de la station de La Plagne, ce complexe Aquatique et Wellness saura réjouir tous ses visiteurs.;;0/05/13-058381e0-d9fc-3e1b-8aca-7985ebf3c216.json
Maison Léonard;Autres points d'intérêt;Cet établissement familial est heureux de vous accueillir dans son restaurant et sa pizzeria, au cœur du village d'Izernore. Un espace sur-mesure, ainsi que de nombreux services sont proposés pour tous vos événements, avec vos proches ou vos collègues.;;0/05/13-0589a1f0-7392-3b7d-b495-157926d51b12.json
Balade culture : Vizille le centre ancien;Autres points d'intérêt;"Circuit découverte culture du Vizille ancien
Des panneaux vous permettront de mieux appréhender la riche histoire des différents lieux que vous traverserez";;0/05/13-058dbeeb-c38c-3769-a106-986f154b6901.json
Commémoration du 8 mai 1945;Autres points d'intérêt;Cérémonie officielle au Monument aux Morts à partir de 11h.;;0/05/13-058f8c2c-8830-3fb6-a33d-6f877c41e557.json
Camping Domaine des Plantas;Hébergement;Situé sur 7 ha de nature sauvage en bordure de rivière, le camping 4* dispose aussi d'un espace aquatique (bassins chauffés dont un couvert, pataugeoire, 3 toboggans aquatiques). Vacances familiales et calmes. Accès par D120, Les Ollières-sur-Eyrieux.;;0/05/13-058fbd9b-d8df-316b-bf18-c20e237d257f.json
Site de pêche du Lac de La Rosière et torrents;Sports et activités outdoor;"Surnommé ""le diamant vert des Alpes"", vous serez au pied de la magnifique Dent du Villard à une altitude de 1519 mètres. Vous pourrez y pêcher des truites Arc-en-ciel et Fario ainsi que des saumons de fontaine.";;0/05/13-0590d13c-a41d-3d4e-b138-8996cb5b021c.json
Enduro : La Bichon;Autres points d'intérêt;Un parcours court mais idéal pour se tester avant de se lancer sur des itinéraires de plus grande envergure.;;0/05/13-0593e12a-9062-3ac8-9797-927f59b38dc5.json
Plagne Evasions Raquettes et Randonnées;Autres points d'intérêt;"Bureau Montagne Plagne Evasions vous propose plusieurs activités : 
- Randonnées et Balades raquettes
- Randonnées et Balades à thème
- Trail 
- Marche Nordique
- Stages et initiations à la survie et à l'autonomie en montagne.";;0/05/13-0595cc45-cce1-3668-8b15-f01e8d42263f.json
Hostellerie Reygrobellet;Autres points d'intérêt;Cet ancien relais de poste existe depuis 1836. C'est le lieu de séjour idéal de par sa proximité des pistes de ski de fond et des sentiers de randonnée mais également l'étape idéale sur votre route en direction des stations des Alpes ou du Jura Sud.;;0/05/13-059752f8-497d-3b3f-bac2-da02771c724a.json
Antoine Donneaux - imitateur mais pas que !;Autres points d'intérêt;Antoine Donneaux a un problème. Ce jeune humoriste belge est imitateur… Mais malgré lui.;;0/05/13-0597c203-42c0-3521-ab42-92bcaf711353.json
Relais Cyné de Beaucroissant;Autres points d'intérêt;"Bienvenue au Relais Cyné de Beaucroissant. Nous pouvons vous accueillir le temps d'un pique nique ou pour une étape en bivouac.
Table de pique-nique, barre d'attache pour chevaux, abri, eau et parking sont mis à votre disposition";;0/05/13-0599a7e3-1202-37b8-9555-e29f96321ce7.json
Gîte Iles de Rouzat;Hébergement;Accolé à la maison, un petit gîte équipé d’une kitchenette , d’un canapé convertible en 160 , salle d’eau, WC ,télévision et wifi. A l’étage une mezzanine avec un lit en 160.;;0/05/13-0599b4fe-a05e-3df6-ad69-c7f65ef59c00.json
La Terrasse des Thermes;Autres points d'intérêt;"La terrasse des Thermes vous propose une cuisine simple et goûteuse : menu et plat du jour, salades et tartes salées. 
Possibilité de plat du jour à emporter.";;0/05/13-059c8511-41c7-32c3-903c-99063c253d0f.json
Pause Coffee & Kürtös - Speciality Coffee & Food Bar;Restauration et gastronomie;Specialty coffee & food bar (brunch, déjeuner, goûter), location vélo/e-bike.;;0/05/13-059ca80b-6da3-3ecd-bd51-0e38601858cd.json
Golf Domaine de Gonville;Sports et activités outdoor;Le golf, créé en 1989, est situé au pied du Jura français, en périphérie du village. Convivial et familial, il intègre tous les niveaux de jeux ainsi que tous les âges.;;0/05/13-059e83d6-a609-33ac-8c1b-1ec60bf0ccf2.json
Marché provençal hebdomadaire;Spectacles et événements;Venez profiter de notre beau marché provençal tous les samedis matin, Place du Champ de Mars de 8h30 à 12h30 !;;0/05/13-05a35ae9-cb4e-352b-8054-193fdc55c0d5.json
Location vélos tout terrain à assistance électrique;Hébergement;"Hervé Dolmazon vous propose la location de 9 vélos tout terrain électrique, de très bonne qualité et performance pour votre confort. Taille de S à XL dont un 24"" pour les enfants.";;0/05/13-05a4ec31-8073-3617-9708-9df09369625d.json
Mini-ferme Aux 5 gnomes;Autres points d'intérêt;Visiter notre mini-ferme et laissez-vous (petits et grands) émerveillez par nos chèvres, moutons, lapins et autres animaux de la basse-cour. Nous proposons aussi un atelier petit fermier où les enfants peuvent nourrir les animaux et bien sûr les câliner !;;0/05/13-05a5f593-522d-38cc-a10b-7995ea1cf285.json
Le petit zinc;Autres points d'intérêt;Cuisine française et régionale. La truffade est la spécialité du chef.;;0/05/13-05aa7e1d-43e4-383f-ba71-2f887a030595.json
AEC Vacances Les Becchi;Autres points d'intérêt;A 300 m du centre de Samoëns et de la télécabine GME. Pension complète, clubs enfants (3 mois à 17 ans) espace aquatique avec piscine et espace bien être.Idéal pour des vacances en famille ou entre amis, et l’organisation de séjours groupes et  séminaires;;0/05/13-05aad3f2-93fe-380c-b1dd-18c14fd59529.json
Pizzeria l'Ancre bleue;Restauration et gastronomie;Une nouvelle pizzeria (sur place ou à emporter) snack, burgers, frites maison, grillades et salades de saison dans un cadre bucolique et  sa piscine pour les beaux jours, venez découvrir la carte .;;0/05/13-05acab0d-7063-3b63-a01a-f14d0541c295.json
Balade en forêt;Nature et détente;L’orgue de l’Auditorium transforme sa forêt de tuyaux en forêt d’arbres ! À l’occasion de la première biennale de l’orgue, les jeunes spectateurs sont invités à vivre une balade musicale inédite en forêt.;;0/05/13-05ad83a1-1c6a-3f7c-af66-1c3dadf861c6.json
Pistes de luge et snowtubing à Plaine-Joux;Sports et activités outdoor;Sensations fortes à Plaine-Joux ! A côté des pistes de luge, une piste spécialement aménagée pour le snowtubing : une nouvelle forme de glisse sur de grosses bouées gonflables qui virevoltent dans tous les sens !;;0/05/13-05ae0b0f-0b78-3591-b2fb-058def9b66e2.json
Table d'orientation de Solignac sous Roche;Restauration et gastronomie;Véritable promontoire dominant les gorges de la Loire, la  table  de Solignac-sous-Roche vous permettra d’admirer entre autre le plateau de la Madeleine;;0/05/13-05ae0f97-6505-34e4-86a0-e3b2943b2183.json
La Cathédrale Saint-Apollinaire;Autres points d'intérêt;La cathédrale Saint-Apollinaire est un des plus anciens monuments de Valence. Elle s’inscrit au centre du quartier cathédral et jouxte au sud l’ancien baptistère paléochrétien et le palais épiscopal, actuel musée.;;0/05/13-05b13c7f-7e13-332a-8b4b-36eb396a8603.json
Caprice des Neiges;Autres points d'intérêt;Si vous avez un petit creux, venez déguster les crêpes, les gaufres, les paninis sucrés, salés, ou encore les galettes préparés sous vos yeux.;;0/05/13-05b31ba1-75bd-34f3-b571-dfbb426fd90f.json
Alexandre PRUNYI - Accompagnateur en montagne;Nature et détente;Une vocation, offrir en partage les beautés, curiosités et singularités d'un territoire d'exception, l'Auvergne volcanique et montagnarde ! Accompagner les groupes constitués aux profils variés dans leur quête de savoir et de convivialité.;;0/05/13-05b40131-d31c-328f-9c57-c589b6353f95.json
Auberge du Grand Echaillon;Hébergement;L’auberge du Grand Echaillon est un véritable chalet de montagne en pleine nature. Nous proposons une cuisine maison, de terroir servie avec joie sur notre belle terrasse « guinguette » ou au bord de la cheminée, en fonction des saisons.;;0/05/13-05b42f7e-90b2-31cc-9ec0-c6efceb1cb28.json
Hôtel du Centre;Hébergement;"Situé au centre du village à 200 mètres de la télécabine de la Brive.
Cuisine soignée, spécialités savoyardes, bar, ambiance, chambres confortables.";;0/05/13-05ba52fd-ca0f-308d-8726-17af6c5fbd80.json
Hôtel-restaurant La Cabrière;Hébergement;Le confort de nos chambres et la savoureuse cuisine de notre restaurant tissent le cadre douillet de vos vacances. Entre randonnées l'été, ski l'hiver, cures thermales d'avril à octobre, la famille Vocanson vous accueille toute l'année.;;0/05/13-05bae488-a980-3c36-ad67-9d9bba2fa5f3.json
Paintball - Orel Games;Sports et activités outdoor;Venez vous affronter sur un terrain parsemé d’obstacles avec des pistolets armés de billes de peinture ! Au choix paint ball, Laser game en extèrieur water tag, baby foot géant, défis fous, Archery Tag, Bazooka Ball, bumball ou bubbles.;;0/05/13-05baf07e-4f51-3b7e-bd47-585eef01c03c.json
"Concert de chants grégoriens ""Les Chantres du Thoronet""";Spectacles et événements;Les Chantres du Thoronet chanteront des chants grégoriens à la Vierge Marie, d’après les sources manuscrites du Xe siècle. Le concert se conclura par un Magnificat en faux-bourdon parisien de 1783, en hommage à N-D de Paris.;;0/05/13-05bb1f54-2791-3f6a-83aa-60eeccead00a.json
Jeanguyot Wine Agency - FICHE PRESTATAIRE ACT;Autres points d'intérêt;Découvrez avec un sommelier lyonnais l'art de la dégustation de vins en dégustant des vins de qualité tout en les accordants avec des mets régionaux préparés par des artisans lyonnais.;;0/05/13-05bb7c86-7b71-3538-88ce-8557edea789a.json
Sur les Traces des Ducs de Savoie - TDS;Autres points d'intérêt;Étape ravitaillement de Trail des Ducs de Savoie de pleine nature de 145 km et  9176 mètres D+ entre Courmayeur et Chamonix, empruntant les sentiers de Grande Randonnée du pays du Mont-Blanc, la Vallée d'Aoste, la Haute Tarentaise et le Beaufortain.;;0/05/13-05bdbbd3-d9da-37b1-823b-02c04c8d3518.json
Mercure Lyon Centre Château Perrache;Culture et patrimoine;"Classé Monument Historique "" Art Nouveau "", cet hôtel se situe à quelques minutes à pied de la Place Bellecour. Alliance d’élégance et de modernité pour vos séjours, réunions et réceptions.";;0/05/13-05be362d-5370-329b-a6dd-195538e7a106.json
Camping municipal de la Vallée Bleue;Hébergement;Implanté sur la base de loisirs de la Vallée Bleue et à proximité immédiate de Viarhôna, le camping propose à ses clients un accès gratuit à la piscine chauffée (en saison uniquement). Idéal pour une étape vélo ou une escapade familiale.;;0/05/13-05bf5ff2-c5bf-394e-829a-2cd2fd096779.json
Mur d'escalade;Autres points d'intérêt;"Découvrez des sensations vertigineuses sur le mur d’escalade de 10 mètres de haut situé à la station 1450 m.
Escalade découverte à partir de 4 ans, avec une monitrice. Savourer, apprendre, progresser, seul ou en famille.";;0/05/13-05bfc3f0-ff55-390e-83c1-4ea51ea03f26.json
Les Crins du Léman;Autres points d'intérêt;Equitation pleine nature, équitation éthologique, randonnées équestres, stages;;0/05/13-05bfc9d5-006f-31d2-a8d2-88e7943126c1.json
Restaurant le Sully's;Restauration et gastronomie;Cuisine simple, faite maison. Spécialité : Burger.;;0/05/13-05c19638-97bb-3ef7-a5bc-bf272a2eb5f6.json
Via montagne - Accompagnateur Rémy;Nature et détente;Rémy, accompagnateur vous propose des sorties raquettes l'hiver. Matériel, raquettes et bâtons, fournis.;;0/05/13-05c5f65d-5fcf-3546-a675-4e92ec5f5655.json
O' Quinze neuf;Autres points d'intérêt;Laissez-vous séduire par les excellentes offres de ce bistrot – qu’il s’agisse de snacks ou de plats normaux pour une faim de loup !  Goûtez absolument leurs plats phares tels que le burger particulièrement délicieux et les tapas.;;0/05/13-05c85f93-a57f-3787-98d0-033390dd86af.json
Au fil du patrimoine - Randonnée;Culture et patrimoine;15 panneaux sont présents au cœur de la ville pour (re)découvrir l'histoire et le patrimoine de la ville de Cluses.;;0/05/13-05ca3148-a7e6-3e39-b0fb-e3d5c974ad1a.json
Tennis;Sports et activités outdoor;"Terrain de tennis ouvert tous les jours.
Sur réservation à l'Office de Tourisme.";;0/05/13-05ca4b70-6407-3d65-826d-576266dd564a.json
Austra Rocks;Autres points d'intérêt;"L'Australian bar proche du campus universitaire de Grenoble.
Austra Rocks Grenoble : afterworks, concerts et DJ sets à 100m du campus, happy hour et live sport.";;0/05/13-05d03da5-a181-32f7-9726-374400881ebf.json
Le Bilboquet;Autres points d'intérêt;"Restaurant traditionnel, type bouchon lyonnais
Cet établissement convivial offre une cuisine généreuse et traditionnelle. 
Travaillant avec nos producteurs locaux la carte évolue régulièrement en fonction des saisons et de l'humeur du chef!";;0/05/13-05d10095-6d38-357b-a1b5-43e28e23163c.json
Arboretum;Nature et détente;L'Arboretum de Châtillon-sur-Chalaronne est un espace naturel de 8 hectares, aménagé avec bancs et tables de pique-nique, et ouvert au public 7 jours sur 7. Il abrite 242 espèces d'arbres répertoriées par l'Office National des Forêts.;;0/05/13-05d4b5d4-dc65-36f1-a3f6-f3b2a97273dc.json
Alpi' Rando;Autres points d'intérêt;Hervé, accompagnateur en montagne partage avec vous sa passion : ''la MONTAGNE''.;;0/05/13-05d64d89-d2da-3b12-8abe-f4ef2e7b7f5e.json
Marché de Saint-Symphorien-d'Ozon;Spectacles et événements;Marché connu pour son ambiance typique au cœur du village, idéal pour découvrir les produits locaux de l'alimentaire au textile.;;0/05/13-05d7bc9a-c7aa-3777-96f1-84392a46bb29.json
Piste verte de ski de fond de Lachat : Les Plânes;Sports et activités outdoor;Autant appréciées par les skieurs débutants que les skieurs confirmés, les pistes de Lachat sont naturellement adaptées à la pratique du nordique. Dépaysement garanti dans cet environnement privilégié entre les sapins enneigés et les combes sauvages.;;0/05/13-05d870f2-5c70-3b55-a376-10416ee151c4.json
Base de Loisirs du Neyrial;Autres points d'intérêt;Parc multi activités intergénérationnel, à partir de 2 ans, implanté en pleine nature et ombragé. Plus de 25 activités à découvrir pour tous les âges.;;0/05/13-05d90c76-2933-31ce-823e-bdcbef1a97fe.json
Trail du Galibier Thabor;Sports et activités outdoor;Format de trail titanesque sur deux jours entre le mont Thabor et le Galibier avec un bivouac en cours de route, une balade de 67 km 3690m D+ 4060m D- le tout dans un décor somptueux  !;;0/05/13-05dac96a-7cb8-3587-a020-885dac810ab9.json
Street work out fitness;Sports et activités outdoor;"Loisirs sportifs de plein air mêlant la gymnastique et la musculation mélangeant figure de force, de souplesse et d'agilité.
Fitness en extérieur.";;0/05/13-05daf5f0-ae57-3f4d-8e87-fb85351d33d0.json
Fred Pizza - Les Ancizes Comps;Autres points d'intérêt;Camion de pizzas artisanales;;0/05/13-05db177a-edd1-3baf-8086-a97a7eb8e5b9.json
Forever two wheels project;Autres points d'intérêt;Le bar est le cœur vibrant du lieu, avec son ambiance rock,  il dégage une atmosphère brute et authentique. On y sert des bières locales et des cocktails bien frappés. C’est un repaire où l’esprit biker règne, entre musique et amour du deux-roues.;;0/05/13-05db4ca3-4234-3dd4-ada4-63ff358392e6.json
L'Auberge Campagnarde;Hébergement;Vous cherchez un restaurant gastronomique dans l’Ain où le plaisir des yeux rejoint celui des papilles ?;;0/05/13-05dbee38-af07-3fb9-9f95-777a749eab3c.json
Festival Musiques en Vivarais Lignon;Spectacles et événements;"""Les heures avec..."" Concert des chœurs, par les stagiaires du festival sous la Direction de Joëlle Saunier-Torgue.";;0/05/13-05de7a4a-7b46-3dd8-8f5a-a8be1407eb80.json
Barometer;Autres points d'intérêt;Bar, Restaurant, Pizzeria;;0/05/13-05dfa01f-9435-3fa3-99d6-7f77e751cc1c.json
Ardoisière des 7 pieds;Autres points d'intérêt;Un ardoisier vous reçoit dans son atelier pour vous expliquer l’histoire de l’exploitation de l’ardoise de Morzine, vieille de 2 siècles, et l’évolution des techniques de travail d’extraction et de fabrication.;;0/05/13-05e11072-7783-3527-b317-2f4e88d64135.json
Marché local;Spectacles et événements;Rendez-vous au marché alimentaire sous la halle dans le parc de la mairie.;;0/05/13-05e3e2c5-e027-3cde-9c7a-81fdb3c12a79.json
La Tête de la Fontaine;Autres points d'intérêt;Site naturel en balcon de la Diosaz, torrent de Servoz.;;0/05/13-05e3ff06-0b4d-3a09-bc8b-ca159cee97a8.json
La Bulle Nordic;Autres points d'intérêt;Profitez de votre escapade à l’hôtel Beauregard pour souffler, vous ressourcer et prendre soin de vous. Vue sur le lac d’Annecy et les montagnes avoisinantes, découvrez l'espace « bien-être » , La Bulle Nordic.;;0/05/13-05e4c822-707c-3ef1-a85f-6ae837b5f406.json
Didier Sala, accompagnateur en montagne;Nature et détente;"Accompagnateur en montagne expérimenté et guide naturaliste, diplômé depuis 2004.
Agrément éducation nationale et agrément Espace Naturel Sensible ( E.N.S)";;0/05/13-05e835fa-3cf4-3296-9dfb-6160e2e5b417.json
Bibiothèque municipale;Autres points d'intérêt;Bibliothèque municipale, pour information contactez la Mairie.;;0/05/13-05eb4ef3-c994-31fc-a385-2cc9a3f835f3.json
L'introuvable;Autres points d'intérêt;Situé dans le parc d'affaires arboré Crécy, à 5 minutes de Lyon Vaise,  L'INTROUVABLE vous accueille pour une pause gourmande et conviviale avec sa terrasse entourée de verdure, dans un cadre calme et  serein !;;0/05/13-05ed4dab-d948-3cb8-84ae-0770424aab18.json
Le Beauparlant;Autres points d'intérêt;F2 (rdc) tout équipé pour 5 personnes maxi. Dans une rue calme à sens unique. Parking gratuit à 300 m. Stationnement devant gratuit 20min par jour, gratuit de 12h-14h et à partir de 18 h.;;0/05/13-05f1d1af-d1bb-3325-a813-eaf7b300547a.json
Village de Saint Bonnet des Quarts;Autres points d'intérêt;"Dans un véritable écrin de verdure, découvrez les richesses naturelles de ce petit village, bordé de monts, de crêtes offrant des panoramas époustouflants.
Les nombreux chemins en sous-bois ou les petites routes permettent la randonnée pédestre et VTT.";;0/05/13-05f205ae-ff30-326b-a88a-3aafc9998aef.json
Ohana Fusion Food;Autres points d'intérêt;Un lieu pour vivre une nouvelle vision de la gastronomie;;0/05/13-05f21683-dc6d-3679-9756-d1fe3f4e2a07.json
Bar/Restaurant L'émeraude du Lac;Restauration et gastronomie;Surplombant le plan d’eau de Cunlhat dans un cadre bucolique, le Restaurant L’émeraude du Lac vous accueille tous les jours du mardi au dimanche midi au cœur du Livradois Forez.  Restauration simple en toute convivialité, cuisine maison.;;0/05/13-05f29b5e-5893-32b4-91f6-cc362e7f5897.json
Les Narces de la Sauvetat;Autres points d'intérêt;Les Narces correspondent à une tourbière qui s’est développée dans un cratère de maar. Le « Maar » de la Sauvetat a été exploité pendant environ deux décennies pour sa tourbe. Le site abrite encore un patrimoine naturel remarquable.;;0/05/13-05f5ab8d-4300-398a-9198-3c90affe1410.json
Camp de Base Café;Restauration et gastronomie;Le Camp de Base Café est un bar à bières, qui possède aussi un snack et propose la dégustation de produits du terroir. Vous pourrez aussi profiter des retransmissions sportives.;;0/05/13-05f69c8e-5567-344e-b6f0-76fcc5819d95.json
Parcours Santé;Nature et détente;"Sur un terrain communal de plus de 10 ha, dans un environnement préservé composé de bois et de garrigues, vous trouverez
-      Un parcours de santé composé de 10 modules et
-	Deux sentiers de randonnée, VTT à travers bois";;0/05/13-05f9ec82-a212-3464-9974-777eafe61d7f.json
Les hirondelles de Chazemais;Autres points d'intérêt;Gite saisonnier, à la campagne, au centre de la France : parfait pour une escale lors de vos vacances pour vous poser et/ou profiter de la région. C'est idéalement située, proche de Montluçon, à 1 heure de Vichy, Moulins, Bourges, Guéret, Clermont-Ferrand;;0/05/13-05fab5b1-d700-37b9-86d3-2263bbcfff43.json
Aviation RG ULM;Autres points d'intérêt;"Aviation RG ULM vous fera découvrir et partager la passion qu'est le vol.
Sur un des plus beau site de la Savoie, vous pourrez admirer les magnifiques paysages vus du ciel.";;0/05/13-05fdddfc-7ac0-37d3-9d8f-6b90305bdd6a.json
Le Neuvième Art **;Shopping et artisanat;C'est dans le quartier des Brotteaux que Christophe Roure, MOF cuisine 2007, s'est installé. Le Chef étoilé pratique une cuisine de goût, de couleur et de création. Ambiance écolo-chic épurée où chaque plat est un tableau à déguster.;;0/05/13-05feb9ab-d470-301d-9500-843fa8af2191.json
Fête de village | Rauret;Spectacles et événements;"Rauret en fête.
14 août à 20h hot-dog-frites, 22h bal gratuit avec DJ Olive
15 août :
-10h promenade en calèche,
- 10h30 Messe,
-12h repas aligot saucisses sur réservation avant le 7,
-14h30 concours de pétanque,
-20h hot-dog-frites,
-22h feux d'artifices";;0/06/13-0600a11d-80c0-3bfa-9b67-bf4afb5949f4.json
Marché de Bellenaves;Spectacles et événements;Marché hebdomadaire : alimentaire, vestimentaire et accessoires.;;0/06/13-06010015-cd87-39f5-a6b0-b7e55bdc2490.json
Balade pédestre au Rocher du Château;Culture et patrimoine;Et si vous partiez à la chasse au trésor ? Depuis Bessans ou Bonneval à la recherche des peintures rupestres, quels mystères découvrirez-vous sur le rocher du château ? Une virée préhistorique hors du temps qui aiguisera votre curiosité.;;0/06/13-06010d87-3f65-3c87-b0c3-5c4f26f50142.json
BIG EASY Cocktail Bar;Restauration et gastronomie;Vous aimez le jazz et les cocktails et avez toujours rêvé d’aller à la Nouvelle-Orléans ?;;0/06/13-0601ff23-4a3e-36ad-a86c-a0a4046ef0d4.json
Chalet 4810;Hébergement;Salon de thé dans un chalet de 1909 entièrement rénové.;;0/06/13-0603baf7-a5c3-3033-adf6-94d9373defb7.json
Emilie Raffort - Massage japonais Shiatsu;Autres points d'intérêt;Massage Traditionnel Japonais Shiatsu;;0/06/13-06055d08-f9ba-3e8b-9199-17a1dc9ed19e.json
Chamas Tacos®;Autres points d'intérêt;Franchise de tacos recette lyonnaise.;;0/06/13-0607d9f3-0648-34a5-8db4-f7a1bca0c7fb.json
Marché Alimentaire et Fleurs Gabillot;Spectacles et événements;Produits vendus : fruits et légumes, fromages, charcuteries, poissons, et fleurs. 14 commerçants.;;0/06/13-0608d1f5-a7f6-3543-89f9-2378bac7e9c3.json
Conservatoire à Rayonnement Communal  de la Valserine;Autres points d'intérêt;"Tout au long de l'année grâce à la participation des élèves et la venue d'artistes, le CRC de la Valserine propose de nombreuses animations musicales : spectacles, concerts et auditions à thèmes,... en complément de sa fonction "" école de musique "",";;0/06/13-060a84d9-a174-3a17-b7a7-31f43fa6fa18.json
Stade;Autres points d'intérêt;Vous trouverez un stade à Bozel, utile pour la pratique du football ou de l'athlétisme...;;0/06/13-060c7cb3-5d02-3b35-9b67-f04bf310e3d0.json
Chapelle Notre-Dame de la Consolation;Culture et patrimoine;La chapelle Notre-Dame de la Consolation est l’œuvre d’un curé, Jules Pascaly, qui la fit construire sur un éperon rocheux qui surplombe le village, entre 1894 et 1905, sur les plans du chanoine Pau.;;0/06/13-060d0ad5-a4bf-3714-8abd-d5fbd71f5ba6.json
Aire Camping-Cars de Claveyson;Hébergement;Aire municipale gratuite. Vidanges eaux usées uniquement, eau potable, WC publics. Stationnement possible. Commerces à proximité. Pas d'eau potable du 11/11 au 01/04.;;0/06/13-060ef239-d255-3114-a017-3376d8a397da.json
Hôtel-restaurant le Bilboquet;Hébergement;Le Bilboquet est niché au cœur du Puy-en-Velay, à seulement 5 min de la gare et à 10 min du centre-ville animé.  L'hôtel familial  accueille pèlerins et voyageurs pour explorer les trésors de la région: randonnées, visites culturelles et gastronomiques.;;0/06/13-060fb362-ba42-35c7-9282-0298a463ed7e.json
Eliotel - Le Quai des Découvertes;Autres points d'intérêt;"Enchantez votre famille, vos amis, vos collègues en les conviant dans notre restaurant ""Le Quai des Découvertes"". L'ensemble de l'équipe aura le plaisir de vous faire découvrir une cuisine traditionnelle dans une ambiance chaleureuse et familiale.";;0/06/13-0610c708-ecf5-3459-87a7-066f309834e3.json
Vide Grenier à Suze la Rousse;Autres points d'intérêt;Vide-Greniers dans tout le centre du village. Réservation obligatoire.;;0/06/13-0611bd75-d331-3f9e-bbe4-ffa11dd82290.json
Résidence Pierre & Vacances Le Peillon;Hébergement;Résidence de tourisme 3* située au coeur de Méribel centre.;;0/06/13-06149eec-42c0-37b9-b01f-2594d889d8ee.json
Cabaret du Mont-Blanc - Les Choucas;Autres points d'intérêt;"La salle du cabaret du Mont Blanc a été conçue spécialement pour sa modularité et offre différentes configurations pour s’adapter à tous les évènements. 

La salle attablée de 150 couverts peut aussi bien se transformer en auditorium qu’en dancing.";;0/06/13-06176753-960b-3aef-9ca5-5a169a6857dd.json
Montée au Col de la Croix de Fer;Nature et détente;Une succession de passages gravel, de route panoramique et sauvages vous conduiront jusqu’au sommet du col de la Croix-de-Fer.;;0/06/13-0617892d-d9ed-343a-a9d8-984e426a5e33.json
Boîte à livres;Autres points d'intérêt;Prêt et échanges de livres, lisez, déposez... Local à côté du cabinet médical, près du télésiège de la Repose.;;0/06/13-061b5280-ec22-3d7c-93fd-9fc283f7b29e.json
Restauration rapide : La Marmite Kréole;Autres points d'intérêt;Baignée dans la cuisine, les traditions et le terroir réunionnais depuis toute petite aux côtés de sa mère, Chantal a pour ambition de faire découvrir les produits et spécialités culinaires créoles et d'amener du soleil dans vos assiettes.;;0/06/13-061c2c53-0f09-3e92-91f7-2935b2ed26a4.json
Projection en refuge : nature, montagne et secrets de la photo animalière;Nature et détente;"Et si vous combiniez randonnée, détente et découverte le temps d’une soirée unique en montagne ?
Je vous donne rendez-vous au refuge de la Loriaz pour une projection commentée autour de la faune alpine et des coulisses de la photographie animalière.";;0/06/13-061cfdf0-3a44-36c6-aff1-b5f7314c4346.json
Bibliothèque de Saint-Bernard;Culture et patrimoine;La bibliothèque municipale est animée par une équipe de bénévoles, et est rattachée au réseau des bibliothèques de la communauté de communes Dombes Saone Vallée.;;0/06/13-061f9ed8-e5c5-3c1b-9c0b-afa8cd23237c.json
Restaurant Pizzeria La Dolce Vita;Restauration et gastronomie;"Nous proposons des plats simples et de qualité à prix légers
Découvrez notre carte de pizza de diverses saveurs à emporter quand vous le voulez !
Venez boire un verre dans notre bar cosy pour prendre l'apéritif ou simplement par plaisir !";;0/06/13-062087c1-eec1-3029-8912-71fc9f83bf94.json
Le Spa des pins;Autres points d'intérêt;Le Spa des Pins est un lieu de sérénité, où l'on se rend pour prendre soin de soi, se sentir dépaysé et bénéficier d'un grand moment de détente : centre de bien-être, sauna, hammam, jacuzzi, massages et soins esthétiques.;;0/06/13-0621cbe3-4753-3ed3-9dce-ad528ed75eb7.json
Colonne Charles Félix;Autres points d'intérêt;La colonne est un des monuments les plus populaires de Bonneville et représente un des emblèmes de la capitale du Faucigny. Seul monument de ce type en Savoie, elle a été construite en 1826 en l'honneur du roi des États de Savoie, Charles-Félix.;;0/06/13-06275e22-d428-34d4-8722-205b8c7e3a46.json
Gîte Les Ruets;Hébergement;Le gîte des Ruets est fait pour célébrer les grands évènements : anniversaires, EVG ou réunions de famille.;;0/06/13-06278d77-a424-30c3-875c-e2824f9c4c16.json
Restaurant sous les palmiers;Restauration et gastronomie;Une des plus grandes terrasses de la région, réception en famille, couples, groupes.;;0/06/13-062cd45d-d7f4-3bf3-b3bc-ca173237ffaf.json
L'Escapade;Autres points d'intérêt;Restaurant familial, cuisine maison au coeur de la campagne. Réservation obligatoire.;;0/06/13-062e1c8b-be97-31ec-bf06-804f146afff8.json
Notre-Dame des Aspirants;Autres points d'intérêt;L'église Notre-Dame des Aspirants de La Penne-sur-l'Ouvèze se situe au sommet d'une petite colline qui domine le village.;;0/06/13-06308139-6be4-36b2-a5dc-7dbbfc0c6c78.json
La Basse Cour;Autres points d'intérêt;Le café-théâtre associatif de Grenoble.;;0/06/13-063086f2-6d99-39cb-9b90-a9079dc2f624.json
Bellasta;Autres points d'intérêt;"Bar / restaurant d'altitude et d'alpage. Refuge.
Produits locaux. Assiette de charcuterie / Assiette de fromage / Assiette mixte. Menu du jour. Plancha samedi et dimanche midi.

Terrasse avec vue sur le Mont Blanc et le Beaufortain.";;0/06/13-0632e3d9-90c3-376c-a9a4-9778956b3a83.json
Netero Sushi;Autres points d'intérêt;"Cuisine japonaise faite maison : sushi, yakitori, fritures, hors d’œuvre... 
Sur place ou à emporter. Commandez sur internet ou directement à la borne du restaurant.";;0/06/13-0633bc14-e738-3a74-922b-77ac17719775.json
Église Allonzier-la-Caille;Culture et patrimoine;Cette très ancienne église se situe dans le centre d'Allonzier-la-Caille en contrebas de la mairie.;;0/06/13-063632b8-bbc9-3675-baca-5b4d740b76d8.json
Pitaya Thaï Street Food;Autres points d'intérêt;Décor soigné, cuisine authentique, colorée et créative, produits frais et sains : telle est la recette de Pitaya pour une incroyable immersion thaïlandaise le temps d’un repas.;;0/06/13-063693fd-e9d5-3828-97b2-f3305d5513be.json
Château de Fontnoble;Culture et patrimoine;Située entre Gannat et Vichy, dans les communs XVIIème de leur château, inscrit aux Monuments Historiques, François et Sophie souhaitent faire partager leur demeure familiale, en proposant 5 chambres d'hôtes à l'étage avec sanitaires privatifs.;;0/06/13-063cfd31-6fc5-3e49-80e2-d6665cdd77a9.json
"Conférence des Thermes ""La ménopause dans tous ses états"" - Mercredi 16 avril";Autres points d'intérêt;A_GENERER_VIA_IA;;0/06/13-063d25f3-1f13-353a-acf9-0390977fa046.json
Marché du jeudi à La Chapelle en Vercors;Spectacles et événements;Sur ce beau marché cantonal, vous trouverez toute l'année de quoi vous faire plaisir : fromages, miel, pain, légumes frais et fruits de saison, poissons, mettez les  produits locaux sur votre table !;;0/06/13-063dbc95-019f-3dd4-8d53-8992761d185c.json
Grotte de la Cabatane, crête et belvédère;Nature et détente;Petite balade à la découverte de la grotte de la Cabatane et du magnifique belvédère sur Treffort.;;0/06/13-063f6668-e836-393c-97a3-54a1a9cb3245.json
Stade biathlon roller et ski Chamechaude-Chartreuse;Sports et activités outdoor;A_GENERER_VIA_IA;;0/06/13-064089a9-c28a-37cd-9544-ace7354c2041.json
Marché des Hauts de Chambéry;Spectacles et événements;Marché de produits alimentaires et manufacturés, producteurs, revendeurs et forains.;;0/06/13-06425894-ef5d-35bd-8429-8397f2812663.json
La Grolle;Autres points d'intérêt;"L'équipe de La Grolle vous accueille pour des soirées sympas et conviviales avec deux ambiances; le bar-pub musique, cocktails, bières… et le restaurant dans une autre salle au décor savoyard chaleureux et convivial.";;0/06/13-0645b09c-4c74-3958-81ab-33eed0adc55b.json
A la découverte de Saint-Hugues-de-Chartreuse - parcours d'orientation ludique;Nature et détente;Au départ du hameau de St Hugues, un parcours de 12 balises idéal pour débuter la course d’orientation en famille. A chaque balise le dépliant est agrémenté d’une question ou d’un petit quizz sur le patrimoine de Saint Hugues en Chartreuse.;;0/06/13-06461b18-1e82-378d-9a32-146dd443940b.json
Uelys Montagne;Nature et détente;Uelys Montagne vous propose toute l'année : activités de montagne, remise en forme et entrainement en s'appuyant sur l'association activités de montagne et ostéopathie (marche nordique, Bungy Pump, randonnées et raquettes).;;0/06/13-064bcf42-9db7-3851-805b-d6ee9f85370d.json
Aux Kotas Finland'Ain 1 - Belley;Autres points d'intérêt;Bienvenue aux Kotas Finland’Ain, l’expérience d’une nuit insolite dans des chalets en bois à seulement 1h de Lyon et de Grenoble à proximité de la Via Rhôna. Dans un environnement calme, entouré d’arbres et de montagnes pour une parenthèse nature.;;0/06/13-064be8a1-a75c-3cf3-a422-335f07cfdf91.json
Alquimia;Autres points d'intérêt;"Situé au cœur du centre ancien de la ville de Vienne, Alquimia est un lieu de partage ou l’on se retrouve pour découvrir une nouvelle expérience !
Cuisine gastronomique, Franco-Paraguayenne.";;0/06/13-064d332a-eee8-3f17-b1e8-c4e526c2da17.json
Espace multimédia de Grospierres;Autres points d'intérêt;"Espace multimédia. Accès libre à internet, wifi avec code.
Initiation navigation internet et bureautique. Possibilité d'impression de documents. Espace organisé pour pouvoir travailler librement sur ordinateur.";;0/06/13-064e1f3d-73c8-352a-b69e-640ab7fee933.json
La Vallée Gourmande;Autres points d'intérêt;Petit déjeuner: dépôt de pain, viennoiserie sur place ou à emporter. Plat du jour, pizzas le midi, restaurant à l'ambiance chaleureuse et détendue le soir.;;0/06/13-064fd2d5-2afc-30e4-a950-90f3af7d5c5b.json
Ibis Budget Lyon Eurexpo;Autres points d'intérêt;Au cours de vos voyages, faites le choix de dormir dans une chambre moderne et agréable. Profitez aussi du petit-déjeuner buffet à volonté et bon marché !;;0/06/13-06526346-a8bf-3105-9a98-3affe73b436e.json
Auberge de la Tour de Brison;Hébergement;Installés dans la salle de restaurant panoramique, vous découvrirez des recettes familiales comme le fameux paleron de bœuf braisé ou bien le traditionnel Saint-Honoré. Des recettes simples pour des plats pleins de saveurs et un savoir-faire reconnu.;;0/06/13-0652aada-8e60-3449-acd2-3be57316feaf.json
Sandrine Fouilloux : animatrice nature;Autres points d'intérêt;Seul, en famille ou en groupe je vous accompagne lors de balades nature afin d'explorer la biodiversité qui nous entoure par toutes saisons.;;0/06/13-0653808d-a09f-3a8e-b8c5-01174b953e6c.json
Restaurant L'Arc en Ciel;Restauration et gastronomie;Brasserie (cuisine traditionnelle) - Pizzeria sur place ou à emporter. Pas de restauration le soir.;;0/06/13-0655bb70-769a-35e8-8ea6-26e9e56b7b07.json
Village de Chagnon;Autres points d'intérêt;Ave visiteurs .Toi qui es venu en ami, admire les vestiges du précieux Aqueduc édifié par les Romains, parcours les caves  creusées encore fraîches, goûte aux fruits de cette vallée et écoute son histoire. Tu seras cloué  sur place !;;0/06/13-065889d7-d19e-37cc-a389-19e9a8685de0.json
Wake Up - Escape Game;Autres points d'intérêt;Devenez agent secret pendant 60 minutes... 5 missions au sein du plus grand Escape Game de Lyon ! Une expérience originale assurée !;;0/06/13-06589e04-0f9a-3c3a-a7c2-63a4a95b651f.json
Cinéma Le Foyer;Culture et patrimoine;Venez découvrir la programmation des deniers films sortis dans ce beau cinéma associatif équipé en numérique et en 3D;;0/06/13-0658fae0-6687-31da-85e2-681c818e9a81.json
Auberge des Pèlerins;Hébergement;Auberge de montagne, cuisine de terroir - bar - restaurant - crêpes maison - glace.;;0/06/13-065be572-c0bd-34e2-b3f3-9a0902d49fc4.json
Circuit VTT - Le village de Philippe Valette - 11 km;Sports et activités outdoor;Vignoble, plaine et coteaux, à quelques encablures de la grande rivière Allier : un coin du Bourbonnais typique, immortalisé dans le livre Mon village de l'écrivain Philippe Valette.;;0/06/13-065bea44-d7e0-3e46-86bf-287207c52e80.json
Marché de Montluel (tous les vendredis matins);Spectacles et événements;Marché alimentaire (primeur, boucher, boulanger...) et non alimentaire.;;0/06/13-065ce456-c3fe-3496-b1dd-7cb87cd04cdb.json
Oléon BRICO PRO;Autres points d'intérêt;découvrir la région en vélos (cyclotourisme, VTT et électrique);;0/06/13-065dabcc-de01-3119-95a3-c0487b096b6e.json
BN3A Abaca Ardèche Aventure;Autres points d'intérêt;"Location de canoës- kayak. Descente des Gorges de l'Ardèche. , mini-descente du Moulin à Saint-Just. Découverte du canyon Sud : départ et retour à notre base nautique, pas de contrainte d'horaire
Parcours : 25 km, 32 km, 55km et 70 km.";;0/06/13-065f4551-57db-39a5-a6bf-a984f8608c0b.json
Skate park;Autres points d'intérêt;"Dédié à la pratique exclusive du Skateboard, Roller et BMX. 
A partir de 8 ans.
Casque obligatoire.
Point d'eau sur place.";;0/06/13-06611773-9fc7-3a98-8588-5860241b5012.json
Jardin médiéval de Chamalières-sur-Loire;Nature et détente;Un jardin médiéval présentant un espace muséographique en plein air et permettant de découvrir les plantes, les matériaux et l’histoire du prieuré roman de Chamalières datant des XIème et XIIème siècle.;;0/06/13-0663bbcb-d40a-34a1-9782-f5285aada469.json
La Petite Pause - Biocoop;Autres points d'intérêt;Quatre midis par semaine, la Biocoop vous offre une pause gourmande. À table ou au comptoir, pour déjeuner ou goûter, choisissez entre plat du jour, soupe, tarte salée, quiche, dessert, boisson chaude… Le tout cuisiné sur place et à base de produits bio.;;0/06/13-0663f5db-81c5-3387-b2d3-17c0984c9e7c.json
Le Bar Mont d'Arbois;Restauration et gastronomie;Un lieu chaleureux où savourer cocktails signatures, grands crus et spiritueux d’exception. Installez-vous près de la cheminée ou en terrasse avec vue sur les sommets, et laissez-vous porter par l’atmosphère élégante et alpine du lieu.;;0/06/13-06646f57-d4cb-30bc-b91c-c44e7b5d4c9c.json
Les anciennes prisons;Autres points d'intérêt;Le siège du bailliage, avec le tribunal, le greffe et la chambre du trésor, abritait également les anciennes prisons.;;0/06/13-06650d63-5451-305b-9695-433a85999a57.json
Le Family Park;Autres points d'intérêt;"Le Family Park, c'est LA base de loisirs outdoor accessible à tous !
Pas moins de 13 zones d'activités diverses et variées dans un espace de 5000 m2 raviront les familles dans un environnement calme, ombragé, avec de nombreux services annexes.";;0/06/13-06682fac-2371-3d8c-8b1a-b71436e3a9e0.json
Hébergement des Grands Goulets;Hébergement;A_GENERER_VIA_IA;;0/06/13-0668fe58-474f-39c8-a584-fd7c2d0838ed.json
Xavier Gaboriaud;Autres points d'intérêt;Xavier Gaboriaud est accompagnateur en montagne diplômé et moniteurs de VTT. Il propose de nombreuses sorties découvertes et perfectionnements dans toute la Savoie.;;0/06/13-06694e51-38e2-37a9-8c02-a4896be731e4.json
Le Terroir;Autres points d'intérêt;"Menus du jour, plats à emporter, planches apéro, pizzas maison... 
Chaque vendredi, soirée à thème, et chaque dimanche, soirée pizza ! 
Un dimanche par mois : une matinée spéciale sur un thème original.";;0/06/13-066a8434-0fb5-39ed-9117-e2b86eb8b7e6.json
Chalet Hôtel Turquoise;Hébergement;Notre Chalet Hôtel Turquoise, moderne et chaleureux, est pensé pour répondre à tous vos besoins avec des prestations et des services haut de gamme pour passer un séjour 100% montagne.;;0/06/13-066ea065-e81b-3ff3-8405-b1295bee5502.json
Le Détour;Autres points d'intérêt;Un bistrot de quartier comme on les aime avec belle carte de vin, déjeuner et grignotage sympas, des expos diverses à découvrir en guise de déco murale !;;0/06/13-066fe4d9-33a2-3637-af43-9bc1e5232889.json
Restauration rapide : White Sushi;Autres points d'intérêt;Spécialités japonaises à base de produits frais, sur place, à emporter ou en livraison !;;0/06/13-06703fbc-52e6-3022-85c1-1a8e329a0488.json
Passeurs de Sentes;Autres points d'intérêt;"Qui sont les ""Passeurs de Sentes"" ? Un groupement d’Accompagnateurs En Montagne ancrés aux quatre coins du massif des Baronnies : ils éveilleront vos sens aux secrets de nos sentes, entre Alpes et Méditerranée, dans un formidable écrin de biodiversité.";;0/06/13-0671d68b-6f60-3aa3-903f-428b6cb57e64.json
Piscine Bleu Idéal;Sports et activités outdoor;Piscine avec 2 bassins plus une belle pataugeoire, solarium. Bar/Restaurant juste à côté.;;0/06/13-0672911f-a5ea-3a64-a6dd-874956e77bd6.json
Télégraphe Chappe du Mollard Fleury;Autres points d'intérêt;Le télégraphe Chappe est un système de télécommunication optique mis en place par Napoléon. Vous pourrez découvrir le poste du Mollard-Fleury à 2004 m d'altitude. Des visites régulières en été vous permettent d'en découvrir le fonctionnement.;;0/06/13-0673b923-be41-3cba-91cf-6fb0bfe0d24e.json
Festival de Musique Sacrée - Monteverdi, Bach, Purcell, Couperin;Spectacles et événements;Balades baroques à travers l’Europe du XVIIème siècle : Italie, Espagne, Allemagne, Angleterre, France, avec Marine Beelen, soprano, Elise Lancerotto, à la harpe et à l’orgue et Martin Bauer à la viole de gambe.;;0/06/13-067592a6-b487-36e4-acc9-ef520017518c.json
Cimetière israélite de Veyrier;Autres points d'intérêt;Ce cimetière israélite a une histoire toute particulière du fait de son emplacement sur la frontière franco-suisse. Vous pourrez y voir un oratoire au magnifique vitrail et aux façades agrémentées de pierres de Jérusalem.;;0/06/13-06769d64-b132-310e-ac34-c21362c8ed88.json
Façon Chocolat;Autres points d'intérêt;Façon Chocolat est un atelier/boutique de fabrication artisanale de chocolats, sablés et sorbets bio, sans lactose, vegan. Cafés. Salon de thé. Dégustation.;;0/06/13-0676a1c9-0d15-3f19-84ab-c0e2fece9c54.json
Restaurant Le Rif;Restauration et gastronomie;Hôtel restaurant au cœur du village de Puygiron. Cuisine traditionnelle méditerranéenne.;;0/06/13-0677fa84-e5bf-3ea7-a6c6-398035b5bcb0.json
Salle ERA - Paul Lagresle;Autres points d'intérêt;"Cet équipement, propriété communale, est mis à la disposition des sociétés locales, des écoles publiques et privées de la commune et des familles de Coutouvre et autres. 
Location cuisine et sanitaire pour concours pétanque.";;0/06/13-067b9935-4ab8-3030-b4b9-3bebda9b98dd.json
Manoir du Colombier;Autres points d'intérêt;À 1h de Genève et Annecy, le Manoir du Colombier vous ouvre ses portes dans un écrin de verdure, avec piscine privée, **bain nordique** et vue époustouflante sur les montagnes du Grand Colombier.;;0/06/13-067d6977-f862-3db2-b951-e577a23cd6cd.json
La Paillotte;Autres points d'intérêt;Pizzeria;;0/06/13-067da664-811d-32cf-a55c-d4eefb9b4e70.json
La Borie d'Hélipse;Autres points d'intérêt;Un hôtel de charme au pied du village de Tournemire et dans l'esprit d'une maison de famille. L'excellence de l'hospitalité cantalienne à découvrir au travers de ses 12 chambres élégantes, son restaurant gastronomique et son spa.;;0/06/13-06808968-df11-3a05-8023-13192cb37b02.json
Le Chalet du Pèlerin;Hébergement;"Gîte d'étape avec une capacité de  9 personnes répartit sur 3 chambres en lit simple
Sur rendez-vous : Massage avec Reiki et réflexologie plantaire.
Possibilité de planter sa toile de tente
Hors saison : possibilité de location sur plusieurs nuitées.";;0/06/13-0681194b-01f5-3c11-b2d8-37bda861bba3.json
B & B Lyon Eurexpo Chassieu;Autres points d'intérêt;Idéalement situé à proximité d'Eurexpo et de l'aéroport Lyon-Saint-Exupéry, l'hôtel B & B Lyon-Eurexpo Chassieu vous accueille dans ce nouveau lieu de détente et de convivialité.;;0/06/13-06811e59-9b9d-3b3b-a90a-b965b60eb0ca.json
Café associatif Au bonheur d'une pause;Restauration et gastronomie;Au Bonheur d'une Pause est un café associatif et intergénérationnel qui vous pour passer un moment convivial, plein de bienveillance, autour d'une boisson sans alcool, d'une gourmandise, d'un atelier, d'un jeu, d’une conférence, de mini concert...;;0/06/13-06875148-8028-3892-a2da-2fbf26fb23f2.json
Vallon de Bérard;Autres points d'intérêt;Créée en 1992, la réserve naturelle du Vallon de Bérard a une superficie de 539 ha et culmine entre 1 700 m et 2 965 m .;;0/06/13-068a2f32-05d8-3530-a2ae-e80239328e54.json
Hôtel de la Villeon;Hébergement;"Hôtel de luxe 4****, avec une magnifique piscine de 16m, des jardins verdoyants, 16 chambres, alliant raffinement, histoire et confort, un lieu unique pour célébrer le savoir vivre et faire vivre le patrimoine. Membre de la collection ""Esprit de France"".";;0/06/13-0694b51b-5afc-3f70-afdf-fa6c1c0a10df.json
Parcours VTT 64 rouge - Montfalcon - Espace FFC Ain Forestière;Sports et activités outdoor;Ce parcours, sur les sentiers de la Praille, présente tous ce qui attire chez les Vététistes, des sentiers en sous bois, du sentier roulant, du dénivelé, et pour ne rien gâcher, un beau panorama sur le Mont Blanc !;;0/06/13-06973dfc-5732-3b7d-9657-fd169cb38149.json
Concert : Julien Clerc : Une vie;Spectacles et événements;Le chanteur et compositeur français signe un nouvel album intime et élégant, traversé par le deuil, l’amour et la mémoire, entre confidences personnelles et héritage musical.;;0/06/13-069775b4-74a1-32e7-986d-ed4bf228f3a2.json
Le Refuge;Autres points d'intérêt;Au dessus du Lac de Nyon, Betty vous attendra pour profiter de son “refuge”. Une petite halte nécessaire avant une jolie randonnée pour vous désaltérer ou déguster de délicieuses spécialités savoyardes ou juste un dessert gourmand.;;0/06/13-0699a7a8-c394-348c-a216-47c6c81aa588.json
Village de Saint-André-en-Royans;Autres points d'intérêt;Saint-André-en-Royans est un petit village adossé aux contreforts du Vercors. Sa belle silhouette, aux maisons groupées autour du château, a toujours été appréciée par les visiteurs et les peintres de passage.;;0/06/13-069c8204-36af-3faa-b3e9-a5457022a631.json
Chambre d'hôtes Le Pavillon;Hébergement;Au cœur du quartier thermal de Vichy tout près des parcs et du plan d'eau,;;0/06/13-069cbbe3-ea49-3880-87be-b3b435efa43e.json
Ribeira do Porto;Autres points d'intérêt;Cuisine portugaise et ambiance familiale, soirée à thème organisées toute l'année ! Cuisine à la minute et en direct, préparée sur des produits bruts et frais !;;0/06/13-069f9276-0fa2-3eb9-9876-283e0349d75a.json
Bar Le Pré de Foire;Restauration et gastronomie;Un café, des paris hippiques, des jeux à gratter, une grande terrasse, un restaurant, des soirées animées ... Il y en a pour tous les goûts. Max et son équipe vous accueillent toute l'année dans leur bar restaurant.;;0/06/13-06a04e83-3339-31b0-b72c-4221279e41c1.json
Camping La Ferme de la Serraz;Hébergement;Camping 5 étoiles situé en Haute-Savoie dans le cadre exceptionnel du Lac d'Annecy et des Alpes, au cœur du village de Doussard. Ambiance familiale et conviviale. Profitez de la piscine de 200 m² chauffée, des nombreuses facilités et installations.;;0/06/13-06a04faf-bed4-3fd8-a9fb-6821ba425325.json
Le sentier des Maîtres du mont Déserté;Nature et détente;Entrez dans l'histoire et apprenez à maîtriser la montagne. A travers une légende, guidé par les statues de bois, découvrez l’histoire du site du Nant des Granges et les techniques pour contrer les glissements de terrain.;;0/06/13-06a15893-3114-3491-b7a6-b530955d1fc9.json
Fort du Saint-Eynard;Autres points d'intérêt;Réhabilité entre 1991 et 1995 et ouvert au public, le fort du Saint-Eynard offre une très belle vue sur le massif de Belledonne, la vallée du Grésivaudan et Grenoble. Une exposition permanente sur la vie de la garnison au fort vous y attend.;;0/06/13-06a2d4ea-bea7-3a83-ac9a-0799ac21e010.json
Malissard;Autres points d'intérêt;L’origine du nom vient de « mal » (mauvais) et « essart » (lieu nouvellement défriché). 1514 Mal Eyssart. 1575 Malessart Malissard était à l’origine un quartier excentré de Chabeuil et le restera jusqu’au XIXe siècle.;;0/06/13-06a34df0-5251-3b78-9c3f-e67b2b0d9bf6.json
Chenil Max'Cîmes;Autres points d'intérêt;Venez découvrir l'univers des chiens de traîneaux. Présentation du matériel toutes saisons, des soins apportés aux chiens, des chiens : Caresses, brossage, nourrissage.;;0/06/13-06a3ffab-2d69-3194-8f92-7a51891f9110.json
Food Truck C Chou'Ette;Autres points d'intérêt;Spécialités gourmandes sucrées et salées. Les gourmands vont adorer ! Tous nos gâteaux (cake design) sont sur commande.;;0/06/13-06a418e2-c6c6-3e5b-97f9-c667d000094c.json
Bibliothèque municipale;Culture et patrimoine;Les lecteurs peuvent bénéficier des fonds du réseau bibliothèques et médiathèques du Pays des Vans en Cévennes.;;0/06/13-06a4d9fc-8037-32d4-8c47-2df2c86b675e.json
Le Rooftop Bar - Grand Hôtel Soleil d'Or;Hébergement;Avec une vue imprenable sur le cœur historique de Megève et les montagnes environnantes, venez découvrir LE bar à cocktails de Megève . Laissez-vous séduire par nos créations et notre carte de « finger food » de luxe !;;0/06/13-06a6a2c4-3fe3-33e9-8c07-d298602489d5.json
Itinéraire VTT - G : Chamonix - Argentière - La rive droite du bord d'Arve;Sports et activités outdoor;"Itinéraire de liaison en double sens entre Chamonix et Argentière qui longe l’Arve
en rive droite.";;0/06/13-06aa1e6d-7547-3d31-bdd4-a25528ea2b5f.json
Le Grillon;Autres points d'intérêt;Nous vous accueillons dans un cadre chaleureux et familial. Cuisine gourmande et authentique au rendez-vous.;;0/06/13-06aa4a14-6513-3d65-875c-85da478f4a6a.json
Les P'tits Plats;Autres points d'intérêt;Restaurant traditionnel situé dans le centre historique de Clermont, à deux pas de la Basilique Romane Notre-Dame du Port.;;0/06/13-06abbecc-6f25-315c-8cb6-e55db14b57a6.json
Pôle asin bourbonnais;Autres points d'intérêt;"Venez découvrir le Pôle Asin Bourbonnais consacré à l'âne, à Braize, siège de la race ""Ane Bourbonnais"".
La visite comprend le musée de l'âne, l'atelier du charron, reconstitution d'un atelier de sabotier une collection agraire et l'ancien four à pain.";;0/06/13-06ae0b83-e0e1-3321-a47d-b2c26a758d9c.json
Moulin de Pargeat;Autres points d'intérêt;Le Moulin à vent de Pargeat fonctionne avec ses ingénieux mécanismes en bois d'origine. Il est muni d’ailes à barreaux et planches avec une meule unique et ses accessoires très typiques.;;0/06/13-06b08cde-d97c-372d-81e7-6e60ba8c8a04.json
Parcours pêche passion : la Tête de Lion;Sports et activités outdoor;Parcours tous niveaux, toutes techniques. Au cœur des gorges, la Couze Pavin adopte un profil torrentiel. La rivière trace une grande courbe au travers d’un parcours riche de nombreuses caches.;;0/06/13-06b29623-ab80-3904-a7bd-db840a3748d5.json
Marché alimentaire de Rencurel;Spectacles et événements;Petit marché alimentaire à la Ferme des Sisampas;;0/06/13-06b4b40b-8438-3eda-ace8-d729a0b53831.json
Enquête game itinérant;Autres points d'intérêt;L'Office de Tourisme vous propose un nouveau concept d’enquête game itinérant. Avec votre véhicule, partez sur une journée à la découverte des 3 Petites Cités de Caractère® proches de Clermont-Ferrand : La Sauvetat, Saint-Saturnin et Vic-le-Comte.;;0/06/13-06b5d1b1-31e0-3364-a9bd-016b936953e6.json
Médiathèque Copernic - Montbrison;Culture et patrimoine;Le réseau Copernic rassemble 3 médiathèques, 56 bibliothèques et 3 ludothèques sur le territoire de Loire Forez agglomération. Autant de lieux accessibles à tous pour échanger, se divertir, apprendre et jouer.;;0/06/13-06b6af86-691d-3127-a3ef-9cfd62717b85.json
Eglise Saint-Pierre et Saint-Blaise;Culture et patrimoine;L'église fut entretenue ensuite par les chanoines Comtes de Lyon. Cette église se trouvait au milieu d'un petit cimetière dans lequel étaient enterrés les morts des quatre hameaux depuis sa fondation, vers l'an 850 jusqu'à maintenant.;;0/06/13-06ba0fec-570d-39b4-87a4-1e2c6e34229b.json
Piz'zanini;Autres points d'intérêt;Pizzas à emporter.;;0/06/13-06ba99be-a1d2-3041-b5ed-e7373be18125.json
Auberge Le Semnoz;Hébergement;Le Semnoz et son restaurant le Saint-Hubert, c'est l'histoire d'une famille savoyarde dans l'âme. Jean-Philippe vous invite à découvrir son établissement.;;0/06/13-06bd1ba1-55d6-3729-ad61-89210237a2b5.json
Les Gagères;Autres points d'intérêt;Au restaurant Les Gagères dans le village chaleureux de Tupin-et-Semons, chaque plat servi est une invitation à la table d'un ami où la simplicité rime avec qualité, et où chaque produit local et régional est choisi avec soin, respect et amour du terroir.;;0/06/13-06be774d-5618-3778-8efb-df72ff421963.json
"La "" Maison neuve "" de Chérubin Beyle";Autres points d'intérêt;Chérubin Beyle, le père de Stendhal, fait construire cette maison particulièrement cossue pour Grenoble, dans laquelle la famille emménage à partir de 1805. Il y engloutira ce qui lui reste de sa fortune, réduisant les espoirs d’héritage de son fils.;;0/06/13-06bfe586-ca35-343a-b56a-28202d6c0868.json
Mezze & Co;Autres points d'intérêt;"Notre restaurant sur place et à l'emporter vous accueille
7 jours / 7 dans une ambiance contemporaine et conviviale.
Tous nos plats sont cuisinés sur place chaque jour.
​Nous disposons de 15 places assises et d'une grande terrasse pour les beaux jours.";;0/06/13-06c194a8-4b2e-3a3d-90f5-6bb3cbcd9496.json
Résidence Les Roches du Mont Blanc;Hébergement;Avec l’un des plus beaux panoramas des Alpes, offrant une vue à 360 degrés sur le massif du Mont Blanc et des Aravis, Les Roches du Mont Blanc Résidence & Spa **** vous accueille pour un séjour inoubliable.;;0/06/13-06c2081f-242c-3a07-9ec4-92765c52cd0f.json
Démonstration de cuisine n°3 : Cuisiner le poisson - Mardi 15 octobre;Autres points d'intérêt;A_GENERER_VIA_IA;;0/06/13-06c2547b-ebab-35fa-becf-b8d80137aa95.json
Café Hôtel Dieu;Hébergement;Une adresse de charme avec sa terrasse et son cachet intérieur avec poutres à la française et pierres apparentes. Sa salle à l'étage donne sur le site historique. On propose une cuisine maison autour d'une carte de bistrot efficace.;;0/06/13-06c68566-933e-3b98-859e-09be5ab2e5b4.json
DVA Park;Autres points d'intérêt;Attiré par les grands espaces et les champs de neige vierge? DVA, pelle et sonde sont indispensables. Mais savez-vous les utiliser? Dans le DVA Park, situé au sommet du massif de la Sétaz, améliorez votre technique de recherche de victimes d'avalanches.;;0/06/13-06c730e1-3787-35a4-90a5-bc57150f551c.json
Skate Parc;Nature et détente;Le skate parc d'Annonay est accessible aux skates et rollers. Il dispose d'un lanceur, une barre de slide, une table, un box, un banc, un module pyramide et un quater half pipe.;;0/06/13-06c73268-7f28-3d8b-9a47-cce2825e348d.json
Ninkasi Tarare;Autres points d'intérêt;Ce lieu de brassage en impose ! Installé à Tarare dans une ancienne usine, le Ninkasi Tarare est une brasserie où l’on peut déguster la bière Ninkasi quasiment à la source, ce restaurant étant accolé à la Fabrique de bière et la distillerie Ninkasi.;;0/06/13-06c96a93-bfea-371e-8a18-fe2d9b77cc12.json
Le Nazionale;Autres points d'intérêt;Pizza et plats d'inspiration italienne.;;0/06/13-06cafe0a-5c9f-3749-996d-6446658614b9.json
L'Alexandrin;Autres points d'intérêt;Les merveilles lyonnaises sont revisitées avec des épices et des produits du terroir. Laurent Rigal fait rimer tradition et inspiration jusque dans les desserts.;;0/06/13-06cbf597-7788-3dfb-90ee-ec416060f163.json
Fours à chaux;Autres points d'intérêt;Les sous-sol de cette partie de la haute vallée de la Dordogne présentent quelques lentilles de calcaire cipolin égaré en bordure du volcanisme.;;0/06/13-06cf0a82-3993-35ee-8fa6-5b7f5370bef4.json
Aven d'Orgnac - Grand Site de France - La Cité de la Préhistoire;Autres points d'intérêt;Sur le Grand Site de l'Aven d'Orgnac, à quelques pas de la sortie de la Grotte, la Cité de la Préhistoire évoque 350 000 ans d'aventures humaines au travers de collections, vestiges locaux de l’occupation humaine. A visiter avant ou après l'aven d'Orgnac!;;0/06/13-06cf0f98-97ad-3d1e-823c-05aa5a6f99bf.json
Le Garage;Autres points d'intérêt;Havre de divertissement de premier ordre, Le Garage, Nightclub à Annecy est le lieu parfait pour se détendre et se déhancher sur du bon son jusqu’au bout de la nuit.;;0/06/13-06d2021f-d471-3601-9d24-367edf6ac274.json
Architecture du village de montagne de Murat le Quaire;Nature et détente;Bourg de montagne typique, bâti en pierre de lave et toits de lauzes.;;0/06/13-06d2175c-2070-37fc-b859-57c9a69370d1.json
Aiguillette des Houches;Autres points d'intérêt;Ce point de vue exceptionnel situé à 2285m d'altitude vous menera aux portes de la réserve naturelle de Carlaveyron. Avec une vue magnifique et panoramique sur le Mont Blanc, cette montagne s'élève face à ce somptueux massif.;;0/06/13-06d252cf-a9af-3f2e-9a54-e8fdf8de4a30.json
Marché fermier à la ferme de la Goyardière;Spectacles et événements;Tous les 1ers samedis du mois, retrouvez vos producteurs locaux de fromages de vache et chèvre, légumes et fruits, viandes, bières, vin, miel et produits de la ruche, artisanat, glaces... Des plats à emporter de saison sont aussi proposés tous les mois.;;0/06/13-06d3b96e-7678-3546-b8db-dd3cda7beef7.json
Circuit pédestre Espace naturel sensible : Tour de la Boire des Carrés;Nature et détente;Ancien bras de rivière, transformée en boire, la Boire des Carrés constitue un véritable écrin de nature alliant forêts alluviales, prairies, pelouses et îlots.;;0/06/13-06d3fa69-8bf0-3012-a662-feae01ba9ba2.json
Circuit VTT N°5 - Entre grottes et châteaux;Sports et activités outdoor;"Au départ de la Base VTT d'Issoire, suivez le circuit n°5 ""Entre grottes et châteaux"". Vous longerez la Couze Pavin puis la Couze d'Ardes. Avant de redescendre sur Issoire, vous profiterez de la vue depuis le plateau de Pardine.";;0/06/13-06d46374-7d10-3041-8e90-47050449ea9f.json
Eglise Notre-Dame de l'Assomption - Bonneval sur Arc;Culture et patrimoine;L'église de Bonneval sur Arc se trouve en plein coeur du village historique.;;0/06/13-06d49f6b-4d63-3f84-95bd-b0758e10aeb9.json
Châtel Fun Bike;Autres points d'intérêt;"Châtel Fun Bike c’est un BMX spécialement conçu avec de gros pneus pour les sentiers alpins, combiné au tir Biathlon laser.
Etes-vous prêts pour de nouvelles sensations ?";;0/06/13-06d542b9-33dc-32d8-8aa0-4f8e8a648395.json
Restaurant Indochine;Restauration et gastronomie;Envie d'un peu d'exotisme …. Régalez vous avec des spécialités vietnamiennes, chinoises et thaïlandaises. Ce restaurant familial vous accueille dans une ambiance chaleureuse et titillera vos papilles par ces mets délicatement épicés.;;0/06/13-06d84ee6-9b9d-32af-8550-8728e07b8e50.json
Four à pain de Landos;Autres points d'intérêt;A_GENERER_VIA_IA;;0/06/13-06da7984-6c47-3819-8b77-a0adf55dbda6.json
Château de Bussolles;Culture et patrimoine;Évadez-vous et devenez un prince ou une princesse dans un véritable château français avec une riche histoire. Profitez du calme et de l’espace, à l’intérieur ou dans le vaste jardin avec piscine. Hospitalité et confort maximum.;;0/06/13-06db02e6-bdf6-3020-b544-f719f30bab99.json
Circuit moto sur le balcon du Rhône;Nature et détente;Circuit moto traversant l'Ardèche Verte vers la vallée du Rhône avec une superbe vue surplombant ce fleuve.;;0/06/13-06dd8eb8-ee9b-3464-96fb-06a7eac3bfd9.json
Auditorium;Autres points d'intérêt;L'auditorium de Saint-Laurent-de-Chamousset vous accueille nombreux dans une salle à l’acoustique exceptionnelle.;;0/06/13-06de2004-68fc-3381-9878-06fc43640017.json
Terrain de pétanque;Autres points d'intérêt;Terrain de pétanque sur la place des Eucherts. Non couvert.;;0/06/13-06de2e7a-c5d3-31f9-9453-c713e1dff9d7.json
Chez Véronique et Fred;Autres points d'intérêt;"Maison idéalement située aux pieds des grands cols alpins (Madeleine, Galibier, Croix de Fer, Glandon, La Toussuire...) et à 5 minutes à pied du centre-ville.
Etablissement membre du réseau ""Qualité Cyclo Maurienne"" et avec le label ""Accueil Vélo"".";;0/06/13-06de3136-bd7a-3dc3-90ab-098a203ba841.json
les villas du Vendoule *****;Autres points d'intérêt;"Domaine 5* les villas du Vendoule
16 villas de charme avec terrasse, jardin et piscine privée, espace détente bien-être, jardin botanique…
Un site préservé entre vignes, oliviers et garrigue pour vos événements privés ou professionnels";;0/06/13-06de6cd7-a2fe-374f-984e-b9daffd4eb10.json
L'Art des Chemins;Shopping et artisanat;L'auberge propose une restauration traditionnelle familiale (salle dédiée), des plats fait maison. Un bar est aussi à votre disposition.;;0/06/13-06df9e69-b4d8-3220-9c29-eb55b9f2ede5.json
Marche et repas au four;Spectacles et événements;"Marche et repas au four 
Marche gratuite de 8 kms (ouvert à partir de 9h) - dénivelé de 300m suivi d'un repas cuit au four du village 
Repas ouvert au non marcheurs (15 euros et 8 euros pour les moins de 12 ans)
Inscription avant le 12 aout";;0/06/13-06e102ff-4f70-363c-82fb-04051552469a.json
Chapelle de Gayette;Culture et patrimoine;Le donjon de Gayette date de la fin du Moyen-âge. En 1698, il fut donné aux frères Saint-Jean de Dieu comme hospice pour accueillir les pauvres. C'est aujourd'hui une maison de retraite médicalisée.;;0/06/13-06e10dd4-c4e4-3b7f-af15-1b4fcf9d4758.json
Vélorail du Pays de Mauriac;Autres points d'intérêt;Parc de 15 vélos avec possibilité d’assistance électrique pour votre confort !;;0/06/13-06e13a99-7667-38a3-8001-a0854e6a721d.json
Fort Victor-Emmanuel en Savoie à Aussois;Autres points d'intérêt;Découvrez le Fort Victor-Emmanuel à Aussois, en Savoie. Visite culturelle, randonnée, symbole de l'histoire en Haute Maurienne Vanoise.;;0/06/13-06e26f0a-317c-396e-a159-2b13422c24e8.json
"Restaurant de la Bastide de Grignan ""La Chênaie""";Restauration et gastronomie;"Le restaurant ""La Chênaie"" à l'Hôtel La Bastide de Grignan vous propose une cuisine de terroir avec des produits locaux et de saison.
Selon météo, grande terrasse  à l'ombre des  chênes. l'hiver nous proposons un menu basé sur la Truffe, spécialité locale";;0/06/13-06e3a892-9159-3823-92fc-51c3cdb7f9f9.json
In Canyon We Trust - Ecole de Canyoning;Nature et détente;In Canyon We Trust vous propose des sorties canyoning autour de Grenoble, dans les massifs du Vercors, de la Chartreuse ou encore de l'Oisans. En famille ou entre amis, débutants ou expérimentés;;0/06/13-06e5c95d-fc65-32a3-84e1-15f5ddd7e81b.json
Tubing;Autres points d'intérêt;Prenez place sur la bouée, laissez vous glisser sur la piste, négociez les virages relevés et arrivez, tout en douceur, en bas de pente, le sourire au lèvres et les cheveux tout décoiffés! Le Tubing, une activité à pratiquer à La Toussuire, tous les étés!;;0/06/13-06e73609-85e7-3df4-a50e-3d84a5bbdd64.json
Circuit de la chapelle Saint Rémy;Culture et patrimoine;Cet itinéraire vous plonge dans l'histoire de la commune et rappelle la prépondérance de l'eau au XIXe siècle.;;0/06/13-06e75ac4-ee10-303f-a5d9-0cea31de3c49.json
Boucle pédestre de Bérold de Saxe;Autres points d'intérêt;Une manière ludique de partir à la découverte du Monolithe, au cœur de sa forêt. Prenez-vous au jeu et réinventez une balade très appréciée par petits et grands.;;0/06/13-06e90d8f-9f3f-30e1-8689-a0cdfeabce1d.json
Gîte communal du Pontet;Hébergement;Deux meublés de tourisme situés dans le hameau des granges, sur la route du col du Cucheron sont à votre disposition, dans un environnement préservé.;;0/06/13-06e919a7-ffed-3013-8471-b753016b1dc1.json
Les Berges du Rhône;Autres points d'intérêt;Les berges du Rhône, du parc de la Tête d'Or au parc du Confluent, liens urbains, naturels, culturels et sociaux, sont des promenades et des jardins où se déroulent tout au long de l'année des manifestations et des fêtes.;;0/06/13-06eaaa6b-d4d1-348b-aea6-1bd4b9c7a9bb.json
Bo Bun by El Raïs;Autres points d'intérêt;Venez découvrir les saveurs de l'Asie : Bo buns, nems, samoussas faits maison vous attendent dans notre restaurant.;;0/06/13-06ed70a0-dc6f-3824-9258-7dd7e2f65c7c.json
Centre sportif de la Cité de l'Eau;Autres points d'intérêt;Vous retrouvez dans le Complexe Sportif : des salles de danse, d'arts martiaux, de gymnastique, un mur d'escalade, un terrain de basket, une salle conçue pour la pratique des sports acrobatiques.;;0/06/13-06f0b370-8587-3f03-b118-512eb454e92d.json
Conférence : Raconter la famille Vallentin du Cheylard;Autres points d'intérêt;Dans sa conférence, Amicie d’Arces mêle le récit de sa famille, les Vallentin du Cheylard, à celui de la collection qu’ils ont constituée génération après génération, portés par une passion commune.;;0/06/13-06f0d9cb-dc55-31e3-b132-d8b98b3e2c57.json
Neuville-sur-Ain;Autres points d'intérêt;Neuville-sur-Ain livre ses richesses : maisons aux façades pittoresques, pont à deux arches en pierre, quartier inscrit à l’inventaire des sites pittoresques, moulin à huile, châteaux en ruines, chapelle, fours à pain, gués sur le Suran, lavoirs,...;;0/06/13-06f44b10-ddae-31d0-97b9-c312789296e7.json
Jets d'eau du lac Saint-Clair;Nature et détente;Sur une superficie de 700 m², 18 jets / jeux d’eaux attendent petits et grands pour un momment aqualudique et bien sur raffraichissant.;;0/06/13-06f4ec8d-7b75-35fd-b29c-14046959cf26.json
Église Saint-Simon et Saint-Jude;Culture et patrimoine;L’église romane, datant du XIIe siècle, se situe dans le quartier des Granges.;;0/06/13-06f5ad87-b5e7-3d47-8051-f17904ffba65.json
La Ferme aux Crocodiles;Autres points d'intérêt;Plongez au cœur d’une biodiversité luxuriante dans le plus grand parc animalier européen dédié aux reptiles.;;0/06/13-06f600d8-cb17-38dd-8f3c-17d2dcdba214.json
La Bouch'en coin;Autres points d'intérêt;Situé au cœur d'Aubenas, à 200 mètres du château, le restaurant La Bouch'en Coin vous accueille et vous propose une cuisine maison à base de produits frais.;;0/06/13-06f95777-2b57-3351-8ae5-7b9d1901ebb7.json
Aire Camping-Cars privée de Font d'Urle/Chaud Clapier;Hébergement;Aire de services privée au cœur du hameau de Font d'Urle. Terrain accessible sans aucune modalité aux campings cars.;;0/06/13-06fa1f19-eac7-3c35-af67-f7649d71dd22.json
Hôtel Campanile Saint-Etienne Est - Saint-Chamond ***;Hébergement;Idéalement situé entre Lyon et Saint-Etienne, l’Hôtel Campanile Saint-Etienne Est-Saint-Chamond est très facile d’accès par la sortie n°15 sur A47.;;0/06/13-06fb3cff-f54b-307b-a975-5a5f7382d969.json
La Chaumière;Autres points d'intérêt;Restaurant semi-gastronomique proposant une cuisine de produits locaux frais: Soupe de Poisson, cuisses de grenouilles, bavarois aux fruits... Le tout dans une auberge du 18ème siècles.;;0/06/13-06fbb876-0520-3319-8baa-0d42155cf267.json
Saint-Bardoux;Autres points d'intérêt;Saint-Bardoux est un petit village perché dominant une commune vallonnée et étendue. Du clocher de son église, on aperçoit, dit-on, les reliefs de sept départements voisins.;;0/06/13-06fcc10b-4a95-3171-b3ee-992810735a01.json
Accords mots & vins;Autres points d'intérêt;"Accords Mots et Vins, c'est l'artiste-caviste qui s'invite chez vous !

Dégustation culturelle, multisensorielle, authentique, ludique, atypique et pédagogique !";;0/06/13-06fdbfc4-0f59-3c83-84f8-6b7e0556b6dd.json
Royal d'Asie;Autres points d'intérêt;"Le Royal d’Asie vous invite à découvrir ses spécialités. Profitez du confort d'un restaurant chaleureux à la décoration typique, pour un repas savoureux et dépaysant !

Ouvert tous les jours midi et soir.";;0/06/13-06ffe03c-c198-3185-b69d-134257c99069.json
Location terrains de tennis - Stade de l'Etivallière;Hébergement;8 cours en dur et 4 en terre battue, en plein air.;;0/07/13-0700b659-4fed-30ca-a96b-5c991f57d3b6.json
Ponton de pêche PMR de Taponas;Sports et activités outdoor;La pêche de la Saône est accessible à tous ! A Taponas, offrez-vous une partie de pêche en bordure de Saône. Ponton de pêche accessible avec garde-corps frontal et latéraux (pente).;;0/07/13-070125a2-9ae7-36fa-83b4-65ed497b6819.json
Cuisine et Sentiment;Autres points d'intérêt;"Cuisine Maison & Traditionnelle.
Menu a 18€ en Semaine + carte .
Suggestion entrée & plat & dessert + carte le week-end.";;0/07/13-07023f6b-3329-3a8f-a1d6-94f5bfe7bb3d.json
L'Appart Fitness Beaurepaire;Sports et activités outdoor;Musculation, cours co, RPM, cross training…;;0/07/13-07026c84-3695-3fb3-a6f2-b3de15bf679d.json
Guide du Patrimoine Savoie Mont-Blanc Anne-France Binder;Culture et patrimoine;Anne-France Binder, Guide du Patrimoine, vous fera découvrir la riche histoire du village du Reposoir. La belle chartreuse fondée au XIIème siècle dans un site grandiose, actuellement monastère du Carmel, vous invitera à un voyage à travers le temps.;;0/07/13-07028bb1-2c41-3a7b-9eeb-85fee437d8c8.json
Via Ferrata du Roc du Vent.;Autres points d'intérêt;Entre escalade et sentiers escarpés, la Via Ferrata permet de découvrir les sensations de l’alpinisme. Accessible au plus grand nombre, elle chemine entre vires, et parois verticales, offrant des panoramas inoubliables sur lacs, alpages et Mont Blanc.;;0/07/13-0703e7b3-01c5-349f-8ffc-07c748327c95.json
Eglise Saint-Denis de La Verpillière;Culture et patrimoine;Édifiée à partir de 1842 dans un style néo-classique, l'église de la Verpillière se distingue par son imposant clocher voisinant un chœur surélevé, et par son élégante façade ouvrant sur l'ancienne place du village, au cœur d'un ensemble bâti très dense.;;0/07/13-0706b2b1-d001-384f-9f58-75ca8601b021.json
Notre Histoire - Musée de Rumilly;Culture et patrimoine;Le musée aborde de manière singulière et contemporaine l'histoire de la ville et de son territoire. Le parcours des collections présente des tableaux, gravures, sculptures, objets d'artisanat et d'industrie pour comprendre Rumilly et ses évolutions.;;0/07/13-070b24b5-07dd-35bb-9ac5-a12cdabdecf1.json
Val d'Este;Autres points d'intérêt;Le Val d’Este est un lieu d'accueil et de partage situé au cœur historique du village de Saint-Gervais Mont-Blanc.;;0/07/13-070dfda0-7795-3f18-95ed-4743431f02c0.json
"Café culturel ""La Boulangerie""";Restauration et gastronomie;Peter vous accueille chaleureusement dans son café, vous proposant cafés bio, chocolats chauds, thés régionaux, planches apéritives et autres gourmandises locales. Expositions (peinture, sculpture), soirées lecture, soirées à thème, etc...;;0/07/13-0710dc94-2e9d-32c7-94d6-b5f070a598c7.json
Parcours VAE n°12 _ Lac de Joux - BLEU;Nature et détente;Une boucle panoramique en VTTAE depuis le Mont d’Arbois jusqu’au Lac de Joux, via le Mont Joux. Une montée régulière, des vues à couper le souffle et une arrivée paisible au bord d’un lac d’altitude !;;0/07/13-0711b147-925d-31a3-912d-f3f3136056c3.json
Auberge du Petit Planchat;Hébergement;Auberge de campagne en pleine nature dans le Massif du Sancy.;;0/07/13-0712b9a2-ee0f-31da-a18d-b4f7d927e8f4.json
Boulangerie Bonnardel;Restauration et gastronomie;Boulangerie - Pâtisserie;;0/07/13-0712bc45-3c98-349b-bc39-b4f2117eef9f.json
"Circuit ""découverte"" de Montmerle-sur-Saône";Nature et détente;Partez à pied à travers ce charmant village de Montmerle-sur-Saône pour une balade d’1h en famille ou entre amis à la découverte des traces de l’histoire de Montmerle-sur-Saône et d’un passé bien marqué.;;0/07/13-0713526e-2e0c-3929-9e92-066bde0d5d75.json
Pizza d'Antan;Autres points d'intérêt;A_GENERER_VIA_IA;;0/07/13-0713e6ee-973c-3c0a-8c16-6d7fee238965.json
Terrain multi-sports - Les Croës’Bau’jeux;Autres points d'intérêt;Un espace en extérieur agréable pour passer un bon moment en famille, autour de diverses activités : table de ping-pong, espace fitness, terrain de pétanque, espace de pédaliers ainsi qu’un stade de foot, basket, volley, badminton, ...;;0/07/13-0716153e-ca6a-3fde-8f6f-933c1627b595.json
Restaurant d'altitude de Doran;Restauration et gastronomie;Restaurant d'altitude caché au pied de la Pointe Percée où le vallon de Doran a su garder son authenticité. Découvrez un lieu où pastoralisme, sport et nature cohabitent en parfaite harmonie.;;0/07/13-07180ca5-d826-3bd3-b517-ceb5515fc83b.json
Un été arctique, de Jane Henriques;Autres points d'intérêt;"Exposition des photos de Jane Henriques
Vernissage vendredi 1er août à 18h30";;0/07/13-07182ed6-ac26-328b-a3ea-c8548b89e6d1.json
Le marais depuis La Praille - Piste verte de ski nordique;Sports et activités outdoor;Piste assez facile. Pour les débutant qui ne souhaitent pas encore s'attaquer à la piste du champion Simon Desthieux, elle offre une porte de sortie plus courte tout en évitant la descente du Pylône !;;0/07/13-071b13b0-fd2e-3da7-888f-04d860c3f332.json
Exposition Les Dessins du Bouquetins par Camille Delahaye - du dimanche 06 juillet au 10 juillet;Culture et patrimoine;Plongez dans l’univers sensible et poétique de Camille Delahaye à travers ses dessins consacrés au bouquetin, emblème majestueux de nos montagnes. Une exposition à découvrir dans un cadre paisible, au cœur du parc thermal.;;0/07/13-071b6c5b-2a14-39db-98ad-652eb2757c55.json
Natur'Envie;Autres points d'intérêt;Partez à la découverte du milieu naturel à travers des approches variées : ludiques, sensorielles, scientifiques, artistiques… mêlant ainsi plaisir et découverte !;;0/07/13-071ea6da-a67c-3ce0-a17b-b932c120f283.json
Village médiéval de Riverie;Autres points d'intérêt;"Le village de Riverie, ancien fief d'une puissante baronnie occupait une place-forte au Moyen-âge. Doté d'un patrimoine remarquable, le village est classé depuis 2017 ""Petite Citée de Caractère"".";;0/07/13-0720c75c-eddb-3286-ac80-4389836c7bf5.json
Le Silo;Autres points d'intérêt;Découvrez une large gamme de productions locales bio, nature et progrès : fruits, légumes, pain, viandes, fromages, sorbets, confitures, jus, sirops, bières, miel, champignons, huiles essentielles, cosmétiques, farine, pâtes. Vente directe producteurs !;;0/07/13-0720db9b-7848-3d43-ac0a-7dd8181a4160.json
Jul's;Autres points d'intérêt;"Le Restaurant Jul's est renommé pour son voyage culinaire à travers ses assiettes.
Brasserie/pizzeria conviviale, portugaise, arménienne et française, située au bord de la ViaRhôna.";;0/07/13-07252d0e-d4c5-34bc-99e2-9b7ded16c840.json
Café du Centre - Bistrot de Pays;Restauration et gastronomie;"Bistrot de Pays. Cuisine traditionnelle ""fait maison"", produits locaux, casse-croûte et plats à emporter sur demande.";;0/07/13-0725300d-3e85-3ddc-9afa-e6605034b74f.json
Courts de tennis à Craponne-sur-Arzon;Sports et activités outdoor;4 courts de tennis à l'entrée du camping et à proximité de la piscine.;;0/07/13-0726adf1-13a9-3aed-b321-641d3d203769.json
Festival Musicales du Haut-Allier;Spectacles et événements;"Festival ""Musicales du Haut-Allier"" de musique classique avec comme codirection artistique, Aliénor Lamarca et Niels Armand-Hasselweiller.";;0/07/13-07276bc1-be0d-34ed-925d-6d1b5068e514.json
ho36 Restaurant;Restauration et gastronomie;Au rez-de-chaussée, on savoure, on partage et on rencontre. Ho36 a imaginé une cantine à son image, simple, chaleureuse, ouverte 7 jours/7, sans interruption.;;0/07/13-07287791-d66f-3db0-89cd-90e3c3e0c047.json
Centre équestre de Vienne Le Couzon;Sports et activités outdoor;"Le Couzon, c'est un centre équestre familial où qualité et compétence se conjuguent dans une ambiance agréable.
Club Cheval et Poney Club, le Couzon vous propose des installations très complètes,";;0/07/13-072b745f-2e92-3358-95f0-f37ac3b92533.json
Vide-greniers à Mézères;Autres points d'intérêt;"Le comité des fêtes de Mézères organise son traditionnel vide-greniers. 
Buvette et restauration sur place. 
Installation à partir de 6h sans réservation.";;0/07/13-072c528c-7d1e-3983-9261-e22c02d47089.json
Marché de Produits Manufacturés Ménival;Spectacles et événements;Produits vendus : vêtements, chaussures, sacs, bazar par une quinzaine de commerçants.;;0/07/13-072cd7c9-b2fd-3404-8156-77842717cb6e.json
Via ferrata du Diable - Descente aux Enfers et Montée au Purgatoire;Autres points d'intérêt;Un superbe parcours de via ferrata. Un belle descente au fond des gorges de l'Arc, peu difficile, qui s'accentue pour devenir athlétique juste avant la passerelle des Enfers. La montée au Purgatoire s'élève et s'achève le long de la cascade du Nant.;;0/07/13-072dcae5-4fa0-3b36-98f2-f544a38472c7.json
Croque & Nous;Autres points d'intérêt;Restaurant de Croques Monsieurs revisités.;;0/07/13-073052a4-7103-3d25-a700-46df0fe15118.json
Médiathèque municipale de Limas;Culture et patrimoine;Prêt de livres, revues et C.D, C.D. ROM, consultation Internet, expositions... gratuit pour les habitants de LIMAS.;;0/07/13-0730adcf-6ece-3f5b-a407-746713b7940d.json
Brasserie de l'Auberge des Glières;Hébergement;La Brasserie au Plateau des Glières vous accueille et vous propose une carte de plats aux saveurs authentiques, traditionnelles, revisitées et sophistiquées.;;0/07/13-0735391e-8323-351c-ad0c-18641c25e2db.json
Café du Centre;Restauration et gastronomie;Le Café du Centre est situé en plein centre ville d'Aime avec une jolie terrasse.;;0/07/13-0739558f-d0db-35be-ba94-91b81f959371.json
Gîte le Nouveau Grassonnet;Hébergement;"Un grand chalet aménagé pour l'accueil de classes, de groupes et de famille
Le Nouveau Grassonnet permet d'accueillir 38 personnes grâce à ses grandes pièces à vivre telles que sa salle à manger et sa salle de jeux.";;0/07/13-0739cf2a-d695-30e3-a1f2-61cbad941d2a.json
Gray Rest'O;Autres points d'intérêt;Gray Rest'O vous propose un large choix de restauration ! Pizzas, burgers, sandwichs ! Il y en aura pour tout le monde !;;0/07/13-073b5c22-602f-35a6-9e8c-68ef7d0bb0db.json
Le Blanchon;Autres points d'intérêt;"Charme et prestige qualifient l’ambiance de l’appartement Le Blanchon.
Ses 107m² en duplex accessibles par 2 entrées indépendantes ont été imaginés pour faire vivre une expérience inoubliable à 7 personnes.";;0/07/13-073b5d48-fe31-3cf3-8918-a035410d6c91.json
Les Vendredis de Grâne : Rockdream (Rock, Blues, Country, Pop Music);Autres points d'intérêt;"Avec Tristan Rock et sa joyeuse équipe, le rock’n’roll est en fête : rockabilly, blues, country, swing, twist, psychedelic, pop 
music, pub rock...";;0/07/13-073d8038-aa5b-3847-ba7f-6fab8791b09f.json
Aire de pique-nique - Aéroport de Vichy;Services et activités encadrées;Aire de pique-nique ombragée, équipée d'une table avec banc.;;0/07/13-073e4ae3-cc07-317b-9cd6-176f58cffb18.json
Géocaching;Autres points d'intérêt;Partez à la découverte du territoire de la Communauté de communes Val de Saône Centre à travers le géocaching ! Chaque géocache vous permettra d'en apprendre un peu plus sur la ville de Thoissey.;;0/07/13-0740749d-68bc-3295-9ef0-804472dc3903.json
Les 2 Zèbres;Autres points d'intérêt;Le bar Les 2 Zèbres, idéalement situé en front de neige et accessible depuis la rue commerçante de Montalbert, vous accueille en salle ou en terrasse pour une pause détente.;;0/07/13-07417b07-5fe3-37f7-95f8-ebcde6f451f5.json
O' Ptit Morfalou;Autres points d'intérêt;Un autre concept pour la vente à emporter et aussi pour la restauration sur place pour les adeptes de nouveautés ….;;0/07/13-0742ef61-a215-3b0f-814f-8999f5b92e73.json
La Halle aux pains;Autres points d'intérêt;Boulangerie, pâtisserie.;;0/07/13-0744128e-fd85-31f4-8313-21dde6e0fc7c.json
Ville de Mably;Autres points d'intérêt;Mably, commune de 7614 habitants (source INSEE 2012), est située aux confins Nord de l’agglomération de Roanne, à 75 kilomètres de Saint-Étienne et 90 kilomètres de Lyon.;;0/07/13-074626a0-3238-3b0d-950a-7440270d02bb.json
Lux Scène Nationale;Autres points d'intérêt;LUX Scène nationale de Valence propose une saison de spectacles (danse et musique), d’expositions et de films, ponctuée du festival Viva Cinéma chaque année en janvier.;;0/07/13-07465240-5e28-3da1-b6a2-8149ff215c80.json
Le Wellington;Autres points d'intérêt;Bar restaurant face au lycée, en plein centre-ville, un accueil sympathique et une ambiance sportive où l'on savoure une cuisine traditionnelle.;;0/07/13-074775ec-85e6-38dc-8867-b57d89394a14.json
Trot'in Forez;Autres points d'intérêt;"Trot’in Forez  propose des balades en trottinette électrique tout terrain,  sur des parcours ludiques adaptés à tous les âges et niveaux ou alors des circuits types enduro. 
Les tracés vous feront découvrir toutes les merveilles des Monts du Forez !!";;0/07/13-0747eee7-be43-3153-a30f-c0c7fd2ee4cf.json
Jeune Public - Secrets de Beatmaker - Saison Romans Scènes;Autres points d'intérêt;"Par PHOTØGRAPH
Un voyage au coeur du son !

Attention concert debout !";;0/07/13-074914e3-aefc-3699-aedb-23de961ce9ee.json
Boule du parc;Nature et détente;A_GENERER_VIA_IA;;0/07/13-074969e5-f2d1-3fbb-a5c7-26aabb736f48.json
Vestiges du temple gallo-romain d'Izernore;Autres points d'intérêt;Les vestiges de trois piliers d'angle à colonnes engagées et quelques éléments de fondation sont le témoin d'un sanctuaire atypique, sans doute emprunt de tradition celtique.;;0/07/13-074981fa-703b-3aa5-a788-cbfe0e3fc75f.json
Marché hebdomadaire de Courpière;Spectacles et événements;"Au cœur de ce petit bourg, plein de charmes, vous retrouverez fruits et légumes, viandes et tout autres produits de saison; également de quoi se faire plaisir...";;0/07/13-074a7c36-b678-3fb8-9909-10238949e034.json
JEP 2025 - Manufacture de porcelaine;Autres points d'intérêt;Visite guidée de la manufacture de porcelaine et des ateliers, avec départ toutes les heures (16h dernier départ). Magasin d'usine ouvert.;;0/07/13-074b7479-2a24-3a59-a0d4-5ee31019ce9a.json
Viarhôna (tronçon St Rambert d'Albon - Arras sur Rhône);Autres points d'intérêt;Le parcours longe le Rhône et ses méandres. Commencez à St Rambert sur une voie goudronnée puis traversez à Sarras, sur une voie damée. Aucun dénivelé et beaucoup de parties ombragées. A découvrir à pied, à vélo, en roller.;;0/07/13-074c5aac-bc1e-355a-94de-c8745ae6afe6.json
Pizza Domi;Autres points d'intérêt;"Vente à emporter. Sauce et ingrédients MAISON.
Une valeur de 9€ vous sera déduite sur la 12ème pizza.";;0/07/13-074f780c-269b-38a3-896c-298bf89649c1.json
Buvette du Prazon;Autres points d'intérêt;Buvette située dans la Réserve Naturelle de Sixt Fer à Cheval. Accès facile. Randonnées en famille au milieu de la faune et la flore parmi une multitude de cascades.;;0/07/13-07502844-b25f-3271-89fc-76e84a4eb7b5.json
Le Kiosque Rive Gauche;Autres points d'intérêt;Venez découvrir nos plats du jour, salades, sandwiches, hot-dogs ainsi que diverses pâtisseries tout au long de la journée. Les jeudis, vendredis, samedis dès 18h, vous pourrez savourer nos planches apéritives et tapas avec notre sélection de vins.;;0/07/13-075189bc-80a8-3620-9fe6-694405bff8ce.json
Sekoya Spa;Autres points d'intérêt;Venez profiter de notre espace dédié à l'esthétique, le soin et le bien-être. Sekoya Spa vous invite à découvrir les bienfaits d'un hammam, d'une balnéothérapie, d'un spajet et du jacuzzi.;;0/07/13-0751edd3-5706-387e-a7de-643ff9ee9b6e.json
Luge du Doron;Sports et activités outdoor;"À vos luges ! 
En journée ou après le ski, vos enfants vont adorer descendre cette piste de luge sans dangers ! 
Piste facile, sécurisée et isolée des skieurs, pente douce, tapis gratuit pour remonter sans s’essouffler…  
Vos bout’chous vont adorer !";;0/07/13-07523c86-90f0-342a-8aed-06b16a33525e.json
Restaurant Le Serpaton;Restauration et gastronomie;Le bar-restaurant Le Serpaton à Gresse en Vercors vous accueille tous les jours de mai à novembre. Idéalement situé à l'entrée du village et à proximité d'un grand parking, venez découvrir notre terrasse avec vue imprenable sur les alpages du Serpaton.;;0/07/13-07528c13-41b4-36f1-9b88-d45c96bb3eb8.json
Lac du Pêtre;Nature et détente;Un vallon préservé, trois lacs de montagne aux caractères différents, sauvages ou plus reposants et une abondance de fleurs en début de saison;;0/07/13-075377ce-2e13-30c3-a8d1-cb4250d8e646.json
Expédition Verticale;Autres points d'intérêt;"Spécialistes d’expéditions verticales atypiques.
Encadrement de qualité par des professionnelles diplômés d’états ou guide sur les activités de verticalité.";;0/07/13-0758babd-b09b-3e2a-824c-acb3f0770557.json
Mozart(s);Autres points d'intérêt;Trois Mozart sinon rien ! Wolfgang, son père et son fils brossent une histoire de transmission souvent pesante et douloureuse, mais apportent de l’eau au moulin des défenseurs de l’idée que le talent est héréditaire.;;0/07/13-075913c3-6f4a-3634-ad8d-e9e77014e60d.json
Le Louis Blanc;Autres points d'intérêt;A_GENERER_VIA_IA;;0/07/13-07595250-c9fa-30d3-8458-49b26fbfec06.json
Le Campanile;Autres points d'intérêt;L’établissement vous reçoit dans une atmosphère chaleureuse et vous offre un intérieur aux lignes des plus contemporaines. Espace lumineux, tables et chaises au design très actuel, couleurs sobres et élégantes.;;0/07/13-075ba4ea-26e1-30f6-99b3-8850ff51141e.json
45e Braderie - Brocante de Cérilly;Autres points d'intérêt;45e Braderie-Brocante de Cérilly;;0/07/13-075dc6ff-6021-3587-b336-db20ec90fdfd.json
L'école Pérouzat;Autres points d'intérêt;"En 1889, une école publique de filles, maternelle et primaire est construite sur la place Pérouzat, sous le mandat du maire Alfred Chion-Ducollet.
De style néoclassique, on peut apprécier le décor de son fronton avec les
armes de la ville.";;0/07/13-075f1771-9e69-37bf-8a70-f16a75b24446.json
Destination Canyon;Nature et détente;Faites le plein de sensations, partez à la découverte des canyons et des falaises en toute sérénité ! De l'initiation à la sortie sportive, seul, en famille ou entre amis , venez profiter de la montagne autrement !;;0/07/13-075f241b-4561-3f2a-8c9b-8e7d49f5ef66.json
Centre Aquatique Les Vagues;Autres points d'intérêt;Piscine d'été et d'hiver avec un bassin intérieur de 25 x 21 m, divisé en 8 couloirs de nage, un espace de plongée subaquatique avec 2 fosses de 6 et 20 m et un espace de détente (avec hammam, sauna, bain froid et salle de remise en forme)...;;0/07/13-0760fbbf-4df9-32cb-93a8-5e717fe70ea9.json
Centre Equestre;Sports et activités outdoor;Un véritable paradis pour les amoureux de la nature et des chevaux ! Niché au cœur des majestueuses Alpes de Haute-Savoie, à une altitude de 1000 mètres, notre centre équestre offre une expérience équestre unique dans un cadre naturel exceptionnel.;;0/07/13-0764125b-5439-356e-ba06-e0bf54b29599.json
Le Comptoir de la Colombe;Autres points d'intérêt;"Cuisine faite maison. Produit du terroir et frais.
Bar à vins.";;0/07/13-0764cee4-aebf-3ea7-a967-e69e3dec25f7.json
L'Atelier by K;Autres points d'intérêt;Entre bistrot, brasserie et  table gastronomique, l'Atelier by K s’inscrit dans la tendance des bistronomes. Situé tout près du lac de Nantua et d’Oyonnax, le restaurant propose une cuisine traditionnelle raffinée, à base de produits de saison.;;0/07/13-0765eca1-17a8-3882-84e4-562603c83edc.json
Concours National d'Attelage;Autres points d'intérêt;"Concours de dressage et maniabilité le samedi, et marathon le dimanche. 
Entrée libre. Buvette.";;0/07/13-0767a424-31ad-3cc0-9e75-9aac1a18406a.json
Ô P'tit Gouelle;Autres points d'intérêt;Un vent breton souffle sur L'Arbresle.;;0/07/13-07684f80-67bd-35dc-956f-5c390a6912c4.json
L'impermanent restaurant itinérant;Restauration et gastronomie;Un restaurant en mouvement, itinérant dans des lieux naturels et un repas à emporter au travail ou chez soi, composé d'une entrée, d'un plat et d'une petite gourmandise.;;0/07/13-07688d8a-a385-3ef5-80e2-0570c75ac21c.json
La Véraison;Autres points d'intérêt;"Caviste - Epicerie fine - Dégustation.
La Véraison vous accueille dans sa cave afin de vous faire découvrir une large gamme de Vins de toutes régions viticoles.
Amateur de spiritueux et de bières ? Vous trouverez également votre bonheur !";;0/07/13-0768a8c7-1f91-3d39-9ab1-76d38739b08b.json
Camping Paradis des Dombes;Hébergement;"Sur un domaine de 2 hectares au coeur du pays aux mille étangs, le camping Paradis des Dombes vous accueille d'avril à octobre sur un parc boisé dans un havre de paix et de nature propice à la détente. 
Camping labélisé Accueil Vélo.";;0/07/13-076d44f8-a304-3752-972e-197b92f847a3.json
Mont-Blanc tennis, Nicolas MARIN;Sports et activités outdoor;"Tennis - leçons et location de courts
Diplômé d'état depuis plus de 20 ans, Nicolas Marin partage sa passion avec les enfants et les adultes.
Venez essayer le tennis dans l'un des plus beaux cadres Français.
Leçons particulières ou collectives.";;0/07/13-076e9f97-8eec-3bd9-af65-b196ba521def.json
Equitation adaptée - Lauren Castaingt;Sports et activités outdoor;Lauren est monitrice d'équitation spécialisée dans l'accueil de personnes en situation de handicap. Elle propose des séances individuelles ou en groupe, à Lumbin, au Club Hippique des Alpes et ailleurs. Elle dispose de matériel très adapté.;;0/07/13-0771b52c-6a8a-33c3-8de9-c878b04a2c1b.json
"Boulangerie - Pâtisserie ""Le Fournil de Damien""";Restauration et gastronomie;Pour le plaisir de la bouche, la boulangerie-pâtisserie vous propose une multitude de pains spéciaux et viennoiseries.;;0/07/13-0772553c-7acd-3e39-9f6b-35b6c14e9a70.json
Centre Equestre de Chabridet;Sports et activités outdoor;"Centre équestre
Le centre équestre est ouvert sur réservation.";;0/07/13-0775c0f9-ceec-3d82-9b58-8b5afab658e0.json
Parc Francis Popy;Nature et détente;D'une superficie de 8 849 m², le parc boisé avec décoration de rocaille est issu d'une propriété du XIX° s, réaménagé en 2005. Côté sud, se trouvent 2 anciennes maisons, une large pelouse arborée et des jeux pour enfants.;;0/07/13-0776e7de-9894-3c15-b7a6-b61fe85e0199.json
Les Guides Spéléo d'Ardèche;Autres points d'intérêt;En bonne compagnie, partez à la découverte du monde souterrain, nous sommes guides spéléos indépendants implantés localement, avec une grande expérience de notre activité, passionnés de notre patrimoine culturel et historique local;;0/07/13-077ae951-f799-3321-87b9-ef34854b9f4f.json
Ibis Lyon Carré de Soie;Autres points d'intérêt;Après votre rendez-vous d'affaires, détendez vous au bar lounge, flânez au centre commercial ou allez supporter votre équipe au Groupama Stadium ou à la LDLC Arena. Hôtel économique pour voyages d'affaires et de tourisme.;;0/07/13-077cf348-6c8b-30c5-8886-a843224f4a2d.json
La Chapelle de la Trinité;Culture et patrimoine;Monument historique situé au coeur de la Presqu'île, la chapelle de la Trinité est l'un des plus beaux fleurons. Elle est désormais un lieu de concerts consacrée à la musique baroque.;;0/07/13-077d0c9b-e19f-3064-8fca-69edde7dc93a.json
Espace ludique du Col de Marcieu: été;Nature et détente;Dans la forêt du Parc régional de Chartreuse, l'Espace Ludique du Col de Marcieu est une base de loisirs été comme hiver.;;0/07/13-077d9b8d-fbd9-3976-81f7-dccc5edbc916.json
Départ ancienne draille;Autres points d'intérêt;Très ancien itinéraire, chemin muletier et draille de transhumance joignant les vallées du Roubion et de la Drôme. Venant des Tonils, passage par le col du Lion, le Laurias, le col de Gourdon, le col de la Chaudière.;;0/07/13-077dbccb-fb03-37df-9461-6bffee5852b5.json
Site d'escalade de la Chapelle de Poingt-Ravier;Culture et patrimoine;Informations sur l'ouverture du site d'escalade auprès de l'Office de Tourisme de Valloire.;;0/07/13-077e646b-fd0e-3cc5-86a6-b4bd8d8e52ae.json
Appart' City Confort Lyon Part-Dieu;Autres points d'intérêt;Installé au cœur d'un bâtiment classé des années 30, cet appart-hôtel de grand standing vous étonnera par son élégance. Vous apprécierez son espace restaurant, situé au cœur d'un magnifique atrium.;;0/07/13-07817f88-a61f-3610-966b-c9717b56dc5a.json
Spectacle: Kill Bun - ANNULE;Spectacles et événements;"Bun Hay Mean – Kill Bun – Nouveau spectacle
Après 4 années à faire le tour du monde il revient vous tuer de rire.
La légende de Bun Hay Mean – Chinois Marrant – continue…";;0/07/13-0782f177-1377-32b5-af84-0fcb690e882a.json
Appart'Hôtel Prestige Odalys L'Eclose;Hébergement;Prenez le temps de vous ressourcer au coeur des montagnes enneigées. Vous pourrez séjourner dans des suites luxueuses ou dans de confortables chambres.;;0/07/13-078410f0-32d3-3970-8603-9895327cbaea.json
Parcours d'orientation rando-trail Pré de la Pierre;Sports et activités outdoor;A l'aide de votre carte, déplacez-vous autour de la station d'Oz 3300  en passant par Pré Reynaud et Pré de la Pierre.;;0/07/13-078528f4-1741-38b0-aaa3-583d12eb24e9.json
M'Roc 3;Autres points d'intérêt;Avec plus de 800 m² de surface d'escalade, un espace entrainement et des espaces de détente, cette nouvelle salle conviviale comblera les attentes des néophytes et des passionnés.;;0/07/13-07866d65-ea79-3dc1-9e3f-639a13ed551f.json
Voler avec les oiseaux;Autres points d'intérêt;"Voler en ULM avec les Oiseaux et en Montgolfière dans le CANTAL
Leader et Précurseur Mondial, VOLER AVEC LES OISEAUX œuvre pour un autre regard sur le vivant 
Nos Reportages font rêver dans le monde entier.";;0/07/13-0787ba98-3193-3b57-9ae8-6c5cdf7a6360.json
La Maison des Cours;Autres points d'intérêt;Une maison chaleureuse , idéalement situé en plein centre de Moulins avec une cours privative rénové entièrement en 2023.;;0/07/13-07884d9f-347a-375f-9ae0-a7284047b897.json
Collégiale Saint-Jean-Baptiste;Autres points d'intérêt;Le grand intérêt de l'église réside dans son ensemble unique de vitraux contemporains crées, exécutés et posés par Henri Guérin, peintre verrier de Toulouse (vitraux fleuve, rivière, forêt, volcan, offrande à l'Eucharistie, les Dentellières...).;;0/07/13-0789a704-d787-3e0a-8140-b5e44512f962.json
Sentier des Lys;Nature et détente;Suivez les pétales de lys qui vous guideront d'une étape à l'autre jusqu'à la Madone ! A chaque étape, découvrez un thème, une histoire, une anecdote autour du vin et de la vigne. Les enfants s'amuseront avec les énigmes de Lili ! 3,5 km. 1h20.;;0/07/13-078b0c2a-40a4-30b4-9e10-b8836190d478.json
Carbone Zéro - Magasin du port de l'Epervière;Shopping et artisanat;"Location de VTC et VTT électriques, vélo de randonnée classique, vélos enfants, remorque voyage et sacoches.
Parking possible et gratuit
Présentation, essai et vente de vélos à assistance électrique et large choix de vélos cargo.";;0/07/13-078b4c84-196f-3768-801b-a7ae1b067c33.json
Eglise Notre-Dame;Culture et patrimoine;Sous l'ancien régime, la paroisse de Sorbier dépendait du diocèse de Clermont. L'histoire de l'église est marquée par l'assassinat du curé, Louis Fournier, en 1683 par le seigneur du lieu.;;0/07/13-078c8f8f-581b-3b4a-8205-b1df742f455e.json
Jet Systems Hélicoptères Services;Autres points d'intérêt;Expert du transport en hélicoptère depuis 1987, Jet Systems Hélicoptères Services est spécialisé dans le transport haut de gamme. Transferts, Héli restaurants, vols panoramiques et baptêmes de l’air.;;0/07/13-078f33ed-8828-3c25-a9ba-8439b9cd892d.json
Le Relais Délys;Autres points d'intérêt;"Hôtel-restaurant de six chambres, dont une chambre accès PMR.
Chambres d'un style moderne, tout confort, disposant d'une télévision avec Canal+ et Wifi gratuit.";;0/07/13-0790a967-5a5e-33cd-8c3c-308673645427.json
Château d'Aulan;Culture et patrimoine;Seule demeure privée des Baronnies ouverte à la visite, le château d'Aulan recèle de nombreux souvenirs de famille des Suarez d'Aulan, en particulier sous Napoléon III. Il est construit sur un éperon rocheux dominant la vallée du Toulourenc.;;0/07/13-079168d1-3c19-3363-8c50-413c64ffdb37.json
Oratoire de Saint-Guérin;Autres points d'intérêt;L'oratoire de Saint-Guérin, érigé en 1814 en souvenir du père spirituel de la Vallée d'Aulps, se trouve sur l'ancienne route qui allait du Biot à Saint Jean d'Aulps, devenue aujourd'hui un sentier de randonnée.;;0/07/13-07916e22-3739-3f0d-80d1-5398efeca0e0.json
Du Fond des âges, chants sacrés d'Orient;Autres points d'intérêt;"De sublimes chants sacrés d'Orient résonneront bientôt dans l’église de Beaufort-sur-gervane
! La chanteuse a un parcours atypique, elle est originaire de la Drôme, et fut un temps bergère.";;0/07/13-07942ac0-a6fc-3efb-ba8e-d4664f324ddd.json
Tournée commedia dell'Arte - Le songe d’une nuit d’été;Autres points d'intérêt;Athènes: le monde des nobles et des paysans rencontre le monde des elfes et des fées! Ces derniers vont se mêler des amours des Hommes et malgré toutes leurs bonnes intentions c’est la pagaille! Du chant, des masques et des cascades vous attendent !;;0/07/13-0794e7f1-6d64-3d26-98cb-49c007216da4.json
Café de l'Hôtel de Ville;Hébergement;Menus du jour du lundi au vendredi midi, avec un service proposé jusqu'à 14h00 environ. Carte possible la semaine et le week-end, les midis. Cuisine maison.  Bar PMU à disposition.;;0/07/13-0795108d-cae1-3be4-80d5-3060ad123f5c.json
Dine Ami Table;Restauration et gastronomie;"Bar-Restaurant. 
Cuisine traditionnelle
Accessible aux personnes handicapées.";;0/07/13-0795aa09-af89-32d3-8610-3a8d05b2369b.json
Circuit VTT - Entre Sioule et Bouble - 14.5 km;Sports et activités outdoor;Entre la Sioule à Bayet, dans sa vaste plaine, et la Bouble qui, nonchalante, termine son parcours au pied des coteaux de Chareil¬Cintrat, de grandes étendues de champs aux maisons et fermes éparses invitent à la flânerie...;;0/07/13-0795e89c-e463-31c9-9611-bad598fbbda1.json
Joy Hôtel-Boutique;Hébergement;"Au cœur du village, chambres grand confort, balcon vue panoramique.
Cheminée dans la grande salle, terrasse jardin. Espace Bien-être, piscine (été) extérieure balnéo.";;0/07/13-0796ae29-17d2-30ff-8048-f2580ccb2a06.json
Rebecca Black- Professeur de Yoga;Sports et activités outdoor;Je suis une amoureuse de la nature et des sports de montagne, une aventurière, une penseuse et qui respire par le nez. Je suis un professeur de yoga expérimenté. Je guide le mouvement, la respiration, la méditation et les pratiques de gestion de l'énergie;;0/07/13-07996e3c-ffc2-32d5-93b7-84f89e7c2955.json
Philtres et Amour;Autres points d'intérêt;«Suprême plaisir !» : quelle magnifique promesse que les mots ultimes d’Isolde pour ouvrir la saison musicale de l’Auditorium de Lyon.;;0/07/13-079be479-7c08-3604-aaf1-1fab291a188c.json
L'Espace rural de Gévoudaz;Autres points d'intérêt;Dans le petit hameau de Gévoudaz, entre convivialité partagée et sérénité appréciée, venez découvrir l'Espace rural. Traditions agricoles, vieux métiers des campagnes et outillage ancestral vous apprendront tout de la vie ici, avant.;;0/07/13-079c5265-9704-3678-ac0d-5cd59d249d75.json
Le Christiania;Autres points d'intérêt;"Hiver : Hôtel-restaurant familial, au pied de la piste des Loyers.
Eté : Hôtel-restaurant familial avec piscine extérieure et jardin.";;0/07/13-079e6e27-8dd2-320d-8688-eb364dd086d2.json
Site d'escalade - Gorge du Cé;Nature et détente;Site d'escalade calme et isolé avec peu de voies (entre 10 et 25 voies, du 6b au 8a). Idéal en cas de fortes chaleurs, le rocher est beaucoup ombragé.;;0/07/13-079e7bfb-b260-3dd8-8989-71282a1e41ad.json
BoarderCross / Pistes ludiques;Autres points d'intérêt;"Finis les snowparks et parcours de skicross réservés à l’élite !
Boadercross, Waouland, Loopland, laissez vous tenter par une glisse 100 % fun pour varier les plaisirs dans un univers « déjanté » !";;0/07/13-07a0866f-0021-3f14-8228-425a6cc6d5a2.json
Chapelle Saint-Antoine de Murat;Culture et patrimoine;Chapelle perchée en haut du rocher de Chastel-sur-Murat. Construite à la manière des burons de montagne, cette émouvante chapelle agrandie au XVe siècle est classée Monument Historique pour ses fresques et son architecture depuis 1947.;;0/07/13-07a0fe74-ca48-35b6-b8cb-d7fb7acc385e.json
Bar Le Bowling;Restauration et gastronomie;Au bowling, tout est regroupé pour passer un bon moment, dans une ambiance musicale. Bar à cocktails et shooters .Il est équipé de 2 pistes, de billards,   fléchettes, babyfoot , flipper.. Diffusion de sport en direct . Soirées à themes ,live Dj ,karaoké.;;0/07/13-07a44ce5-d7df-3df4-83db-0a6c274cd75a.json
Les Ambassadeurs;Autres points d'intérêt;Dans un splendide immeuble Haussmannien dans le Triangle d'Or de Vichy : appartement design le long des parcs, idéal pour 2 personnes, entièrement refait à neuf afin de vous accueillir dans un cadre original et chaleureux.;;0/07/13-07a6e095-e029-31e6-b3df-772932615974.json
Vide Grenier;Autres points d'intérêt;A_GENERER_VIA_IA;;0/07/13-07a6f8e3-020a-3c19-9d05-e557cbd1c9d7.json
Musée historique de Cervières;Culture et patrimoine;Mise en valeur et défense du patrimoine : musée, conférences, visites guidées, bulletin semi annuel, soirées musicales, animations diverses.;;0/07/13-07a8a4f4-a850-345b-b742-b6a98121b3e0.json
Confiseur pâtissier;Autres points d'intérêt;Confiseur, pâtissier, chocolatier, glacier;;0/07/13-07a8ba83-2bfc-318f-9ee4-aa99129e75dd.json
La ferme de Grandris;Autres points d'intérêt;"Tous les jours (sur rendez-vous) vous pouvez visiter la ferme : soins aux animaux (vaches, ânes, poney, lama, moutons, chèvre, volailles, lapins). 
Bouchonnage des ânes.
La visite se terminera par une dégustation de fourme de Montbrison (AOP).";;0/07/13-07ab4a9e-f9ea-3665-9688-d1b8cb94babf.json
Micro-onde Fest;Autres points d'intérêt;"La voilà enfin ! Voici la programmation de cette édition 2025 du Micro-onde Fest ! 
Pour ceux qui ne connaissent pas, nous sommes un festival qui met à l’honneur les artistes qui gravitent autour de nous.";;0/07/13-07aeac4b-f567-38a3-8e7c-1a47c038aa55.json
Parcours d'orientation rando-trail Plan du Cerf;Sports et activités outdoor;A l'aide de votre carte, déplacez-vous autour de la station d'Oz 3300 en passant par Plan du Cerf, Le Bessey, la Cascade et le Pont du Gay.;;0/07/13-07b1d4ab-d5c8-3519-88e7-c269401593a8.json
Le Café du Centre;Restauration et gastronomie;Café, restaurant et pizzeria. Une cuisine et des pizzas faite maison avec des produits de qualité, frais et en grande partie locaux.;;0/07/13-07b3e9cd-8835-3cc5-8bee-090c0ebcd731.json
Pimprenelle;Autres points d'intérêt;Piste rouge;;0/07/13-07b687a5-8409-313f-b7d8-dbd1978f9cbf.json
Les appartements de l'Arve;Autres points d'intérêt;Situé en plein cœur de Chamonix, les appartements de l’Arve vous permettront de vivre un séjour inoubliable au milieu des montagnes.;;0/07/13-07b8a7d3-ffa7-3856-ae54-25ef693ef75b.json
Étang des Planchettes;Nature et détente;A_GENERER_VIA_IA;;0/07/13-07bb5172-542c-37cf-8f6c-679e80c962f6.json
Restaurant Les négociants;Restauration et gastronomie;Ici, on retrouve l'esprit bistrot d'antan. Les Négociants, c'est un resto qui sent bon la belle époque avec sa devanture bordeaux et son style intérieur vintage.;;0/07/13-07bb91b7-91d4-35d5-b2c3-77fd9449db6b.json
Musée du Verrier;Culture et patrimoine;"Le musée du Verrier présente l'histoire des verriers lorrains venus s'installer en 1660 sur le plateau dit de ""la Verrerie"".
Galerie du verre au 1er étage : pièces du 18e au 20e s.
Histoire locale : Les anciens métiers du bois -  L'art de la dentelle.";;0/07/13-07be0f01-aaf4-363a-8e6b-27e6088e3f96.json
Vide Grenier;Autres points d'intérêt;Venez flâner dans les rues de Luzerand à la découverte des trésors des habitants. Buvette et petite restauration sur place.;;0/07/13-07bec534-5e17-31d4-a4ba-4b5ab9cb8ea3.json
Harland;Autres points d'intérêt;"Cours sur demande, stages, concours, poney-club, pension, manège couvert, carrière.
Ne propose pas de balades";;0/07/13-07c20939-afd8-3e98-9004-66b0164e5589.json
Elite Forme;Autres points d'intérêt;Musculation, cours collectifs, coaching, vidéos;;0/07/13-07c32e41-3cc1-31a9-9b5b-5b6e058e3a30.json
Le Bistrot du Potager Stalingrad;Restauration et gastronomie;La Cheffe Mathilde Walisko avec Cédric, son compère en salle, sont l’image de la qualité et de la bonhomie du Bistrot sous la baguette du Chef exécutif Floriant Remont.;;0/07/13-07c46d4b-e131-3b46-a165-6b1ab2e0c049.json
Exposition Mary VEALE;Culture et patrimoine;Mary VEALE est une artiste visuelle qui exprime ses émotions dans ses tableaux, ses sculptures ainsi que dans des installations et des vidéos.;;0/07/13-07c48894-e58d-3063-ac9a-51d9aa3e4a3f.json
Ourches;Autres points d'intérêt;A mi chemin entre Chabeuil et Crest, le petit village d'Ourches, blotti au pied du Vercors, s'étage progressivement sur une bande étroite d'est en ouest. Composée de très peu d'habitants : 229, le Maire est M. Stéphane Cousin.;;0/07/13-07c4eab4-4493-3125-8128-f06bfeec79e6.json
Parcours VTT 67 vert - Lac Genin et les hauts de Charix - Espace FFC Ain Forestière;Nature et détente;Circuit facile et accessible au plus grand nombre au départ de l’Auberge du lac Genin il vous fera sillonner dans les bois et les prés de Charix.;;0/07/13-07c6a7e6-cc61-3dc2-9002-03360058a990.json
L’étang de Reculfort;Nature et détente;"L'Etang de Reculfort est très peuplé en poissons blancs et carnassiers.
C'est un étang isérois mais il est géré par une AAPPMA savoyarde et totalement réservé à la pêche.";;0/07/13-07c71167-5075-301a-82fe-fe76be61f453.json
Le Comptoir;Autres points d'intérêt;Le comptoir vous accueille dans un cadre chaleureux en plein centre ville de Murat. Venez y déguster ses spécialités régionales ou découvrir ses bières locales autour d'une planche de charcuteries ou de fromages d'Auvergne.;;0/07/13-07c82f5a-95cb-3c3d-99bf-ad84b5097bc4.json
Centre équestre du Rouet;Sports et activités outdoor;Venez découvrir notre région à cheval. Entre lavandes, abricots et oliviers, vous respirerez un air de Provence qui vous fera passer un moment inoubliable. Laissez vous porter par votre cheval le temps de découvrir les paysages de la Drôme provençale.;;0/07/13-07c87010-630d-3a57-9450-d2dfa9e9af2b.json
Musée de Paléontologie Christian Guth;Culture et patrimoine;Situé sur la falaise d'orgues basaltiques, dominant la rivière, le musée abrite les restes fossiles retrouvés à Chilhac et datant de 2 millions d'années.;;0/07/13-07c91fdc-84d9-3789-a0ee-2506c35f90c0.json
Le Vietnam;Autres points d'intérêt;Les saveurs du Vietnam en terre auvergnate;;0/07/13-07c99cb8-cf78-3412-9483-b459776eb3c2.json
Sténopé Aquatique;Autres points d'intérêt;Tiers-lieu regroupant un café associatif avec des résidences artistiques, un gite et un jardin partagé ainsi qu'une bibliothèque et une boutique solidaire. L'accès à la culture, le lien social et solidaire est donc créé par ce lieu !;;0/07/13-07cb8702-8764-3593-877b-fcaab30dc147.json
La Ferme d'Herbouilly;Autres points d'intérêt;Elle était le poste de commandement du Capitaine Goderville lors des opérations de résistance dans le Vercors en juin 1944. Détruite en juillet 1944 par les allemands, il en reste quelques ruines. Un panneau explicatif a été apposé sur les lieux.;;0/07/13-07cc9364-6d06-3a72-a81f-941a905f0864.json
Le tour du Montjalat - Parcours d'orientation pédestre;Nature et détente;A l'aide de votre carte, déplacez-vous dans la forêt du Sappey en Chartreuse pour découvrir les balises qui ont été installées à proximité de sites remarquables.;;0/07/13-07cdfb3f-4ad4-3e38-bc98-8505c52d1d78.json
Boucle running - Parcours rouge;Sports et activités outdoor;Cette boucle vous permettra de faire une course à pied de 7.9 km.;;0/07/13-07d0d422-4974-3e82-8399-9fe83ad6123c.json
Cyclo Tuk-Tuk Vichy;Autres points d'intérêt;Promenades sous les parcs autour du Lac d'Allier, en ville. Visites du patrimoine, découverte de la ville. Course de proximité.;;0/07/13-07d0e460-be12-3c01-9950-2b45a1176160.json
Le Viginet;Autres points d'intérêt;Du haut de sa colline, le Viginet se situe au milieu d'une nature préservée.;;0/07/13-07d1267d-c37e-3394-a2bd-6974455d91cf.json
Le Valérie's Bar;Restauration et gastronomie;Restaurant situé à Neuville-sur-Saône qui propose une cuisine française.;;0/07/13-07d23616-2e60-3852-8c5a-d7fa1bcfc58b.json
Vide Greniers;Autres points d'intérêt;A_GENERER_VIA_IA;;0/07/13-07d4dd33-070b-3540-84ff-6ed36692b79d.json
Gîte Les Malvaux;Hébergement;Gîte dans un écrin de verdure à 10 mn de Montluçon, idéal pour se ressourcer...;;0/07/13-07d5b65d-eafe-3c13-b869-1ebc9e3ee222.json
Restaurant L'hôtel de la poste;Hébergement;Restaurant à Marcenat, commune du Cézallier, implanté au cœur du bourg et de la vie du village. Le midi, repas ouvrier avec plat du jour proposé. Carte possible soirs et week-end. Réservation souhaitée.;;0/07/13-07d747d4-0374-30f7-a189-e0ab614f5fca.json
Gorges de l'Ay;Autres points d'intérêt;Route pittoresque. Vallée de la rivière d'Ay avec ses découpes franches et ses gorges magnifiques, hérissées de grandes murailles granitiques.;;0/07/13-07da625d-725f-3d78-9af4-576f397c6e82.json
L'Auberge Bressane;Hébergement;Restaurant gastronomique situé face au Monastère royal de Brou.;;0/07/13-07dbbf28-fbc3-3d14-a30d-8e0ebf4dddb7.json
Summits Parapente;Autres points d'intérêt;L'école de parapente de Chamonix depuis 1987 propose plus de 30 ans d'expérience en baptêmes de l'air dans la vallée de Chamonix.;;0/07/13-07dc0696-a13d-34c7-9582-86f92ccc21d7.json
Hippodrome;Autres points d'intérêt;Situé au bord de l'Allier dans un cadre magnifique. Une dizaine de réunions de courses de plat obstacle et trot sont organisées par an et ouvertes au public. D'autres évènements hors courses sont organisables. Contactez nous !;;0/07/13-07dfffc8-4718-3f72-8388-2bb5e5ff12f2.json
Bistro & Bar Pointe Isabelle;Restauration et gastronomie;Un Bar & Bistro moderne avec salon et salle de réunion;;0/07/13-07e33213-91c3-3330-8a54-2904f2a9279e.json
Eglise baroque de Saint Nicolas de Véroce;Culture et patrimoine;L’église Saint-Nicolas est l’un des joyaux de l’art baroque alpin, construite durant la première moitié du 18ème siècle, grâce aux apports financiers des colporteurs et des expatriés, partis dans les bas pays alémaniques.;;0/07/13-07e6fb3f-43e3-3efa-ac11-3c0c1b099cff.json
Jardin médiéval de Marguerite;Nature et détente;Déambulez dans le Jardin médiéval de Marguerite, labellisé «Jardin remarquable». Ici, on vient pour comprendre les vertus et le symbolisme des espèces végétales (fleurs, herbes médicinales) grâce à une reconstitution fidèle d’un jardin d’époque médiévale.;;0/07/13-07e77f63-52dc-3dec-a5e5-676a319a258b.json
Parcours de pêche de la basse Cance;Sports et activités outdoor;Parcours de pêche sur le secteur de la basse Cance, commune de Quintenas et Vernosc sur une longueur de 1100m.;;0/07/13-07eadc9a-01f8-399b-b313-ae9bfc00670f.json
Circuit du Bois Bouquet;Nature et détente;Parcours de randonnée très diversifié et vallonné entre pleine nature et petit patrimoine rural.;;0/07/13-07ec1cd2-3de5-311a-9223-a8bc5d4f2314.json
Bouillon A;Autres points d'intérêt;Le restaurant le Bouillon A situé sur la presqu'île est le nouveau rendez-vous grenoblois où (re)découvrir les grands classiques de la gastronomie française, revisités avec des produits bio, locaux et de saison.;;0/07/13-07ef8c10-7292-32c0-a865-87f040cfb296.json
Le Bistrot de la Grotte;Restauration et gastronomie;Entre Saint-Martin d’Ardèche et Vallon-Pont d'Arc, sur le site de la Grotte Saint-Marcel, le Bistrot de la grotte vous propose des salades et planches de charcuterie avec des produits d’Ardèche : des produits frais et locaux pour régaler vos papilles !;;0/07/13-07f0e241-1295-3b75-ba30-f2f4553be32a.json
Les Jardins de Marrakech;Autres points d'intérêt;Au cœur de la ville de Privas et idéalement situé à proximité d'un parking de 50 places, ce restaurant propose un voyage dans un cadre de couleurs et de saveurs du Maroc.;;0/07/13-07f42cc7-55e3-3452-8331-963d2e9bdf3b.json
Via ferrata La Chal;Autres points d'intérêt;La Via Ferrata de La Chal vous attend pour une expérience riche en sensations fortes et en découvertes aux abords des falaises de la route du Col du Glandon !;;0/07/13-07f5966c-f484-3e63-a9ed-751e8111a697.json
Aire Naturelle de Camping les Moreaux;Hébergement;Sur 2 hectares, la totalité des emplacements ombragés, en pleine campagne au cœur du Vercors.;;0/07/13-07f78b59-d84a-3615-89e6-6ca1b69ae66c.json
Subway;Autres points d'intérêt;Chaîne proposant des sandwiches à composer soi-même avec salades et service au comptoir.;;0/07/13-07f7a3b0-610e-3bcf-8112-add281882975.json
Bibliothèque de Savigneux;Culture et patrimoine;La bibliothèque municipale est animée par une équipe de bénévoles, et est rattachée au réseau des bibliothèques de la communauté de communes Dombes Saone Vallée.;;0/07/13-07f825e9-45b8-34cf-836a-19bcc907e685.json
Roselyne Blondet - Guide PSMB;Autres points d'intérêt;Guide du patrimoine de Cordon depuis 1990, spécialiste de l'histoire de Cordon, des glaciers au tourisme en passant par les bornes romaines, le château des Seigneurs de Faucigny, l’habitat, la vie pastorale, les alpages, l’école, l’église...;;0/07/13-07fc10a8-608a-348e-8261-a0012b76a1e2.json
MGM – Le Roc des Tours – Suites - appartements;Autres points d'intérêt;"Situé aux pieds des pistes du domaine skiable du Grand Bornand Chinaillon, notre nouvelle résidence MGM ""Le Roc des Tours"" bénéficie d'un emplacement unique et vous propose des appartements de grand confort, pouvant accueillir de 2 à 10 personnes.";;0/08/13-08004cf3-81e0-31e6-828a-1f6459670db8.json
Médiathèque départementale Drôme Provençale;Culture et patrimoine;La Médiathèque départementale à Nyons est un lieu accueillant dédié à la culture sous toutes ses formes : livres fictions et documentaires, BD et mangas, CD, DVD, livres lus, revues et presse française et étrangère, accès Internet,  ressources numériques.;;0/08/13-0800f7d0-7d6d-371a-8c71-1475f6bb221f.json
Chamonix Vallée Classics Festival;Spectacles et événements;Deuxième édition du Chamonix Vallée Classics Festival, qui aura lieu du 30 juillet au 07 aout 2025;;0/08/13-0801a484-ebad-39b5-9b88-7f26a96534c8.json
Espace Vertical 3 Grenoble - Salle d'escalade;Autres points d'intérêt;Avec ses 1900m² de surfaces dédiées à l'escalade, 300 voies de tous niveaux, un espace bloc et un espace initiation, EV Grenoble est le lieu idéal pour apprendre l'escalade ou bien parfaire sa technique en attendant la belle saison !;;0/08/13-0801f1b5-e77c-351f-a698-851220bb1405.json
Marché de Saint-Romain-de-Popey;Spectacles et événements;Le marché se déroule le mardi de 16h à 19h. Situé sur le parking de la salle polyvalente.;;0/08/13-08046c10-68ea-3263-b5af-dea970d22942.json
Chaudebonne;Autres points d'intérêt;Située du côté du Mont-Angèle, la commune n’a pas de village central mais elle est composée de plusieurs hameaux.;;0/08/13-0806db0c-5a3b-3fc6-89b3-ee7abd25dc26.json
Relais Cyné de Tramolé;Autres points d'intérêt;"Bienvenue au Relais Cyné de Tramolé. Nous pouvons vous accueillir le temps d'un pique nique. 
Table de pique-nique, barre d'attache pour chevaux et un abri, sont mis à votre disposition.";;0/08/13-080962a6-939a-32bb-8cd8-d2d264e9dac0.json
Balnéoforme;Autres points d'intérêt;Pour un moment unique de détente et de bien-être au cœur des montagnes dans une eau entre 32 et 34 degrés, rendez-vous dans l'espace Balnéoforme du Palais !;;0/08/13-0809d006-4eaf-3a78-b37b-6ba6eb022b4a.json
Pêche au plan d'eau du Bordelan;Sports et activités outdoor;Ce plan d’eau creusé dans le lit majeur de la Saône était à l’origine une gravière d’extraction de granulats. Aujourd’hui, il accueille de nombreuses activités : plage avec baignade surveillée, location de matériel (kayak…), snack… Et bien sûr, la pêche !;;0/08/13-080a1bdb-5735-39f9-ae2c-f1ab41509061.json
Refuge de Bramanette;Autres points d'intérêt;"Le refuge vous accueille pour de la restauration familiale en journée
Réservation pour le repas du midi 
Venez déguster les pâtisseries maison de l'alpage à toute heure de la journée !";;0/08/13-080aaaa6-7f72-37ee-abd0-7eeb9c1121da.json
Camping La Pinède;Hébergement;"""Au bord du lac Léman, le Camping La Pinède vous attend dans un cadre exceptionnel, avec accès à la seule plage de sable fin ! Emplacements, hébergements naturels, piscine et activités familiales pour des vacances uniques !
""";;0/08/13-080b17a5-fb33-3545-92e0-9a106d8727b9.json
Petite Cité de Caractère de Menet;Autres points d'intérêt;"Cité de moyenne montagne dans le Parc Naturel Régional des Volcans d’Auvergne, Menet est blottie au pied du Puy de Menoire et de son lac naturel. On nomme la cité ""Menet la Blanche"" eu égard à sa géologie, et sa tradition de tailleurs de pierre.";;0/08/13-080c3852-fdf2-3f9b-b9f8-dd4712d467f5.json
Arlempdes;Autres points d'intérêt;Le site a été créé par l'accumulation de laves répandues à différentes époques à partir de points de sortie multiples. La Loire s'est ensuite faufilée entre les roches volcaniques.;;0/08/13-080dee6f-c15c-3a59-ae3f-d9164bf1a5b0.json
Marché de producteurs - Saint-Saturnin;Spectacles et événements;Marché hebdomadaire où vous pourrez acheter des produits locaux : confitures, miel, fromages, légumes, pain...;;0/08/13-080dfa41-49f0-3067-a4f5-f091fdfcea35.json
The Mazé;Autres points d'intérêt;The MAZE Restaurant implanté à Limonest, vous accueille dans un cadre chaleureux et contemporain propice aux échanges. L’ambiance cosy de notre restaurant est idéale pour partager un repas du soir entre amis, collègues ou clients.;;0/08/13-080ee23f-bac9-3424-b5ba-db5b64251312.json
Marché des saveurs à la brasserie des Ursulines;Spectacles et événements;La brasserie implantée dans l'ancien couvent des Ursulines de Crémieu vous propose son marché des saveurs avec chaque semaine un à trois producteurs de notre territoire.;;0/08/13-080ef950-b3a8-3c1b-a142-dd52f814341d.json
Exposition à La grange du Voyageur;Culture et patrimoine;Exposition Nelly Fauconnier, peintre.;;0/08/13-08106bd5-b9a8-39cb-986d-303891cecf61.json
Le Moulin de Léré;Autres points d'intérêt;"C’est en 1790 que la bâtisse fut construite, le moulin fut exploité jusque dans les années 1860.
 Il fût acquis en 1999 par Jean louis et Nadine, propriétaires des murs et passionnés par les vieilles pierres et vielles mécaniques.";;0/08/13-0812f5d0-a52a-3cb7-96a1-a30d487da14e.json
Concert de Jonathan Dassin (en hommage à son père Joe Dassin) - Foire du Dauphiné de Romans;Spectacles et événements;"La Foire du Dauphiné à Romans revient pour une 85ème édition, venez assister au concert de Jonathan Dassin à l'occasion de la journée spéciale ""séniors"".";;0/08/13-0814143e-1f41-38b3-bc76-eb02a9514900.json
Eglise saint leger;Culture et patrimoine;L'édifice est situé sur une ancienne motte castrale.;;0/08/13-0814ded7-748f-34b1-92a3-82ef62b40555.json
Aire de décollage parapente des Bachals;Services et activités encadrées;"Aire de décollage accessible à tous, sous votre responsabilité.
Brise de pente venant par le travers droit, le passage du thermique redressant la brise dans l’axe du décollage.
Orientation ouest.";;0/08/13-081769e2-edf4-387b-bd37-e6e4be17331d.json
Marmotte;Autres points d'intérêt;Piste bleue;;0/08/13-0817c3d1-eaa5-33ad-a12f-673b329d2c5c.json
Collégiale Saint-André;Autres points d'intérêt;"Belle église de style lombard du 13e siècle.
Deuxième plus vaste édifice religieux de la ville ancienne, la collégiale et sa belle flèche gothique marquent le cœur du quartier delphinal, lieu de pouvoir des Dauphins au Moyen Âge.";;0/08/13-081858e4-2df3-32ac-a83f-842e34831256.json
Fristi by Le Saint Louis;Autres points d'intérêt;Ambiance colorée et décontractée ! Entre l’abbaye et la place Saint-Philibert, ce joyau, aux notes méditerranéennes, propose menus du jour et pizzas. Des glaces aux beaux jours. Ouvert du mardi au dimanche lors des festivités. Terrasses disponibles.;;0/08/13-0818d5de-b9de-3333-8932-74fa77427ef8.json
Hôtel Au Patio Morand;Hébergement;Cet hôtel plein de charme avec son patio est situé en centre-ville de Lyon à proximité du métro, des centres d'activités d'affaires et de loisirs dans le quartier le plus chic et prisé de Lyon.;;0/08/13-081b1080-3c8e-3f0b-89e2-9a198a2a602d.json
La Loge;Autres points d'intérêt;Géré par 3 amis rugbymen, la Loge vous invite à venir boire un verre dans une ambiance conviviale !;;0/08/13-081b10d9-ee72-36ed-a420-ec1a0e7c9eaf.json
Restaurant Le Chris'tel;Restauration et gastronomie;Au cœur du Puy-en-Velay, notre cheffe en cuisine, met un point d'honneur à concocter des plats faits maison à partir de produits locaux, offrant une carte volontairement limitée pour garantir des saveurs authentiques.;;0/08/13-081c88be-40b6-375a-b3d8-c5eb7faa504b.json
Taxi Lenselois;Services et activités encadrées;A_GENERER_VIA_IA;;0/08/13-081d495c-c29d-39c3-ba62-d5e09726dc70.json
Albon taxi;Services et activités encadrées;A_GENERER_VIA_IA;;0/08/13-081f9e70-1f50-3621-9699-dbbf72a306db.json
Les Étangs de Bergougnoux;Autres points d'intérêt;Près de Saugues, un domaine de 25 hectares vous accueille toute l'année sur rendez-vous.;;0/08/13-081fb394-ec02-3c6e-a8c0-da5a45f181b8.json
Cinéma Jean Perrin;Culture et patrimoine;Cinéma proposant plusieurs films par semaine (certains films sont proposés en 3D);;0/08/13-0821f858-dc28-34d8-ac97-857b75a93cc7.json
Sard'Ânes - Elevage d'ânes miniatures sardes;Autres points d'intérêt;Sard’ânes est un élevage d’ânes miniatures. Venez partager un moment privilégié avec eux : au cours de la visite, vous pourrez voir, caresser et brosser les ânes, apprécier leur calme et leur gentillesse, découvrir leurs origines et leur façon de vivre.;;0/08/13-0824245d-4634-3b7f-8d83-92fe69428fb2.json
VVF Village de Chapteuil;Autres points d'intérêt;Au cœur des monts du Velay, Saint-Julien-Chapteuil vous ouvre les portes du midi de l'Auvergne, terre authentique, aux vallées riantes et sucs volcaniques endormis.;;0/08/13-0824d352-3bba-35d3-9fef-06602a4bcd94.json
Brocante d'automne;Autres points d'intérêt;Brocante professionnelle de 7h à 17h sur l'esplanade de la gare organisé par Collector 63 avec le soutien du club Les vieux tacots casadéens;;0/08/13-0825d9b6-1caf-3552-87c9-6620e7ca032c.json
L'Atelier des Saveurs;Autres points d'intérêt;"Cuisine évolutive au grès des saisons, utilisation de produits frais, fait maison.
Dans un cadre épuré, nature en face de l'Hôtel de Ville de La Mure.";;0/08/13-082b38ed-1e20-308f-b4bc-f8818e4af107.json
Maison de la Combraille;Autres points d'intérêt;La Maison de la Combraille est un espace ludique et interactif dédié au territoire de la Combraille. Visite libre ou guidée sur demande.;;0/08/13-082cc3be-3c7f-3256-a030-98891a8b7163.json
Accueil Camping Car au Domaine Château Vieux;Hébergement;"Vigneron-récoltant depuis 1878, cinquième génération de vignerons-récoltants vous propose 5 emplacements pour camping cars.
Dégustation gratuite possible du mardi au samedi si arrivée avant 18h30.";;0/08/13-082e0637-1c22-3475-a025-3026a122e87d.json
Salle Mageva :  spectacle, séminaire et congrès;Spectacles et événements;"Bienvenue dans notre salle de spectacle, de séminaire et de congrès située au cœur de Megève.
Notre espace modulable est conçu pour s'adapter à tous vos projets et besoins, qu'il s'agisse d'événements professionnels ou de manifestations culturelles.";;0/08/13-082e5958-44c7-35c7-acc5-1aa54a5a03cf.json
La Pointe Noire;Autres points d'intérêt;Terrasse spacieuse et ensoleillée. Intérieur cosy et chaleureux. Équipe efficace et souriante. Vins,cocktails,apéros gourmands ou pause sucrée. Produits frais de saison pour des petits plats délicieux.Happy hours mercredi jeudi et vendredi de 17h à 18h30.;;0/08/13-082fc8bd-a9ef-373d-b382-46ef373e87ac.json
L'Antre-Deux;Autres points d'intérêt;Au restaurant l'Antre-Deux, Chloé & Hugues vous proposent une cuisine à base des produits locaux et faite maison ! Simplicité et cuisine traditionnelle au menu, avec des plats du jour & à la carte.;;0/08/13-08375dae-cbc2-37ea-8adf-e06c6c5bad87.json
Les 3 Brasseurs;Autres points d'intérêt;"Les ""3 Brasseurs"" sont installés à Valence de puis le 07 décembre 2022! L'occasion de découvrir ou redécouvrir les spécialités du Nord !
Bières brassées sur place.";;0/08/13-0838dffa-fc98-3032-b6bc-fedcd0d86d5c.json
"Circuit ""La forêt de Marigny""";Nature et détente;A_GENERER_VIA_IA;;0/08/13-0839b3e7-a27b-3143-be3a-ca04dad79fbe.json
"Fresque : ""L'école buissonnière""";Autres points d'intérêt;"Cette œuvre représente des oiseaux ""Pioupious"" chers à l'artiste, jouant dans des feuilles près de leur maisonnette.";;0/08/13-083afc72-ab56-34d6-9b4b-998f48bbba65.json
Camping les Châtaigniers;Hébergement;Petit camping familial avec piscine, en sud Ardèche proche de Vallon Pont D’Arc, de Joyeuse, au cœur de la vallée de la Beaume,dans un écrin de verdure à l'ombrage de châtaigniers. Baignade en rivière, pêche, location chalets et mobil-homes.;;0/08/13-083babc9-b395-3818-939e-bb6aa8632369.json
Auberge de Portout;Hébergement;"Bar, restaurant, glacier entre lac et canal.
Petite friture, cuisses de grenouilles, friture de perchots, lavaret.";;0/08/13-083c0745-b00c-3bdb-86b1-4cc835ce8601.json
Laurent Richard, moniteur indépendant;Autres points d'intérêt;Que vous soyez débutants ou skieurs confirmés, venez découvrir les charmes du Grand Massif. Vous profiterez des services d'un moniteur diplômé d’État pour vous guider et vous permettre de progresser. Sorties ski de randonnée à la journée ou demi-journée.;;0/08/13-083cb0ea-4f66-3584-a7f7-61123e96638b.json
Parc du Clos Claret;Nature et détente;Ancienne propriété Claret, le parc conserve la maison de maître, un bassin et de majestueux arbres centenaires. Ce lieu paisible de 5 hectares mêle patrimoine bâti et naturel, ouvert à la promenade, à la détente;;0/08/13-083d474d-63ff-3e08-bdf5-1211e3d11ee1.json
F - Sentier panoramique du col de la Loze (hiver);Nature et détente;Menant au col de la Loze (2 305 m), ce chemin en balcon sur la vallée est incomparable pour admirer la vue sur tous les sommets et massifs environnants.;;0/08/13-083de0a0-8671-3fe6-aa4a-e7e19c489d0e.json
Au Coude à Coude;Autres points d'intérêt;Bar à vins avec espace vente. Assiettes de charcuteries et de fromages, plats chauds.;;0/08/13-083de0c9-3add-3a64-ab1b-2ef06c476a88.json
Les Temps Nouveaux;Autres points d'intérêt;Les Temps Nouveaux vous accueillent à l'entrée du village d'Estivareilles pour vous faire découvrir, au gré des saisons, une cuisine fine, au goût du jour, confectionnée uniquement à base de produits frais et locaux.;;0/08/13-08428c5d-3120-3637-89d1-dbd1685cfa32.json
Bal de Printemps (et des 10 ans!) du Cause Toujours;Spectacles et événements;Comme à chaque changement de saison, le café associatif et espace de vie sociale « Le Cause Toujours » organise une soirée Bal-Concert. Un moment convivial et festif qui amène culture et musique au sein de l’espace public.;;0/08/13-0842c3b2-5c11-3dda-b0b4-1bc250a43771.json
Musée de l'école d'antan;Culture et patrimoine;Musée de l'école d'ancien temps, avec reconstitution de salles de classe, d'objets d'époque et d'anciens registres de classe pour se replonger dans une atmosphère scolaire des années 40 et 50. Du XXe siècle.;;0/08/13-08432ce9-f2bc-3a8f-b52a-b0bb2cff2512.json
Auberge de Maison Rouge;Hébergement;Marie-Laure et Eric vous accueillent dans le cadre authentique d'une ferme de 1900. Du casse-croûte au festin des Mousquetaires, vous découvrirez les spécialités du Sud-Ouest de la France grâce à leur chef Jean-François Mériot (label Chef Restaurateur).;;0/08/13-08437f04-83ed-3259-9405-b453070a489a.json
Kyriad Lyon Sud Sainte-Foy;Autres points d'intérêt;Dans un écrin de verdure, notre équipe vous accueille dans un cadre verdoyant avec vue sur Lyon. Ne rater surtout pas une halte gourmande dans notre restaurant où notre chef vous régalera avec ses spécialités lyonnaises.;;0/08/13-084598ae-3268-3674-9065-c98a226b0374.json
Location de vélos électriques - Ma Balade à Vélo;Hébergement;"Spécialiste du vélo à assistance électrique de loisir pour toute la famille.
Installé le long de la Via Ardèche à Ruoms.";;0/08/13-084c6b6f-3287-37a8-b2c6-66fabf8df8c4.json
Valloire Freeride;Autres points d'intérêt;"La nature à portée de ski
Valentino, votre moniteur de ski indépendant s'est spécialisé durant ces dernières années dans l’apprentissage, la découverte et la pratique du ski hors-piste à Valloire.";;0/08/13-084cc033-4cb2-3eb4-b9b3-a2865d9824ac.json
Piscine;Sports et activités outdoor;"Piscine ouverte tous les jours en Juillet et Août.
Au mois de juin : les mercredis de 14h à 19h00 et les week-ends de 11h00 à 19h00.
Grand bassin et pataugeoire.";;0/08/13-084dc9b1-fa47-361f-86cc-8ae05f456f23.json
Centre aquatique Aqua'tlantis;Autres points d'intérêt;Aqua’tlantis propose des activités aquatiques pour toute la famille ainsi la natation libre.  Aqua’tlantis c’est l’alliance de l’eau, du sport, des loisirs et du bien-être. La piscine mesure : 11m x 6.50m et affiche une profondeur de : 1m30.;;0/08/13-084e3778-0cb5-3fc9-ad3f-f18cfc2303eb.json
Atelier-galerie-boutique de la Cour des Dames;Culture et patrimoine;"Exposition de peintures, sculptures, bronzes de François Lassere. Sociétaire de la Fondation ""Taylor Paris"". Présence exceptionnelle du trône de Game of Thrones, à disposition des visiteurs en participation libre au profit d'associations.";;0/08/13-08516301-6246-3b8d-89dd-b658d6d6cf7a.json
Cinéma le Rex;Culture et patrimoine;La Cinéma Rex est un cinéma classé Art et Essai comprenant 5 salles pour vous garantir une diversité cinématographique. Nous vous accueillons tous les jours 365 jours par an ! Un espace café/petite restauration est à votre disposition dans le hall du Rex.;;0/08/13-08532cc7-b570-351a-acbe-7c3fc5bfd3f7.json
Ancienne Tour des Remparts;Autres points d'intérêt;A remarquer dans la rue des écoles, une ancienne tour symbolisant autrefois l'emplacement des remparts de la ville.;;0/08/13-08548ab1-9d33-34f9-85cb-94f7de74eeb4.json
Course d'orientation - La Tour Village  - Parcours bleu;Nature et détente;2ème SEMESTRE 2025 : pour améliorer votre pratique, ce parcours est actuellement en cours de vérification. Certains postes sont manquants, d’autres en mauvais état. Merci pour votre compréhension;;0/08/13-0855b023-bc8d-3168-a46b-8ea514c8e561.json
Tacossimo;Autres points d'intérêt;Restauration rapide;;0/08/13-085667b4-48ac-3ec4-93d4-6829fa9dbbd5.json
Annecy City Tour;Autres points d'intérêt;"En 60 minutes, découvrez Annecy authentique !
La visite d'Annecy en car cabriolet, tout confort, est une manière fantastique de découvrir la ville. Le circuit a été soigneusement étudié pour vous emmener sur les sites les plus incontournables.";;0/08/13-0856c4f8-8a66-3682-8cd2-06195fb0122c.json
Barrage du Dorlay;Autres points d'intérêt;A_GENERER_VIA_IA;;0/08/13-0858f3f9-4169-3ebe-bfd8-8ef691811e87.json
Bien-Etre Aux Chenes;Autres points d'intérêt;Dans un cadre chaleureux propice à la détente, au sein d'une belle ferme rénovée typique du plateau du Mézenc, Corinne vous propose des séances de massage bien-être personnalisées...;;0/08/13-085924c3-2966-381f-9b34-9aaa9b21ac99.json
Bibliothèque Municipale;Culture et patrimoine;Ouverte à tous;;0/08/13-08595f8f-dc4d-3277-be34-eea07a003e50.json
Auvergne attelage;Autres points d'intérêt;Parc Auvergne Attelage. Carrière et obstacles.;;0/08/13-0859be5e-0506-3385-8bcf-97b406b3aadf.json
Hôtel F1 Annemasse;Hébergement;Proche des stations de ski, à 17 km de la cité médiévale d'Yvoire, l'hotelF1 St-Cergues est situé à 2 km du centre-ville.;;0/08/13-085c95b6-c442-3c02-b87d-8f23166165b2.json
Location de salles - Château des Édelins;Hébergement;2 salles en location à la journée avec ou sans hébergement. Fêtes familiales. Location pour réunions/formations et séminaires.;;0/08/13-08604a6d-f0ac-3f06-ad76-60404ce8a92b.json
Auberge de la Hulotte;Hébergement;Spécialités auvergnates : truffade, tripoux, coufidou, poulet fermier à la fourme d'Ambert. Environnement verdoyant au milieu d'une jolie campagne paisible.;;0/08/13-08606782-8213-34b8-82e9-874ad3b4b0bc.json
McDonald's Viriat;Autres points d'intérêt;Restauration rapide au coeur de la zone commerciale La Neuve;;0/08/13-08606e90-d7d8-340e-9ec9-ea5225edcef2.json
Guide de pêche - Fabien CATERINA (Immersion Pêche);Sports et activités outdoor;Pêcheur expérimenté et passionné, Fabien Caterina vous propose des formations et divers stages de pêche à la mouche dans le massif de la Chartreuse, des Bauges mais aussi sur l'ensemble du territoire alpin.;;0/08/13-086093e4-3ed3-3ff4-b176-813c0bad2f19.json
Circuit VTTAE n°24 (noir) - Grand Tour des Gorges de l'Ain;Nature et détente;"Au départ de Cize, sur les hauteurs des gorges de l'Ain, plongez sous les rochers du Jarbonnet, les falaises de Berranger avant de remonter sur le plateau par Balmont.
Grand tour du Val de Buenc par la côte de Chambod et retour par la piste des dinosaures";;0/08/13-08624cd1-f78d-309d-9ccb-e31a4bc13f00.json
Concertos !;Autres points d'intérêt;Marie-Ange Nguci et l’Orchestre national de Lyon font assaut de virtuosité dans ce programme où se répondent l’un des concertos pour piano et l’une des partitions symphoniques les plus difficiles du répertoire, sous la baguette de Dinis Sousa.;;0/08/13-086559d5-f3f9-35a8-8692-e92231fbbe49.json
Yulianna Avdeeva;Autres points d'intérêt;Avec Chopin, qui lui a valu des triomphes dans les plus grandes salles, et Władysław Szpilman, le compositeur qu’Adrien Brody incarne dans le film multi-oscarisé Le Pianiste, Yulianna Avdeeva plonge dans la musique polonaise illustre et moins connue.;;0/08/13-0865e3de-7d23-3ea6-84b7-fa512b7c63a0.json
Salle de réception - Domaine des Palais;Autres points d'intérêt;Salle de réception de 240m² au cœur du domaine viticole avec son parc de 6000m².;;0/08/13-08671c45-0e1a-344a-9ff5-5833f1ed8838.json
Le Courpatta;Autres points d'intérêt;"Le restaurant  ""le Courpatta"" vous accueille tous les jours et propose des repas pour les ouvriers. Vous pouvez également déguster des cuisses de grenouilles.";;0/08/13-08682a5b-64cb-39ad-8bb5-ff29ba43409d.json
Marché Alimentaire et Fleurs Ambroise Paré;Spectacles et événements;Produits vendus : fruits et légumes, fromages, viandes, charcuteries et fleurs. 3 commerçants.;;0/08/13-086d80ba-b470-3cbd-a5f1-910b83e68bb3.json
Camping de la Ferme de Viescamp;Hébergement;Camping à la Ferme *** de 18 emplacements avec sanitaires privés. Toujours l'ambiance du petit camping à la ferme mais avec du confort !!!;;0/08/13-086f2b43-9701-3055-9b63-47558a2a1aa5.json
Hôtel-Restaurant la Martinière;Hébergement;La Martinière à Montélier, charmant village botanique au pied du Vercors, situé à 10 km de Valence et de Romans, à 2 minutes du golf de Valence et à moins de 15 minutes de 2 autres golfs.;;0/08/13-0873adc1-9365-37b1-9858-2b5fab35f059.json
Crêperie du Vieux logis;Restauration et gastronomie;Crêperie - Snack - Café.;;0/08/13-08745244-6fa4-30c8-9fcb-5f268c0fd886.json
Salle hors-sac de Condamine;Autres points d'intérêt;"Salle d'une capacité de 40 personnes, de plain-pied.  
Toilettes, parking à proximité. Accès PMR.";;0/08/13-0875d4f6-823e-3c21-9e4a-ac525fad58ba.json
Circuit enduro N°7 Red raide;Nature et détente;Entre VTT de descente et cross-country, l’enduro vous propose de belles descentes, qui sont le fruit de la montée, sans le bruit, ni le CO2 et surtout des sensations fortes pour les amateurs de sports nature !;;0/08/13-0877831a-32f2-3ad3-a34b-9c2aa4affe79.json
Bar le Contentoir;Restauration et gastronomie;Bar situé à Jaligny-sur-Besbre.;;0/08/13-0878d43f-b624-34d2-bd5d-4e807a6f4408.json
Spa à l'Auberge de Clochemerle;Hébergement;"Espace détente et relaxation :
Un spa privatif sur demande pour un effet ressourçant garanti comprenant sauna, douche sensorielle et jaccuzzi, accès de 45 minutes sur réservation";;0/08/13-0879d54b-3b29-364d-854d-35412daeb7ea.json
"Concert ""The Tumbling Dice""";Spectacles et événements;Vivez un retour dans les années 70 avec The Tumbling Dice, à Hérisson le 11 août à 19h ! Profitez des apéros musicaux sur des tubes rock nostalgiques. Vibrez, rêvez, revivez !;;0/08/13-087a7bb8-5b18-3045-b8dc-40ac193e9eb0.json
Siam Bistrot;Restauration et gastronomie;Bistrot thaïlandais, bar, café et restaurant.;;0/08/13-087be4f2-0621-3929-b648-3789386568e6.json
Parcours permanent de course d'orientation - Espace Sport d'Orientation;Sports et activités outdoor;"Parcourez un circuit matérialisé par des balises que vous devez découvrir par l'itinéraire de votre choix, en utilisant une carte spéciale d'orientation et une boussole, le plus vite possible.
4 parcours possibles selon 4 niveaux de difficulté.";;0/08/13-087d3b49-b838-302b-8d44-d38e6cf16a81.json
Le meublé aux mille roses;Autres points d'intérêt;Meublé touristique, idéal pour se ressourcer.;;0/08/13-087d6db4-effe-3035-b93d-34a2ba403ac4.json
"Exposition ""Espace Métiers d'Art""";Culture et patrimoine;L'association Casa d'Art  expose dans la galerie La Cave de l'Echo. Découvrez l'univers de ses artisans locaux à travers leurs oeuvres et créations : poterie, sculpture, tournage sur bois, feutrine, céramique... du 16 au 30 août de 10h à 19h;;0/08/13-08826433-b617-3cbc-b5c6-709e05ddc2ab.json
Fédération Française de l'Apéritif;Autres points d'intérêt;La FFA, est une épicerie-bar spécialisée dans les produits artisanaux français pour l’apéro. Terrines, saucissons, tartinables de légumes, charcuteries et fromages à la coupe, vins, bières, spiritueux à emporter ou à déguster sur place !;;0/08/13-0882c739-a88e-3061-9c04-bb05c18c47d9.json
FIEF;Autres points d'intérêt;Centre de séjours culturels et touristiques pour groupes, familles et séminaires. Situé en Drôme provençale à 15 mn à l'est de Montélimar, le Fief est une association qui peut accueillir de mars à novembre en pension et demi-pension.;;0/08/13-088337ba-9454-3b87-af66-8da10605ae5b.json
Dat Milton;Autres points d'intérêt;Bienvenue chez Dat Milton ou la cuisine est bien plus qu’un métier : c’est une forme d’art !;;0/08/13-08858081-6450-3c88-bdd8-6f3886d2527b.json
Marché hebdomadaire du mercredi matin;Spectacles et événements;De bons produits, des commerçants à votre écoute, un moment agréable : autant de raisons d'aller au marché !;;0/08/13-0886b105-809b-39c2-ba08-7e14892778f4.json
Camping la Magerie;Hébergement;Dans la Vallée de la Drôme, sur 6 ha au milieu des buis, cyprès et lavandes, ce camping, idéal pour familles, composé de grands emplacements de 300 à 500 m2, vous permettra de profiter du calme et d'une vue panoramique sur les montagnes de la Drôme.;;0/08/13-0887a453-0354-349b-a555-618ef206830b.json
SPA Trièves - Espace bien-être;Autres points d'intérêt;Exceptionnellement situé au pied du Mont-Aiguille, notre spa de montagne accueille jusqu’à 12 personnes avec un bassin à jets de massage, un jacuzzi, un sauna, un hammam, un solarium, une tisanerie et une vue magnifique sur les Hautes Falaises du Vercors.;;0/08/13-08886be9-e99a-3114-9e62-c7aa26aabbb8.json
Marché alimentaire de Voreppe;Spectacles et événements;Petit marché tous les mercredis après-midi : fruits et légumes, volailles, oeufs, fromage,...;;0/08/13-08890d30-9507-3861-a388-6c4c5dad97e0.json
En K2 Pause;Autres points d'intérêt;En K2 Pause propose des plats du jour, poisson du moment ou entrecôte frites, sandwichs sur place ou à emporter.;;0/08/13-088a139e-e38e-3b15-8575-650819f1ca1c.json
Marché hebdomadaire de Montélier;Spectacles et événements;Marché de producteurs hebdomadaire.;;0/08/13-088a5776-f717-3edc-b295-68bfa690d7b5.json
Marché hebdomaire;Spectacles et événements;Venez à la rencontre des producteurs locaux .;;0/08/13-088ad5f3-838f-3d1e-a43f-6bc97e05d491.json
G. Baudrier;Autres points d'intérêt;« Le Groupe Baudrier vient de l’union entre les Ambulances Taxis Dieulefitois et les Ambulances Nuit et Jour à Sauzet.;;0/08/13-088e07af-8e0f-39cd-be68-554eaf808358.json
L'Engrenage café - jeux;Restauration et gastronomie;Lieu convivial, interactif et solidaire, L'Engrenage vous propose 400 jeux de sociétés expliqués sur place et une restauration légère.;;0/08/13-08902edc-7a94-3565-8bd6-409f36797801.json
Ancien Couvent de la Visitation - Sainte Marie;Autres points d'intérêt;"Le monastère fut élevé au XVIIe siècle avec des voûtes à nervures d'ogives, survivance de l'architecture gothique.
Les plans du couvent auraient été établis par Sainte Jeanne de Chantal en personne, fondatrice de l'Ordre de la Visitation de Sainte-Marie.";;0/08/13-08923b00-ebe2-3855-a3aa-8c0e76f4a2d2.json
Valmorel Activités Outdoor;Autres points d'intérêt;Plusieurs accompagnateurs à votre service pour des sorties raquette à neige mais aussi un programme complet de balades à pieds.;;0/08/13-0893041a-d047-3fc9-89f1-8b0a3c4a1487.json
Aérovol Montgolfière;Autres points d'intérêt;"Aérovol vous propose des vols en montgolfière dans notre belle région du Nord-Isère.
Envols principalement les week-ends et jours fériés, mais ils sont aussi parfois réalisables en semaine.";;0/08/13-08938c87-1fcc-3989-babb-2ea68f8ddf8c.json
Concours de belote;Autres points d'intérêt;Organisé par le Comité des fêtes;;0/08/13-08940a61-ad46-378b-80f7-385b418f44c8.json
Brit Hotel;Hébergement;Que vous veniez seul ou à deux, en couple ou en famille, le Brit Hotel** à Saint-Flour vous propose des chambres adaptées et confortables, en alliant service soigné de qualité et prix abordables.;;0/08/13-08957303-ede1-3833-9aa5-5bb3ac0756d6.json
Le cabinet Rembrandt;Autres points d'intérêt;Le cabinet Rembrandt est le seul musée au monde exclusivement dédié à l’œuvre gravé du maître néerlandais. Il présente l’une des plus belles collections privées de gravures de Rembrandt.;;0/08/13-08979796-9b41-3345-8b46-1ceeb02dabdc.json
CGH Résidences & Spas - Le Lodge Hemera;Autres points d'intérêt;Au cœur du village de La Rosière à deux pas de toutes commodités, ce chalet à l’architecture savoyarde saura vous combler par sa situation exceptionnelle et son cachet unique.;;0/08/13-089b2daf-9434-3851-bc9d-72f7e40757b2.json
Eglise Saint Clair;Culture et patrimoine;Venez découvrir cette belle église du XIXe siècle : sa cloche classée, datée de 1492, ses remarquables boiseries, son orgue et ses vitraux ainsi que le nouveau chemin de croix monumental composés de 14 tableaux marouflés directement sur le mur de la nef.;;0/08/13-089cc79f-3fc5-3e16-865d-fd9829cfe6b9.json
Hall Art Expo;Culture et patrimoine;"Le centre culturel L'Embarcadère et l'Office de Tourisme de Vorey accueillent l'Expo HALL ART pour sa 5ème édition !
Venez découvrir les œuvres d'artistes plasticiens, peintre sculpteur, céramiste, créatrice lumière...";;0/08/13-08a271a1-2476-35a5-a38c-71a60e7ebf38.json
Ferme des Charrières;Autres points d'intérêt;Légumes du jardin, produits bio, frais et locaux : venez déguster une cuisine entièrement maison préparée par un Maître Restaurateur. Repas sur réservation, uniquement le midi en semaine pour les groupes à partir de 12 personnes.;;0/08/13-08a776e6-4f00-3be8-9aca-9040df57f5b5.json
Pont Gavé;Autres points d'intérêt;Sur le Pont Gavé, on n'y danse pas peut-être pas en rond mais on l'utilise depuis 700 ans pour traverser la Coise. Et en plus, vous aurez peut-être la chance d'apercevoir le Manoir de Teillères, résidence des comtes de Forez.;;0/08/13-08a87636-25fd-3e43-b160-0b99fe7a99ea.json
Bar du Restaurant 77;Restauration et gastronomie;Le Bar du restaurant 77 est idéalement situé en plein cœur du très dynamique quartier Part-Dieu.  Le Chef travaille des produits frais et de saison et fait évoluer sa carte quotidiennement en fonction de son marché du jour.;;0/08/13-08a92265-39cb-3b28-98c6-9011ec1a5d05.json
Amphitryon capucine;Autres points d'intérêt;Cuisine gastronomique avec des produits frais et de saison.;;0/08/13-08aa00f0-341b-3bbb-86be-e32bad031cc0.json
"Relais de l'Abbaye ""Le vert Pré""";Culture et patrimoine;"Dans un havre de paix en bordure de rivière, près du centre de Charlieu, découvrez le restaurant ""Vert Pré"" du Relais de l'Abbaye. Vous y découvrirez une cuisine inventive, créative, réalisée par une équipe de professionnels amoureux de leur métier.";;0/08/13-08abc3c1-5058-34ea-9e7e-14d4c828078d.json
Restaurant Le Commerson;Restauration et gastronomie;Au centre de la cité médiévale de Châtillon-sur-Chalaronne, dans la rue face à l'église, le Commerson vous propose de nombreux plats : pizzas et lasagnes cuites au feu de bois, viandes et salade. Terrasse et salle climatisée. Sur place ou à emporter.;;0/08/13-08abcbbd-4cce-329f-9621-0fbcb8798503.json
Village du Breuil autour de son église;Culture et patrimoine;Le Breuil regorge de patrimoine, d'anecdotes et de sites naturels : vous serez surpris par la richesse de ce village ! Ancienne chapelle castrale, l'église Sainte-Anne (XIIe) est incontournable avec la pierre tombale d'Alix (MH) et autres curiosités.;;0/08/13-08adf31d-9c95-3ccf-a4ed-da2d0e866ca2.json
A la découverte du village de Mens, parcours adulte;Nature et détente;A l'aide de votre carte, déplacez-vous au cœur de la village de Mens pour découvrir les balises qui ont été installées à proximité des lieux historiques.;;0/08/13-08ae17e6-2106-38c5-ac1e-3b3c229ee329.json
Restaurant Le Grain de Sel;Restauration et gastronomie;Skiez, bronzez, profitez des activités de la station, puis venez vous asseoir sur notre terrasse ensoleillée ou dans notre intérieur douillet, pour le déjeuner ou le dîner. L’équipe prendra plaisir à vous faire savourer des recettes gourmandes.;;0/08/13-08ae71c9-a827-3f9c-add1-66a9d8418391.json
Piscine en plein-air de la Tania;Sports et activités outdoor;"Bassin extérieur en été. En centre station, piscine panoramique avec une belle vue sur la forêt, eau chauffée à 28°. Entrée gratuite pour les moins de 5 ans.
Seuls les slips de bain et boxers de bain sont autorisés. Les shorts et caleçons sont interdits.";;0/08/13-08b3c00a-d800-3510-8748-67e081b69a50.json
King Marcel my burger is French;Autres points d'intérêt;King Marcel vous propose un repas rapide gourmand et convivial grâce à un hamburger français unique au monde. Vous pourrez déguster en moins d’1/2 heure des hamburgers préparés par des chefs cuisiniers avec des ingrédients locaux de grande qualité.;;0/08/13-08b422fe-2605-3db7-9c57-fb962609a448.json
Taxi Cassoret;Services et activités encadrées;Taxi (haut de gamme-Mercedes) jusqu'à 6 passagers pour tous vos déplacements touristiques ou professionnels. Organisation de circuits touristiques en Drôme Provençale et en Ardèche Méridionale. Transport médical conventionné.;;0/08/13-08b7354f-1738-317c-83d6-9ad5e609cb9b.json
Fête de la Science au Musée du Peigne;Culture et patrimoine;Ateliers, animations, conférences autour du thème des sciences.;;0/08/13-08b83d46-eeaf-3d6b-bbfd-ddd9b527c34f.json
Gîte de Lavalette;Hébergement;"Le Gîte de Lavalette vous accueille toute l'année dans un cadre de verdure à 820 m d'altitude, en surplomb du barrage du même nom.
Le lieu est enchanteur, la vue dégagée sur le lac superbe et les opportunités d'activités idéales.";;0/08/13-08b8476f-ee53-3757-89f6-0e9289564886.json
Azureva - Restaurant;Restauration et gastronomie;Au cœur du Livradois-Forez, dans un cadre agréable et convivial, toute l’équipe Azureva Fournols vous accueille autour d’une bonne table. Les papilles se détendent et les langues se délient autour des saveurs de la région.;;0/08/13-08b84962-efc2-3b75-8916-fbb25f1043f0.json
Galerie d'exposition A.A.A.O.O.;Culture et patrimoine;A_GENERER_VIA_IA;;0/08/13-08b9aab5-8fa6-3eaa-9ece-898cdda77912.json
Le vieil Arbresle et ses alentours;Autres points d'intérêt;Au confluent de deux cours d’eau, de deux routes historiques et de deux appellations viticoles, L’Arbresle possède un patrimoine architectural remarquable révélant la diversité du sous-sol : un lieu idéal pour découvrir la géologie du Beaujolais !;;0/08/13-08b9e917-2cc1-3c9f-9e26-ef1671b73751.json
Exposition: un théâtre et trois langues;Culture et patrimoine;"Ce lieu dédié à l'art contemporain accueille une proposition de l'ESAD dans le cadre d'une carte blanche. Un théâtre et trois 
langues exposition à 6 mains conçue par 3 artistes.";;0/08/13-08ba1aa8-2223-3e56-ab02-f20417df320d.json
Concert: Coline Rio;Spectacles et événements;Après une entrée très remarquée dans le paysage de la nouvelle scène française en 2023, l’auteure, compositrice et interprète à la voix enchanteresse nous avez séduits aux côtés d’Alexia Grédy cette même année sur le plateau du Train Théâtre.;;0/08/13-08baaa46-263b-3964-9f63-e154524097a7.json
Le lac de Grésy-sur-Isère;Nature et détente;Plan d'eau de détente par excellence, le lac de Grésy avec ses postes de pêche aménagés est idéal pour une pêche de détente en famille des carnassiers, de la carpe et autres poissons blancs.;;0/08/13-08bae93b-4722-3aa7-9b16-4a73e95e06b8.json
Bar Ginette;Restauration et gastronomie;"Bienvenue chez Ginette, où la mixologie est une passion : des cocktails créatifs, préparés avec soin rien que pour vous.
Venez profiter d’une ambiance vintage et chaleureuse, et partagez de délicieux tapas maison entre amis.";;0/08/13-08bb7804-b9cf-3376-90de-5c2127d001f2.json
"Galerie ""Duo""";Culture et patrimoine;Dans un immeuble à la façade Art-Déco, à quelques mètres de la Cathédrale et de la place d’Armes, des peintres, sculpteurs et photographes s’exposent dans deux espaces, deux ambiances, mais une seule galerie.;;0/08/13-08bce942-273f-3df6-b3c9-82432eb8dbb6.json
N°23 La Tour Mondon;Autres points d'intérêt;Faites une étape à Néronde pour arpenter les ruelles et découvrir la place du Pilori ou les maisons à colombages de ce village médiéval.;;0/08/13-08bcf55a-82bb-3cb7-acf8-9f06f8d9a22c.json
Les Barmettes;Autres points d'intérêt;Tout près du mythique Col de la Vanoise face à un panorama époustouflant sur la vallée, venez déguster nos plats régionaux : un régal pour vos yeux et vos papilles !;;0/08/13-08bedc1e-c3a9-3fd5-89ab-bc4d811fe7c0.json
Marché local hebdomadaire;Spectacles et événements;Marché, fruits, légumes, produits locaux, vêtements...;;0/08/13-08c37fe5-f452-312a-9e1d-fe18f646d98c.json
Aire Camping-Cars privée;Hébergement;Aire de services privée payante sur le parking du supermarché Super U : vidanges et eau potable (jeton). Stationnement non autorisé.;;0/08/13-08c4a799-d966-39b9-b492-d7fb0991e584.json
Yama Cuisine Japonaise;Autres points d'intérêt;"Cuisine japonaise authentique fait maison à emporter uniquement situé dans le vieux bourg Renaissance de Taninges.
Sushi, maki, Brochettes, Nouilles Sautées et épicerie japonaise.";;0/08/13-08c6f0f1-ceb3-3fe5-8bb0-839b6e2ce058.json
Auberge des Turins;Hébergement;Ancien chalet d'alpage du XVIIème siècle, entièrement rénové dans son style initial.;;0/08/13-08c749d2-ff69-3f1f-a53f-f76a72bb0d6e.json
Chapelle des Pénitents;Culture et patrimoine;"Petite chapelle située au cœur de Saugues et appartenant à la Confrérie des Pénitents Blancs.
Retable attribué à Vanneau.
Objets de la Passion.";;0/08/13-08c80abd-7a64-3137-9577-b5c79af1834f.json
Aire de pique-nique - Rond des pêcheurs;Services et activités encadrées;L'aire de pique-nique se situe à proximité de l'étang de Pirot.;;0/08/13-08c8135d-2a28-31ff-95c4-ce39392ac595.json
Le Marmitroll;Autres points d'intérêt;"Restaurant traditionnel au cœur du village typique de Meysse avec une cuisine qui s'adapte au temps, aux saisons et aux goûts . Labellisé ""Goûter l'Ardèche"".";;0/08/13-08ca5435-22c2-3c75-9703-ec935b9918b5.json
Circuit des Prugnes;Nature et détente;"Du Canal de Berry aux perspectives paysagères offertes aux randonneurs sur la vallée du Cher depuis le Château des Prugnes; les découvertes naturelles et historiques le long de ce sentier sont multiples.";;0/08/13-08cbbb9f-d450-314b-a7aa-ae218a9c2cba.json
Camping de L'Aloua - Clicochic;Hébergement;Le camping de l'Aloua est situé à 250 m d'un accès au lac, à proximité immédiate de la ville d'Annecy. Entre lac et montagne, c'est un lieu idéal pour vos vacances. Entre repos, loisirs et sports, le choix des activités est innombrable.;;0/08/13-08cce4f7-1015-3435-bb1e-e449d22b2c71.json
Voie Bleue - Moselle - Saône à Vélo;Sports et activités outdoor;"La Voie Bleue, Moselle-Saône à vélo, ça commence ici !
A deux pas de Lyon, profitez d’un environnement préservé, 18 km d’itinéraire protégé sur le chemin de halage font le bonheur des promeneurs à pied ou en vélo.";;0/08/13-08cd3c58-fd81-32c2-b848-42c045ea5213.json
Centre de congrès Bernard Taillefer;Autres points d'intérêt;Centre de congrès à Arc 1800.;;0/08/13-08cd7bbf-31b0-31bd-8443-2f6b70c07b8e.json
Maison de beauté Belle de Maïa;Autres points d'intérêt;Les équipes Belle de Maïa vous accueillent pour vous offrir une parenthèse de détente au plein cœur de Lyon. Une adresse pour s'évader, se détendre, prendre soin de soi...;;0/08/13-08cd9943-0a1d-3ecb-98d5-570eb51c0548.json
"SENTIER HIVER ""Le Sentier des Animaux""";Nature et détente;"Depuis l'arrêt navette de l'Altiport, passez tout droit derrière les résidences pour trouver le départ du sentier : ""Nous sommes là même vous ne nous voyez pas ! ""  Découvrez les habitants de la forêt et de la montagne dissimulés à proximité du sentier.";;0/08/13-08ceb2f9-088f-3cc7-ae44-77ac3cbcab36.json
La Fabrique;Autres points d'intérêt;Une ambiance bistrot, chaleureuse et conviviale. Une cuisine faite maison et un accueil sympathique.;;0/08/13-08cf3bf2-b3bc-3aac-9986-748b3df76a58.json
Bibliothèque Municipale de Valvignères;Culture et patrimoine;Située en plein centre du village ancien, juste à côté de la mairie, la bibliothèque de Valvignères est agréable et chaleureuse.;;0/08/13-08cf5f21-6dcd-3a87-a727-d02939685b6b.json
M’Bar – le Cristal de Jade;Restauration et gastronomie;Bar intérieur;;0/08/13-08d082bd-4c90-3342-9315-34c3c430722e.json
Luge;Sports et activités outdoor;Faire de la luge sur Cordon est possible, mais il n'existe pas d'espaces aménagés pour pratiquer ce loisirs.;;0/08/13-08d1a927-602b-3941-90fc-c9e0c4a80310.json
Château des Millets;Culture et patrimoine;L’édifice fut construit pendant la période des Guerres de Religion.;;0/08/13-08d2424f-be96-326e-8410-64e2dea1ffcd.json
Mémorial de la Résistance;Autres points d'intérêt;Le monument représente la Drôme debout. Sous un angle différent, il suggère la silhouette d'un fusil-mitrailleur. Il domine la vallée du Rhône.;;0/08/13-08d27fd9-58c6-38ee-91c3-ed5ad7c2b8d5.json
Hôtel Restaurant le Grand Chatelard;Hébergement;Situé aux pieds des stations de ski de St Colomban des Villards, de St François Longchamp, des cols du Glandon et de la Madeleine, à 800 m de la sortie n°26 de l'autoroute A43, ce petit hôtel restaurant vous propose 4 chambres.;;0/08/13-08d48beb-6049-32e6-b032-89e869726c79.json
Restaurant La Cachette;Restauration et gastronomie;Au Restaurant La Cachette, les montagnes ne sont pas seulement à déguster dans l’assiette, mais aussi à vivre dans une ambiance conviviale. Découvrez nos plats typiquement savoyards, dont la fameuse fondue en miche de pain.;;0/08/13-08dab69b-c4fe-300a-a7b1-32656e96555b.json
Espace naturel sensible Les Coqueteaux;Autres points d'intérêt;"Accès libre toute l'année ou visite guidée à thème de fin mai à début septembre d'une durée de trois heures.
Site fermé en cas de crues.";;0/08/13-08dad5e5-954f-3185-bb39-0eb881a9b30e.json
Résidence Athéna;Hébergement;Situé au rez-de-chaussée surélevé, cet appartement T2 fut rénové en 2018 dans un petit immeuble, proche des établissements thermaux et des commerces. À proximité du plan d'eau et du centre-ville, ensoleillé, tout confort et facilités de stationnement.;;0/08/13-08dcb4f6-f087-399c-b8e5-318fdc25df1a.json
Galerie l'Etang d'Art Commelle;Culture et patrimoine;"Bhéatrice  CHANARD Artiste Peintre 
Ses 2 médiums préférés sont l'aquarelle et l'huile.
Bhéatrice vous invite à venir visiter son Atelier Galerie à l'étang d'Art de Commelle
Elle vous propose des stages et ateliers à la carte";;0/08/13-08ddca31-e372-318e-b00d-0dd64a354cba.json
Bourg-Lès-Valence;Autres points d'intérêt;Bourg-lès-Valence offre des quartiers, tous différents, étagés depuis le Rhône jusqu’au plateau. Le Rhône, avec ses berges aménagées pour les piétons et la Via Rhôna pour les cyclistes, est propice aux promenades et flâneries.;;0/08/13-08df10f7-11c5-383f-a8ea-ec3ec429b4f2.json
Les Crinières d'Attel'Anges;Autres points d'intérêt;Les Crinières d'Attel'Anges c'est la possibilité de s'évader en calèche (chariot de 5 personnes) en famille ou entre ami, pour de grandes et petites occasions. Profitez du moment, bercé par le pas des chevaux et la gentillesse de Blandine Angebaud.;;0/08/13-08e2744f-bd9d-35c1-8c9e-7ec5dc885342.json
12ème Salon d'Art Actuel;Spectacles et événements;Une vingtaine d'artistes ont été sélectionnés pour ce bel évènement. La salle de la Foule et la salle d'exposition du Musée du Chapeau vont servir d'écrin pour les œuvres d'art.;;0/08/13-08e2ddec-dcad-3b05-b922-9e348d4b1ce8.json
"Les Apéros Live du Bis ""Trop"" Savoyard - Mardi 08 juillet à partir de 19h";Autres points d'intérêt;"Les Apéros Live du BIS ""Trop"" Savoyard 
 Tous les mardis et jeudis, de juin à septembre, de 19h à 21h";;0/08/13-08e30dc4-d092-3bf4-8e79-057e7b7495ef.json
Camping Domaine le Pra de Mars;Hébergement;Niché au cœur des gorges de la Loire, dans un environnement préservé le Domaine Le Pra de Mars vous invite à sortir des sentiers battus. Venez vivre une expérience unique en découvrant l’Auvergne et sa nature.;;0/08/13-08e387af-a3ec-3e08-9cbb-b9e59d9fc21a.json
Café du Temple;Restauration et gastronomie;Une adresse intimiste du centre ville de Montélimar, à l’écart de l’agitation, sur une belle place ombragée. Restaurant ouvert du lundi au vendredi, tous les midis, ainsi que les lundis et mardis soir. Un brunch une fois par mois.;;0/08/13-08e53535-9000-38f8-8157-ded5503a2c4b.json
Sentier Moûtiers - Montfort;Nature et détente;Une randonnée familiale agréable à travers la forêt qui permet la liaison entre Moûtiers et le hameau de Montfort où vous pourrez découvrir l'ancien four, le pressoir et l'église. L'auberge de Montfort vous propose des spécialités chinoises toute l'année.;;0/08/13-08e77db2-2172-3692-928d-ef0eee3b4edb.json
Camping l'Europe;Hébergement;A 200m de Murol et 800m du lac Chambon, cadre naturel préservé verdoyant. Ambiance familiale, piscine à 28°C, toboggan, pataugeoire, terrains de sport, aire de jeux. En été, club enfant, animations sportives, soirées. Snack, épicerie, salle TV, Wifi.;;0/08/13-08e7f3bb-9f93-328b-a83a-a4a9b5da90f6.json
Marché du tiroir - Concerts et marché nocturne;Spectacles et événements;"Marché nocturne de producteurs et d'artisanat qui vous accueille tous les lundis des mois de Juillet et Août ; autour d'un verre et d'un repas, ... avec deux concerts live chaque soir pour faire vibrer la place !";;0/08/13-08e92cb6-31ef-37fe-ba45-073aaabb2634.json
Halte fluviale;Autres points d'intérêt;A_GENERER_VIA_IA;;0/08/13-08ec9045-c7d6-3240-a800-40a2a70268d3.json
Télésiège de Tougnète;Autres points d'intérêt;Grâce au télésiège Tougnète, optez pour un voyage en classe confort vers un des principaux panorama et point de bascule vers les 3 vallées.;;0/08/13-08edcfb7-baf6-3d3c-a39b-16a84a595dab.json
Ski de randonnée - intermédiaire;Sports et activités outdoor;Itinéraire de ski de randonnée de perfectionnement à travers les arbres.;;0/08/13-08f42b3f-1c81-3b55-8249-03dc1a278b64.json
Itinéraire VTT AE - H : Chamonix - Pistes Nordiques - Petit Balcon Sud;Sports et activités outdoor;Itinéraire technique empruntant les pistes de ski de fond de Chamonix puis le petit Balcon Sud, avant de revenir à Chamonix par les lacets du Belvédère.;;0/08/13-08f4d163-d382-35a4-8e84-7dc281feb6b1.json
"Circuit moto ""La route des Parcs""";Nature et détente;Circuit : St Bonet le Froid, St Julien Molhesabate, Riotord, Marlhes, St Genest Malifaux, Le Bessat, Boulieu les Annonay, Satillieu, Lalouvesc;;0/08/13-08f64f13-2bfe-3438-9304-a060bedb5aba.json
Brangues;Autres points d'intérêt;Découvrez Brangues, village au sud-est des Balcons du Dauphiné, au bord du Rhône, étape sur ViaRhôna. Ici le passé littéraire s'anime sous les ombres tutélaires de Paul Claudel et Stendhal. Une invitation à l'exploration !;;0/08/13-08f6af08-720e-3a43-ba04-39869fa41053.json
Les Dauphins;Autres points d'intérêt;Les pieds dans l'eau, au bord du lac de Paladru, le restaurant «Les Dauphins» propose une cuisine régionale avec spécialités de poissons, petite friture, cuisses de grenouilles persillées et assiettes repas variées.;;0/08/13-08f6d3f1-c7b5-35ec-adb1-9cb55f38d490.json
Sentier artistique   Hautecour - Boucle Liberté;Nature et détente;"Vous êtes sensibles à l’art “in situ” en pleine nature ?
Alors ce sentier va vous surprendre. Partez à la découverte de cette galerie artistique en plein air, de nombreuses créations réalisées à partir d’éléments naturels vous y attendent toutes saisons !";;0/08/13-08f8df31-ba1d-3244-ade0-9c865be96e72.json
Site d’escalade des Gillardes;Autres points d'intérêt;De par l'ampleur de la face, ces falaises s'adressent à des grimpeurs confirmés et habitués aux grandes voies. Le rocher est bien meilleur que ne laisse paraître son aspect vu de loin.;;0/08/13-08f966f0-5111-3fba-a0de-3356816aac80.json
Piste de Roller et skate board;Sports et activités outdoor;Aire de jeux composée de 4 modules : un lanceur, un fun box, un muret trois pentes et un rail.;;0/08/13-08fb18f5-445c-3ba1-bd15-f64738c5f9c3.json
Pizza Dei Fratelli;Autres points d'intérêt;Pizza Dei Fratelli vous propose à la vente  à emporter des pizzas artisanales.;;0/08/13-08fe8e14-3cd7-3809-8c35-2bed485381d4.json
L'Assiette du Vin;Shopping et artisanat;Situé au cœur de la Croix-Rousse, ce lieu discret, avec sa charmante terrasse en été, est une adresse incontournable lyonnaise où excelle un Chef Toques Blanches, Patrice Chénet.;;0/09/13-0904b041-ca3d-3e59-b72c-f7a3fc45a38c.json
Restaurant la Gentiane;Restauration et gastronomie;Le restaurant La Gentiane vous accueille dans une ambiance montagnarde et conviviale.;;0/09/13-09060ad4-4d57-3411-9e78-7234b532c027.json
Hôtel & Spa Arcadien;Hébergement;Un hôtel 3 étoiles à l’esprit montagnard/contemporain idéalement situé à Arc 1600, parfait pour vivre votre aventure dans notre station, au cœur de Paradiski. L’Arcadien c’est l’esprit des Arcs et son terrain de jeu : Friendly, fun et familial.;;0/09/13-0906b083-dee3-3e3c-a1a0-13d5e43e152e.json
Parcours thématique Lumbin;Nature et détente;A travers ce parcours patrimoine, vous découvrirez, les lieux de mémoire du village ou les sites pittoresques en 11 étapes.;;0/09/13-09093074-4dcc-38bd-be78-b14fa0689da8.json
Café de la Table Ronde;Restauration et gastronomie;Le Café de la Table Ronde, fondé en 1739, un des plus vieux cafés littéraires de France, après le Procope à Paris. Découvrez des délicieuses spécialités régionales et traditionnelles;;0/09/13-0909688c-a81d-36e7-b3f2-d95ba802122c.json
Le Plan B;Autres points d'intérêt;Notre hôtel*** vous propose 9 chambres rénovées, un restaurant et une grande piscine. Au coeur de l'Ardèche méridionale, nous sommes idéalement situé pour répondre à toutes vos envies touristiques !;;0/09/13-090a2c72-038f-3239-bc93-4d1c5ec4dbb7.json
L'Originalithé;Autres points d'intérêt;"Cuisine maison, végétale, gustative, produits frais, locaux !
Plaisir pour les yeux et les papilles, dans un cadre cosy et chaleureux. 
Laissez-vous tenter par cette expérience ! Vous pourriez être surpris !!!";;0/09/13-090a8d3a-2b9f-305e-ae9f-19cbf63550f6.json
Restaurant Albert;Restauration et gastronomie;Cuisine traditionnelle semi-gastronomique, ambiance chaleureuse et conviviale.;;0/09/13-090ba651-7c75-3e05-beb0-61d816194527.json
Les Appartements de l'Heliopic Hotel & Spa;Hébergement;A proximité directe de l’Heliopic Hotel & Spa****, nos 4 appartements vous accueillent pour un séjour Montagne Rétro-Chic d'exception.;;0/09/13-090bb8d1-c1da-361f-9b86-c1bfeb6d5a1c.json
Hôtel Le Madame;Hébergement;"Hôtel situé en plein cœur de la Vallée du Haut-Bréda, dans le Massif de Belledonne.
Le Madame, hôtel de charme, est un appel à la déconnexion grâce à sa localisation et la vue imprenable sur les montagnes.
Nouveau : Spa & Bien-être dès décembre 2025.";;0/09/13-090c6e18-f468-3421-b5c5-f9dca5ef2012.json
Equi'libre;Autres points d'intérêt;Aux portes de la forêt de Grosbois, sur un domaine de 26 hectares, centre équestre.;;0/09/13-090ccdc3-e098-31cb-a127-8baf546b57d7.json
Km Vertical;Autres points d'intérêt;"Ce kilomètre vertical de 3.79 km, vous propose un incroyable dénivelé au départ de St Pierre de Chartreuse. Ce parcours ""RACE"" colle au plus près de la définition du kilomètre vertical (1000m de dénivelé sur la plus courte distance).";;0/09/13-090ce8ef-8080-3fa7-8487-7bdded07956e.json
Spectacle de rapaces;Spectacles et événements;"Nicolas, fauconnier passionné, vous invite à travers une démonstration d’oiseaux en vols libres à découvrir la Fauconnerie ; une discipline classée au patrimoine immatériel de l’humanité par l’UNESCO depuis 2010.";;0/09/13-090cfaef-d1c4-3ccb-a237-7ee151ec7bac.json
Koyal;Autres points d'intérêt;Pâtes fraîches maison, salades gourmandes.;;0/09/13-090dae6f-214c-32ed-a03e-2120ae6d7d6f.json
Grand Serre Evasion;Autres points d'intérêt;"Accompagnateur en montagne.
Guide de canyon et moniteur de VTT.";;0/09/13-090f6a8e-e204-39dd-8543-52dc6821bf87.json
Aire Camping-Cars A7 Saint Rambert d'Albon Ouest;Hébergement;Aire de services gratuite sur Autoroute. Services de vidanges, eau potable, WC publics.;;0/09/13-090ffea4-baf9-3f27-9a34-affcd9421379.json
Chambres d'hôtes Le Château Besson;Culture et patrimoine;Situées à 10 minutes du centre ville de Montluçon. Vous serez accueilli par Lynda, la propriétaire de cette ancienne maison de vigneron. Le petit déjeuner est en grande partie fait maison avec des produits locaux et essentiellement bio.;;0/09/13-0912cfaf-996c-3507-8751-a42b45484f06.json
Grotte Chauvet 2 - Ardèche;Nature et détente;Découvrez le premier grand chef d'œuvre de l'humanité, daté d'il y a 36.000 ans. Dans un parc boisé de 15 hectares, la grotte Chauvet 2 - Ardèche, plus grande réplique de cavité au monde, restitue la magie de la grotte Chauvet, inscrite à l’UNESCO.;;0/09/13-0913262a-79e8-3b5b-9ca4-5ee859ebea43.json
Le Grand Cry;Autres points d'intérêt;Vacances de Noël : Vente à emporter en Click & Collect (crêpes, croque monsieur, boissons chaudes, snacks salés et sucrés, etc).;;0/09/13-091405fa-4751-3bf1-9f57-cad33a1ce083.json
Collégiale Saint-Genès;Autres points d'intérêt;L’église, mise en lumière la nuit, se trouve au cœur du quartier médiéval, dans la ville haute.;;0/09/13-09151a89-8ba6-30f4-be0d-8983c7e05e15.json
Centre équestre le Relais du Diois;Sports et activités outdoor;Venez profiter des paysages Diois avec une cavalerie expérimentée et un encadrement diplômé.;;0/09/13-0915948a-7b25-30de-9b56-cc08983df92b.json
Spa Montagnes du Monde;Autres points d'intérêt;Découvrez le Spa Montagnes du Monde, un véritable cocon mêlant authenticité et modernité au sein de la résidence MGM, où chaque instant est pensé pour vous offrir une détente incomparable.;;0/09/13-09160e75-02b6-3a5f-aa29-15fd02e1643e.json
Circuit Livradois-Forez - Route des Châteaux d'Auvergne;Nature et détente;"Au cœur de l'Europe, l'Auvergne est le pays des châteaux ! Profitez du circuit ""Livradois-Forez"" pour découvrir une partie de La Route Historique des Châteaux d'Auvergne.";;0/09/13-0916ca34-fed6-348c-9d1b-65571b27653b.json
"Escape Game ""La Faille""";Autres points d'intérêt;L'Ecole d'horlogerie de Cluses est victime d'un odieux sabotage: l'une des horloges a été trafiquée, provoquant une faille spatio-temporelle !;;0/09/13-091746fb-6fc4-3a16-a164-278f98f72b1b.json
Isabelle Bourrin Educatrice Sportive Sport Santé;Sports et activités outdoor;Séances de Pilates santé, sol et machines, et massages sportifs.;;0/09/13-091766a1-6974-3b4b-914c-65bc79ff1408.json
Hameau Le Noyeray;Autres points d'intérêt;Depuis Séez, en empruntant la route en direction de La Rosière, vous apercevrez en contrebas un hameau qui vaut la peine de faire une halte, notamment pour découvrir sa chapelle et les peintures de M. Boissard. ;;0/09/13-091808e3-6734-36fd-b496-45ece75cfb09.json
Au Thym et à l’Ail;Autres points d'intérêt;Cuisine Bistro-Bouchon copieuse et conviviale.;;0/09/13-0918b013-0ca2-3390-bc7b-72686070d6e5.json
Pizzeria la Mamma;Restauration et gastronomie;Venez découvrir la saveur de nos 37 pizzas façonnées à la main, dans le respect des traditions avec une pâte faîte maison, moelleuse et croustillante.;;0/09/13-09196f78-66e5-373b-bede-d7f56a8b0c21.json
Paintball & Games;Sports et activités outdoor;"Notre parc propose du paintball adapté aux adultes et aux adolescents à partir de 12 ans ainsi qu'aux enfants dès 7 ans.  Nous proposons également du tir à l'arc et du babyfoot humain. 
Nos forfaits inclus le prêt de matériel + l'encadrement + animation";;0/09/13-091d9798-071b-3d61-a59a-cce76733a6b8.json
Camping le Pousadou;Hébergement;Camping de 52 emplacements à Casteljau au bord de la rivière Le Chassezac, disposant de sanitaires individuels sur chaque emplacement. Nous offrons de grands emplacements ombragés dans un site naturel préservé, sans animations.;;0/09/13-091dbea6-4856-360a-8439-0051118d8df4.json
Restaurant du Camping du Viaduc des Fades;Hébergement;De mai à septembre, notre restaurant vous offre un service midi et soir en extérieur, ou intérieur, ou à emporter (selon cartes et la saison). Choisissez votre repas parmi un large choix de pizzas, de plats, de salades composées.;;0/09/13-0920eb37-2c73-3a12-b161-cfa12f9e14c0.json
Hôtel-Restaurant le Logis des Voyageurs;Hébergement;Situé entre Valence et Montélimar, sur la route du Sud, l'hôtel le Logis des Voyageurs vous convie à faire une étape gourmande ou à séjourner dans l’une de ses chambres avec tout le confort nécessaire.;;0/09/13-0921c179-447f-3ca0-b425-e3885c04c185.json
Centre de Vacances Le Vabre;Autres points d'intérêt;Découvrez le Centre de Vacance Le Vabre à Boulc ! Idéal pour les colonies de vacances, ce lieu promet aventures et souvenirs inoubliables pour vos enfants en pleine nature.;;0/09/13-0922fab9-a877-3d86-b23b-a16757599008.json
Site d'escalade - Rocher de Pouilly et Superpouilly;Autres points d'intérêt;C'est une des plus anciennes falaises de la Haute-Savoie. On y trouve un secteur spécifique dédié aux enfants et une partie réservée aux grimpeurs aguerris.;;0/09/13-092308f1-4c52-3747-8f53-c56373d158f4.json
Sentier patrimonial de Saint-Quentin-sur-Isère;Nature et détente;Ce circuit patrimonial et paysager parcourt les sites remarquables de Saint-Quentin-sur-Isère. Sites qui ont fait l’objet d’études et de publications par l'association Sauvegarde du Patrimoine et des Informations d'Autrefois de 2015 à 2021.;;0/09/13-0926671d-ad12-3423-869f-c4fedbc80dfa.json
Parcours rando-jeux avec Grillet Sport;Sports et activités outdoor;4 parcours différents, permanents et gratuits. Randonnées faciles, à faire en famille ou en groupe pour une approche de la montagne tout en plaisir. Venez prendre au magasin les indications des parcours.;;0/09/13-0926dc06-9ff7-32de-84f2-554e17e6bdcb.json
N°19 Au fil de la soie;Autres points d'intérêt;Parcours en dents de scie du début à la fin mais c’est ce qui en fait son intérêt. Prenez le temps d’aller observer vers Mussy le petit chaos granitique tant connu des alentours appelé « Les Pierres Folles »;;0/09/13-09299de6-2a23-37bf-9ec5-792cdf37533a.json
Église Notre Dame de l'Assomption;Culture et patrimoine;Cette église est composée d’une seule nef éclairée par trois vitraux de forme ogivale. Elle abrite une statue de la Vierge en bois peint mesurant 20 cm. La légende prétend qu’elle aurait été trouvée miraculeusement dans le cœur d’un chêne par des scieurs.;;0/09/13-092bbc58-165e-3abf-a6c2-d3c63a6f9678.json
Salle des Fêtes La Grange du chateau;Culture et patrimoine;"Fermée actuellement pour travaux.
Salle louée UNIQUEMENT aux associations de Roche la Molière.
Capacité environ 90 personnes assises";;0/09/13-092c2ff5-79f3-3c5b-b8da-25a727966ecb.json
Exposition Amandine GURUCEAGA - Biennale Artocène;Culture et patrimoine;Du 28 juin au 14 sept, à Saint-Gervais la Biennale d’art contemporain Artocène présente sa 4e édition. Intitulée Corps augmentés, cette édition rassemble 12 artistes s’intéressant à l’évolution du corps, de la science et de la technologie.;;0/09/13-092ce14d-3cf9-342e-941b-8c1c2c7cc2d2.json
Restaurant Le Temple du Fromage;Restauration et gastronomie;Ouvert tous les jours, dégustez les spécialités savoyardes à base de fromages : Fondue Savoyarde, Raclette, Berthoud ou Tartiflette. Cadre intérieur magnifique ou terrasse vue lac. Musée rénové sur les techniques de fabrication du fromage à l'ancienne.;;0/09/13-092d2c38-4f5a-3a46-a949-c3def98963f4.json
Abbaye de La Rochette;Culture et patrimoine;Lieu d'écoute et de ressourcement, l'abbaye de la Rochette abrite une communauté de moniales bénédictines intégrant le travail à la prière. L'église abrite à la fois une charpente du XVIIIè siècle, et des baies vitrées ouvrant sur le parc et la nature.;;0/09/13-092d830b-8843-3b33-9d97-0bae2dd2ab6d.json
Une virée au pays de Montluçon;Autres points d'intérêt;C’est à Montluçon sur les rives du Cher que vous prenez le départ de cette escapade assez vallonnée de 88 kilomètres pour 532 mètres de dénivelé.;;0/09/13-092eb809-4172-3546-b9e6-3cda90ceb6d3.json
Médiathèque d'Echalas;Culture et patrimoine;Vous serez accueillis par une équipe de bénévoles qui mettra tout en oeuvre pour vous permettre de trouver le document ou l'information qui correspond le mieux à votre demande.;;0/09/13-092ebd6e-652c-38fa-b199-a0357d5855de.json
Village typique d'Orcières;Autres points d'intérêt;Orcières est un enchevêtrement de toits de Lauze et d’ardoises qui couvrent de vieilles bâtisses, faites de pierre basaltiques.;;0/09/13-092f4b46-0e3a-3df7-940a-226e124ab28a.json
Yaute Rafting Aventure;Sports et activités outdoor;Explorez la vallée du Giffre à travers les magnifiques Gorges des Tines avec des spécialistes du rafting en eau vive qui prennent leur temps de partager des moments inoubliables.;;0/09/13-0932c5bf-a872-353b-a318-13f2e030dfb7.json
Four du Vuache;Autres points d'intérêt;Déjà signalée en 1439 dans l'histoire de la région, la production de charbon de bois se répand au 18ème et 19ème siècle. Lors de la seconde guerre mondiale un nouveau procédé utilisait des marmites de tôles épaisses et sans fond appelées fours.;;0/09/13-09360068-6fb4-363b-b1d1-7f14db12993b.json
Parcours pêche « Prendre et relâcher » sur la Leysse et l’Albanne dans Chambéry;Sports et activités outdoor;Ce parcours urbain est très facile d'accès et repeuplé régulièrement en truite arc-en-ciel pour le plus grand plaisir des pêcheurs.;;0/09/13-0936d4d8-4df9-3352-8558-e94d5c98fe43.json
Grand Café du Commerce;Restauration et gastronomie;Le Grand Café du Commerce est une petite brasserie lyonnaise, agrémentée d’une terrasse située sur la rue Saint-Pierre de Vaise.;;0/09/13-0937f740-147f-3fd6-be0f-cb8cc4baabbd.json
Musée de la Radio et des communications;Culture et patrimoine;"Le musée propose une collection ""radio"" qui met en valeur l'évolution technologique de la radio et des communications en Auvergne.";;0/09/13-09389230-fc76-3e43-ace5-231089fcf91b.json
Hôtel La Vanoise;Hébergement;A l’occasion d’un séjour en nuitée, week-end ou semaine, nous vous invitons à venir découvrir un petit coin de paradis dans les Alpes, à Bessans. Vous serez séduit par notre hébergement montagnard, au calme et au cœur du Parc de la Vanoise.;;0/09/13-093c07ef-4319-391a-847d-522ff9372d1a.json
Abbaye Notre-Dame d'Aiguebelle;Culture et patrimoine;Le monastère, fondé par l'ordre de Cîteaux en 1137, est établi dans un vallon solitaire, entouré de montagnes boisées, fidèle en cela à la règle de Saint Benoît qui prônait le silence et le retrait du monde.;;0/09/13-093f38a8-0530-34e1-89f5-3a940884f293.json
Marché de Saint-Nectaire;Spectacles et événements;Marché traditionnel avec produits du terroir.;;0/09/13-094200c4-9513-362e-8108-e2c72169a808.json
Cours d'Oenologie dans la boutique du Château de la Chaize;Culture et patrimoine;Bienvenue dans l'univers du Château de La Chaize ! (Re)découvrez nos cuvées et leurs histoires singulières et vivez une expérience unique à travers nos ateliers de dégustation et d'assemblage, au cœur de la Presqu'île de Lyon dans notre boutique lyonnaise;;0/09/13-09426bf3-7181-3bd2-9bac-eb846f444466.json
Marché hebdomadaire;Spectacles et événements;Marché bio, épicerie itinérante.;;0/09/13-0943c1a2-37b6-35f8-8af9-3529228dce9f.json
Musée des Costumes, Arts et Traditions Populaires;Culture et patrimoine;Dans l'enceinte prestigieuse de l’ancien palais épiscopal vous découvrirez une collection exceptionnelle de costumes mauriennais. Le Musée présente également des outils et des ustensiles de la vie courante d'autrefois.;;0/09/13-09456a96-f950-35ab-bc1a-4a7e02c2f4cc.json
La Table Saint-Martin;Restauration et gastronomie;Dans un cadre sobre et détendu, venez découvrir notre cuisine semi-gastronomique élaborée avec des mets de producteurs des environs.;;0/09/13-0946f581-7b2f-384a-9a32-d0c8e745c4d9.json
Eglise Saint Barthélémy;Culture et patrimoine;Eglise à plan en croix latine à chevet plat, dont la nef romane comporte deux travées à berceau en doubleau. Le choeur a été revoûté au 16e siècle.;;0/09/13-0947b5f2-11b8-3319-ada7-24c91ff1a3d2.json
The Spa by Hilton Evian-les-bains;Autres points d'intérêt;Nos rituels de soins personnalisés et inspirés de la tradition indienne Ayurveda vous invitent à un voyage sensoriel unique pour retrouver harmonie et bien-être du corps et de l'esprit.;;0/09/13-094802c9-e2d9-330e-b2b9-1505759466e7.json
Château de Beaumont;Culture et patrimoine;"Visible de la route D54.
C’est sur l’emplacement d’un château médiéval dont il ne reste qu’une tour qu’il a été construit en 1740.";;0/09/13-0949b13f-d7ba-3a4c-8aa4-93dc8c452f94.json
Pequeña tapa;Autres points d'intérêt;Bar à tapas espagnol et basque;;0/09/13-094a1607-07b2-3055-bf2f-a55fd2152649.json
Restaurant Pizzeria Le Cosy;Restauration et gastronomie;"Restaurant Traditionnel et Pizzeria
Vente à emporter (pizza) + plat sur commande";;0/09/13-094a58a5-3764-30ad-a699-3e15a829394a.json
Square Bernard Bosson;Autres points d'intérêt;Le square Bernard Bosson, anciennement square de l'Évêché, est un espace vert paisible au cœur d'Annecy. Il offre des allées ombragées, des jardins soignés et un parc de jeux pour enfants, en faisant un lieu de détente et de loisirs pour les familles.;;0/09/13-094a785e-2d14-30a9-a45e-c31793220eb6.json
Bar des Sports - Chez Patty;Restauration et gastronomie;Bar-tabac. Terrasse.;;0/09/13-094b85fe-7073-387b-b7d9-ab485c30803c.json
Musée des traditions vigneronnes;Culture et patrimoine;Le Musée des Traditions Vigneronnes regroupe une des plus grandes et belles collections d'outils anciens (plus de 1300) et d'objets liés au travail de la vigne et du vin. Tout au long de 3 salles, ce musée fait revivre des arts millénaires.;;0/09/13-094c1d5a-3421-33b8-a915-d3b7a702a037.json
Centre Equestre des Monts d'Or;Sports et activités outdoor;Situé au pied des Monts d'Or, entre Lyon et Villefranche sur Saône, le centre équestre des Monts d'Or vous accueille dans une structure récentre et labellisée.;;0/09/13-094f9c16-6e99-32a7-96fc-8244bc83011d.json
Massages bien-être La Main Heureuse - Espace Barral;Autres points d'intérêt;La Main Heureuse, s'offrir un moment de soin et de détente, recevoir grâce à différentes techniques et pratiques manuelles de la détente et du bien-être. Sur rendez-vous.;;0/09/13-09536bb0-df0b-3b53-8171-93431e082a58.json
Hôtel-Restaurant Le Chris'tel;Hébergement;Le CIT'HOTEL CHRIS'TEL *** est situé à 300 m du centre ville, tout près du jardin Henri Vinay et du musée Crozatier et à 1,5 km de la gare SNCF. En groupe, en famille ou dans le cadre de vos affaires, notre équipe sera ravie de vous recevoir.;;0/09/13-0953b967-57f4-33c3-999b-131530b49038.json
Taxis officiels de Valence;Autres points d'intérêt;"9 véhicules climatisés. Liaisons aéroports. Disponibles 24h/24h et 7 jours / 7 jours.
Déplacements toutes distances";;0/09/13-0956be38-2e84-33ad-a2a0-dcbff0cac62a.json
Escale Verticale;Autres points d'intérêt;Landry vous propose des activités encadrées tel que la via ferrata, le canyoning et l'escalade. Des itinéraires variés, ludiques et adaptés vous permettront de vivre l'aventure en plein coeur du Cantal et découvrir des lieux et des points de vue magique.;;0/09/13-09574fd4-d2b7-34c5-9f2d-965f184f7c70.json
Concert : RWB (Pop rock soul) - Le Parc Festival 2025;Spectacles et événements;Le PARC Festival c'est 8 concerts : Pop Rock Folk Funk et Soul mais aussi des soirées Blind Test & Karaokés Géants prévues au cœur de nos terrasses au PARC SAINT PAUL !;;0/09/13-09592a6e-901b-30e4-a1ec-cda6cbeab4b1.json
Gîte d'étape Refuge d'Archiane;Hébergement;Situé au coeur du hameau d'Archiane au pied des falaises du Jardin du Roi, le refuge vous propose des chambres de 4 à 6 places et une cuisine du terroir. Activités : rando, escalade, spéléo, eau vive.;;0/09/13-09598afd-ded8-3c4c-b726-987d0c9065f0.json
D'Joss Bar;Restauration et gastronomie;"Jocelyne et Denis BEL vous accueillent au D’JOSS BAR, dans l’arcade commerciale de la Commune, située Rue de la Mairie.
Ce commerce est un lieu de rencontre et de convivialité proposant un service de bar, de restauration et de dépôt de pain.";;0/09/13-095a5489-ac43-3100-b283-e30588917ac9.json
Chateau d'Aurec-sur-Loire;Culture et patrimoine;"Plongez au cœur de l'expérience numérique du château d'Aurec pour percer les secrets de son histoire avec le spectacle "" La Vie de Château"".
Des activités interactives et immersive vous conteront l'histoire du lieu";;0/09/13-095aef21-fefd-35d1-9760-ba6ff07a4222.json
Restaurant le Carouge;Restauration et gastronomie;"Un lieu convivial où il fait bon vivre en famille ou entre amis, une cuisine fraîche maison et locale. Vue entre lac et montagnes, sur une grande terrasse ombragée

Notre slogan: restaurant, bar, guinguette pour la famille et les amis !";;0/09/13-095dd4ba-da67-3044-ae3d-6d693dfccf45.json
Auberge de Valdrôme;Hébergement;Dans le Haut-Diois, Valdrôme se situe dans un environnement montagnard où les sommets côtoient les champs de lavande. C’est aussi le charme d’un village perché sur un éperon rocheux à 800 m d’altitude, un des ciels étoilés le plus préservé de France.;;0/09/13-095f2ff6-5b69-3b45-a5a8-22fd38ebad78.json
La Table des SAJ;Restauration et gastronomie;"Bistronomie française, créative et conviviale. Situé au cœur de Saint-Désirat, notre table mêle le raffinement de la gastronomie à l’esprit décontracté du bistrot.
Produits frais, cuisine de saison, et une carte qui évolue au rythme des inspirations.";;0/09/13-09602413-263d-367a-b411-b5cbcebcbadc.json
Sentier pédestre Envirhôna;Nature et détente;"Idéale pour les sorties en famille, cette balade facile de 3,5km vous invite à découvrir le Rhône sauvage dans son plus bel écrin.
Ce fleuve a façonné des paysages et des milieux typiques, des milieux humides où se côtoient îles, forêts alluviales, lônes.";;0/09/13-096031e9-e610-3b27-94ad-5097ec15135e.json
L'hôtel Gayand;Hébergement;Très remaniée au XIème siècle, la cour présente plusieurs petites sculptures sur différents culots soutenant les croisées d’ogive de la galerie ou les larmiers des fenêtres à meneaux.;;0/09/13-09604c68-bfa7-3e99-b0b0-0c967e64747e.json
Centre vélo / Natura Vélo;Sports et activités outdoor;Se faire plaisir à vélo, c'est le programme avec Natura Vélo, sur les plus beaux circuits du Lac de Paladru et du Pays Voironnais, en autonomie ou avec des moniteurs diplômés, et avec du matériel de qualité, à votre rythme en toute convivialité.;;0/09/13-09650bdf-ce22-3e45-8e3d-0794f4e90500.json
Restaurant Leo-Paul;Restauration et gastronomie;Dans un cadre élégant de style Belle Epoque, succombez aux plaisirs de la cuisine gourmande  et raffinée de Nancia ANDRIANTSALAMA. La promesse d’un voyage gastronomique savoureux et généreux.;;0/09/13-0965647a-7926-3f84-ba3b-9b62eebe6509.json
La Comédie de Saint-Etienne;Autres points d'intérêt;La Comédie est une fabrique de théâtre partagé, une maison des cultures vivantes et un centre de formation unique en France. Vous pourez y découvrir du théâtre contemporain et des spectacles plus intimistes, en passant par des classiques du répertoire.;;0/09/13-09674545-a86a-3839-983e-a7d615c67552.json
Auverfun;Autres points d'intérêt;Passionné de nature, de balade en forêt et souhaitant montrer une autre facette de l'Auvergne, j'ai créé Auverfun pour proposer une nouvelle manière de (re)découvrir la région grâce à des balades 100% électriques et respectueuses de l'environnement.;;0/09/13-0967acae-ca29-3cc6-b4df-c388b2ff0633.json
Cinéma Le Clos;Culture et patrimoine;Le cinéma le Clos propose une programmation toute l'année dans une salle confortable située au cœur du village.;;0/09/13-09692419-957c-39c9-b571-ddf5bac70a75.json
Ace Hôtel;Hébergement;Hôtel économique nouvelle génération, doté de 73 chambres tout confort avec lit XXL, chambres de 17 à 22 m² qui vous garantissent tout l'espace dont vous aurez besoin. Plus grand, plus confortable, simplement plus généreux !;;0/09/13-0969f95a-458f-323a-9675-9fe310d7c844.json
Itinéraire de ski de randonnée Happy Valley;Sports et activités outdoor;A l’arrivée du télésiège de Pré la Joux, l’itinéraire démarre pile en face quelques mètres plus loin droit devant. Il remonte la combe que l’on surnomme Happy Valley sur presque 2km.;;0/09/13-096ac096-2c5f-3f05-ad30-e473e1b9c1fa.json
Stade de la Culture;Autres points d'intérêt;A_GENERER_VIA_IA;;0/09/13-096c6d57-2b99-3bae-9bfd-8717863d2dc2.json
Activités de pleine nature aux Pays de Saint-Flour;Autres points d'intérêt;"Randonnées et animations sportives accompagnées dans le Parc naturel régional des Volcans d'Auvergne. 
Frédéric Béranger, véritable passionné et guide de montagne, vous invite à mieux connaître la montagne cantalienne et ses habitants.";;0/09/13-096dd981-5983-3ef2-8288-4f3c71cf4fd0.json
Eglise Saint-Pierre et Saint-Paul de Bredons;Culture et patrimoine;"Site rattaché à la fédération des sites clunisiens. Classée aux Monuments Historiques depuis 1840.
Eglise fortifiée possédant un des plus beaux porches de style roman. Elle est dotée de stalles en boiseries de grande qualité à l'influence italienne.";;0/09/13-096f0381-4922-331f-94a4-6054d8a3ba95.json
Bar-Snack | Les 3 rivières;Restauration et gastronomie;Le Bar-Snack des 3 Rivières ouvre pour la saison estivale et propose un service restauration les midis avec un plat du jour différent tous les jours et le soir sur réservation. Samedi midi, moules-frites!;;0/09/13-0971e13e-4441-3cf2-86d7-40558b255c6a.json
Le Bouc Blanc;Autres points d'intérêt;A 2000 mètres d'altitude, Le Bouc Blanc déploie sa magnifique terrasse. Une halte ensoleillée idéale pour déguster une savoureuse cuisine traditionnelle et savoyarde le midi ou un petit déjeuner avec vue dans une très belle salle rénovée et redécorée !;;0/09/13-097607f0-8491-3db4-8aa5-cdac12e79aa3.json
Restaurant La Fabuleuse Cantine;Restauration et gastronomie;Dans le quartier créatif Manufacture (l’ancienne Manufacture d’armes), le bâti reprend vie après quelques années de friches et devient un cadre anticonformiste : La Fabuleuse cantine !;;0/09/13-0977335b-37df-30e3-acd8-35b5c22a7684.json
Piste cyclable d'altitude Val Thorens;Autres points d'intérêt;Itinéraire cyclable qui permet de relier Les Menuires à Val Thorens en sécurité via une piste exclusivement réservée aux vélos. Long de 12 km, l'itinéraire propose de magnifiques vues sur la Vallée des Belleville.;;0/09/13-0977e37b-34b5-380e-ab0b-5538d982855b.json
Refuge des Narces;Autres points d'intérêt;En pleine nature, ressourcez vous et bénéficiez de nombreuses activités au pied du refuge été comme hiver (randonnées à pied, raquettes, ski nordique, VTT, escalade, spéléologie, parcours ludiques etc).;;0/09/13-09787116-8938-3a04-9ffa-6d178a43bc0c.json
Restaurant de la grotte des Tunnels;Restauration et gastronomie;Restaurant de grilades et produits locaux.;;0/09/13-097ccb94-eb21-327a-a08b-75c94403166f.json
Hôtel le Châtel;Hébergement;Face au parc thermal,exposition plein sud et à 50 m de Royatonic, cet hôtel de charme vous accueille dans une ambiance chaleureuse et conviviale.;;0/09/13-097d543b-2580-37c2-aaa6-ab1b4e70e856.json
Le Saint Romain;Autres points d'intérêt;L’esprit du St Romain, c’est une table bien dressée dans un cadre chaleureux. Variant au gré des saisons, nous réalisons une cuisine où l’imagination et le savoir-faire font merveille.;;0/09/13-097e6b1e-9825-3d37-8051-ea4a3f13c9f0.json
Espace Nordique quatre saisons - Domaine de Chamechaude;Autres points d'intérêt;À 30 min de Grenoble, un équipement disponible toute l'année pour le ski et le biathlon.;;0/09/13-0984331d-cebd-3ed5-94af-019eea369718.json
Fresques et murs peints - Baleine dentée de MattB;Autres points d'intérêt;Matt.B, de son vrai nom Matthieu Belleville, est un artiste plasticien français né en 1977 à Aix-les-Bains. Il crée cette fresque lors du Woua'Art Festival en 2022.;;0/09/13-0986bb20-a40d-3b4d-8e2b-e9532f18c28f.json
Village-Club Miléade;Autres points d'intérêt;Le Village-Club*** Miléade de Val Cenis vous accueille au pied des pistes, à 100 m des remontées mécaniques et à 250 m du centre de Lanslevillard.;;0/09/13-098b32a4-956c-3380-b231-c583a764909a.json
Grain D'Pain des Bons Enfants;Autres points d'intérêt;"Graind'Pain Guillot est une marque de Boulangerie pâtisserie, viennoiserie dont les magasins sont situés à Bourg-en-Bresse dans l'Ain.
Spécialités :
- Tartes bressanes à la crème de Bresse AOP
- Baguette de Tradition Française
- Pavé Bio";;0/09/13-098b611f-2299-3a53-ac13-c98507479abb.json
Rosière - L'Etang Gourmand;Nature et détente;"Toute l’équipe de Rosière se met à votre service pour vous faire passer un moment agréable autour d’un délicieux repas !
Aux beaux jours, profitez de sa terrasse agréable au bord de l'étang de Rosière.";;0/09/13-098c17ac-a084-3759-b718-7abe045749c9.json
Marché le vendredi en soirée;Spectacles et événements;Produits locaux tels que fruits et légumes, divers fromages, viandes, charcuterie, poulets rôtis, bières artisanales, miel, spécialités portugaises, pralines... Et d'autres artisans viendront ponctuellement encore enrichir cette offre !;;0/09/13-098da58e-1eb6-3afe-8c68-7d6df0dbb6e6.json
Les Terrasses de Lyon *;Autres points d'intérêt;Situé sur les hauteurs de la colline de Fourvière, « Les Terrasses de Lyon », restaurant de La Villa Florentine est orchestré par le Chef John Leon.;;0/09/13-098ecda5-048d-3797-b1cb-ae49b8bd8436.json
Ecuries Fabrice Gellet;Autres points d'intérêt;Fabrice accueille vos chevaux et poneys, du débourrage à la compétition (concours hippiques). Des pensions à la carte vous sont proposées pour satisfaire vos besoins, vos objectifs et privilégier la qualité des relations humaines.;;0/09/13-0993e571-2b36-3225-a771-feca147d18cd.json
Pointe noire de Pormenaz au départ de Plaine-Joux;Autres points d'intérêt;Un prolongement à la balade du Lac de Pormenaz pour bénéficier d'un superbe panorama !;;0/09/13-09946a45-a853-354e-9025-2418aab6a512.json
Le 145 Beef N' Beer;Autres points d'intérêt;Thomas et Maxime vous proposent une cuisine autour du circuit court durant toute l'année. Cuisine fait maison. Midi carte traditionnelle et le soir ambiance apéro dinatoire, plats et planches à partager. Large choix de bières et cocktails.;;0/09/13-0996138d-24bc-3030-8652-2564a36fee2b.json
Festival de magie - KEVIN MICOUD - Auditorium Gilles de la Rocque;Spectacles et événements;Un spectacle de Mentalisme d'un nouveau genre, une revisite totale de la discipline par KEVIN MICOUD.;;0/09/13-09961542-5faa-32a9-bc98-10ea33b24c54.json
Arvan VTT / Montagne;Sports et activités outdoor;Moniteur de VTT diplômé d'Etat  et  accompagnateurs Arvan VTT/Montagne.;;0/09/13-09968f07-6ecf-3f96-9911-c7c1546040c9.json
Terrains multisports;Autres points d'intérêt;Des tournois sont organisés et encadrés par un coach sportif tout au long de la semaine (voir programme d'animations). Possibilité de foot, basket, volley, beach volley, badminton, pétanque, table de ping-pong.;;0/09/13-0996acdd-11da-3c45-8be4-be93baeea3e8.json
Eglise Saint-Martin;Culture et patrimoine;Un beau monument presque intégralement roman. On refit la vôute de la nef et le clocher en 1805. Porche-auvent en bois qui protège un remarquable portail.;;0/09/13-0997d243-6f61-304a-8425-5ecdc720856e.json
Camping Municipal Beausoleil;Hébergement;Camping Municipal Beausoleil**, calme, verdoyant, à la campagne. Équipé d'une piscine climatisée et surveillée ouverte de juin à fin août. Proche des commerces, du tennis et du mini-golf, 5 chalets dont 1 PMR, 1 tente lodge. City stade et paddle.;;0/09/13-0997d43f-6382-3203-b1aa-a7f5446b6b7d.json
Vide-grenier;Autres points d'intérêt;Vide-grenier dans le cadre de la fête d'été de Grèzes.;;0/09/13-0998c12d-37ee-3236-b7ca-107101dee3b6.json
Circuit pédestre Espace naturel sensible : Le circuit moyen de Pierre Châtel;Nature et détente;A_GENERER_VIA_IA;;0/09/13-099c7fcb-4d82-3ec2-ac86-bf52d013c6d1.json
Escapade italienne - Turin et Suse;Autres points d'intérêt;Partez en car sur une journée visiter librement Turin et Suse. Découvrez la capitale piémontaise connue pour son marché de la Porta Palazzo, son style baroque, ses places et musées… Au retour, vous pourrez conclure votre shopping lors d'un arrêt à Suse.;;0/09/13-099d0826-5981-3544-8068-66582c170760.json
Les Trésoms - Lake And Spa Resort;Hébergement;Vous avez trouvé votre adresse d’exception, à l’abri de l’effervescence de la ville, pour une expérience au cœur de la nature, dans un établissement ou charme et luxe s’associent à un véritable engagement environnemental.;;0/09/13-099d97ba-9789-303c-850c-11e9bca913d6.json
La Guinguette du Port;Services et activités encadrées;Restauration conviviale dans une grande salle climatisée avec une magnifique vue sur la Saône. Venez déguster nos spécialités :  friture d'ablettes, bréchets de poulet ou fricassée de grenouilles.;;0/09/13-099f3cef-e296-3d72-abdb-53d21e823754.json
Tente Lodge Les 12 Cols;Autres points d'intérêt;"Retour à la nature, tendance Glamping !
Profitez des plaisirs d’un séjour sous toile de tente avec tout le confort d’un hébergement.
Au grand Air, Vivez le camping en hébergement tout confort, tente avec salle de bain";;0/09/13-09a27525-d0de-3b6f-a393-7cd905813fe0.json
Spectacle: Grease is the word;Spectacles et événements;L'histoire prend place en 1959 à la Rydell High School, située en banlieue de Chicago, sur fond de musique rock. Sandy, qui vient d'intégrer son nouveau lycée, y retrouve, à sa grande surprise, son amour d'été, Danny Zuko, désormais leader des T-Birds.;;0/09/13-09a2e158-86f2-3ecd-b0ea-2de601766b64.json
Bibliothèque Municipale de Saint-Julien-en-Genevois;Culture et patrimoine;Si la Bibliothèque est un lieu de détente et de loisirs, elle est aussi un lieu ressource pour réfléchir, gardienne d’une information variée, fouillée et vérifiée, propre à aiguiser le sens critique de chacun.;;0/09/13-09a47715-1ca8-34e5-9af9-e4d668d6d812.json
Courts de tennis Seynod (Tennis étoile sportive Seynod);Sports et activités outdoor;Il y a 8 courts de tennis sur sol stabilisé pour la pratique du tennis.;;0/09/13-09a56184-fec6-3382-91b1-f06b48a8e297.json
Restaurant La Cascade;Restauration et gastronomie;Restaurant/bar au cœur du village d'Avrieux (à 4 km de La Norma), avec cheminée, belle terrasse et parking gratuit à proximité. Cuisine française traditionnelle. Réservations recommandées.;;0/09/13-09a64cb3-51ee-3fd7-9b54-68eb76e36212.json
Aurore ROSSO Coach;Autres points d'intérêt;Coach de sport santé bien-être, je propose des cours de gym douce adaptée / stretching, de marque nordique adaptée et de sylvothérapie / bains de forêt.;;0/09/13-09a70197-84a8-3154-926c-ebc76dec6104.json
Quais du Polar;Autres points d'intérêt;Rendez-vous en avril 2026 pour la 22ème édition de Quais du polar.;;0/09/13-09a820eb-90f6-39be-a76f-c7e34710a91c.json
Le QG Escape Game;Autres points d'intérêt;"Prenez rendez-vous avec l'histoire !
Venez découvrir nos deux salles proposant soit une aventure historique réaliste ou d'incarner une Brigade de Recherche de Gendarmerie dans une enquête ultra immersif.";;0/09/13-09ab1112-637e-3a64-be5d-f8aa3ad0b15c.json
Tioulévé;Autres points d'intérêt;Depuis Montsapey, continuez à monter et traverser les hameaux du Mollard et du Torchet avant d'atteindre Tioulévé  à 1280 m d'altitude.;;0/09/13-09ab5a07-f1a5-37f5-809f-94ce9ef327e0.json
Villa Jeanne d'Arc;Hébergement;Erigée entre 1908 et 1914, la Villa Jeanne d'Arc est le 1er établissement de villégiature de La Giettaz. Hôtel sur la Route des Grandes Alpes, puis maison de repos et enfin préventorium, c'est un témoin de l'évolution touristique du village.;;0/09/13-09ade2ad-c474-3ff5-81d4-db8ed1d3c16e.json
Le Geymonds;Autres points d'intérêt;Cuisine populaire maison à base de produits frais. Circuit court.;;0/09/13-09ae3a1f-10e4-3801-932c-46f1c83e6431.json
City Stade;Autres points d'intérêt;Le City Stade est un espace dynamique et convivial spécialement aménagé pour les amateurs de jeux de ballon. Situé dans un cadre naturel époustouflant, ce terrain multisports offre des installations modernes adaptées aux sportifs débutants ou confirmés.;;0/09/13-09af538e-8573-3aed-b76c-ed238caddc4b.json
Centre Nordique d'Agy;Autres points d'intérêt;"A votre disposition tout le matériel pour vos loisirs d'hiver : location de skis de fond, raquettes, luges, pelle, carabine laser pour le biathlon...
Ainsi que des activités sur la période estivale";;0/09/13-09aff5df-cd28-3382-801f-7f6b78f4e29d.json
Balade au fil de l'Allier;Autres points d'intérêt;Cette balade vous propose de découvrir l’une des dernières grandes rivières sauvages d’Europe, l’Allier, ainsi que son espace protégé, la Réserve Naturelle du Val d’Allier.;;0/09/13-09b0f966-50e8-384e-ba11-ad563b946cfe.json
Guillaume MEYNET - Guide de Haute Montagne - canyoning;Nature et détente;Guide de Haute Montagne diplômé d'état. et encadrement canyoning.;;0/09/13-09b2bc8b-5784-3610-a70f-f93b85b33f9f.json
Hôtel-Restaurant Le Madame;Hébergement;"Au cœur du massif de Belledonne, découvrez Le Madame, restaurant situé dans la Vallée du Haut-Bréda.

Le Restaurant propose une cuisine élaborée, créative et généreuse. En Hiver, le Restaurant est ouvert tous les soirs !";;0/09/13-09b2e207-20b8-3728-b300-1e697938cee7.json
Le Madras;Autres points d'intérêt;Dans le centre-ville de Clermont-Ferrand, restaurant de spécialités indiennes-pakistanaises, avec une ambiance familiale.;;0/09/13-09b3729e-08fd-32af-bd44-0349be736d0f.json
Ski Republic - Ski Bike & Co;Sports et activités outdoor;"SKI REPUBLIC (SKI, BIKE & CO)
La bonne adresse été comme hiver ! 
Location de matériel / Vente accessoires
Pour la glisse l’hiver ou le VTT l’été… 
7j/7 en plein centre du bourg piéton.";;0/09/13-09b7a4a0-3877-3fbc-ae32-531b8e7d104d.json
Stade Nautique Municipal;Autres points d'intérêt;Bassin de 25m couvert, grâce à son toit ouvrable le bassin se transforme en piscine de plein air l'été. À la belle saison les nageurs peuvent aussi profiter des espaces verts ombragés.;;0/09/13-09b9568c-f9ad-390a-a0e4-223ae11e42da.json
Pizzeria Le Diablo'thym;Restauration et gastronomie;Venez déguster nos pizzas, calzone, gratins... dans notre restaurant situé sur la place la plus animée de Chomérac.;;0/09/13-09baf77c-0fc4-3909-9c7a-88bf022bd7b5.json
Restaurant L'Unisens;Restauration et gastronomie;Un lieu intimiste et une ambiance chaleureuse grâce à notre décor et mobilier aux notes élégantes et contemporaines. A L' Unisens vous trouverez un environnement propice à la détente et à la dégustation.;;0/09/13-09baff4b-1ceb-36cb-9577-2a37f059d39e.json
Bibliothèque de Saint-Jean-de-Chevelu;Culture et patrimoine;Une nouvelle équipe de bénévoles, un lieu complétement réaménagé et à redécouvrir !;;0/09/13-09bbdd93-f748-371e-8438-da9eeb6a42bb.json
Bibliothèque Balbins-Ornacieux;Culture et patrimoine;Espace de 130m², lumineux, aéré et rationnel où l'univers enfance-jeunesse y tient une place de choix. Le fond est consitué de près de 3000 ouvrages.;;0/09/13-09bc21d6-f33a-3bdc-9965-edbbfdec0a4d.json
Marché de producteurs locaux d'Auzelles;Spectacles et événements;Marché de producteurs locaux sur la place du village;;0/09/13-09c0351f-9f9f-3d1d-ae9a-91a57ecd43d0.json
Les Remparts;Autres points d'intérêt;"Les murailles conservées forment un site exceptionnel avec une vue  imprenable sur la plaine et les monts de la Madeleine.
Promenade sur le flanc de la colline, encerclant le vieux bourg (1km environ de tour des « fossés » comblés).";;0/09/13-09c24181-fc0b-3e46-b0aa-5257a5fcc488.json
Musée de la Résistance - François-Charles Maestracci;Culture et patrimoine;Présentation des actions de la Résistance pendant la Seconde Guerre Mondiale dans les Combrailles. Nombreux documents expliquant la montée du fascisme, la chronologie et l'histoire des mouvements de Résistance.;;0/09/13-09c2e046-932f-3a69-8832-feef0838577e.json
Le Grand Roc;Autres points d'intérêt;Gîtes, camping et logements insolites.;;0/09/13-09c4ec2e-275f-3461-9e36-6dcd6e17fe2f.json
Galerie Vrais Rêves;Culture et patrimoine;Galerie d'art spécialisée dans les photographies contemporaines.;;0/09/13-09c62c4c-ac15-358a-9e82-dc4d51e00a18.json
Espace Jeunesse Municipal;Autres points d'intérêt;"Fermeture temporaire.
Structure en direction des jeunes âgés de 11 à 30 ans. 

Tout d'abord cet espace permet d'accueillir les jeunes de 11 à 25 ans : coin détente, TV/ DVD, billard, baby-foot, ping-pong, jeux de société,... utile quand il pleut !";;0/09/13-09c684fe-d37c-39bc-94ce-bd646fb0dee3.json
ALTEZZA Arc 1800 Hôtel  & Spa;Hébergement;L'hôtel Altezza Arc 1800 & Spa, 4*, vous accueille dans les plus belles montagnes des Alpes.;;0/09/13-09ca71e1-11ac-32bf-8fea-38b7c1d54ca0.json
Eglise des Allues;Culture et patrimoine;"Culte catholique. Église Saint-Martin des Allues- 
Messe du dimanche à 18h.";;0/09/13-09ce03bb-c5a3-34f3-bd68-e310dba7c300.json
Palégrié, Chez l'Henri;Autres points d'intérêt;Retour aux sources pour une cuisine à notre image. Engagée, inventive, reconnaissante, originelle et toujours plus audacieuse…;;0/09/13-09cfcf07-c638-32ac-b799-7940bc15da2d.json
Parcours d'orientation patrimoine adulte;Culture et patrimoine;A l'aide de la carte, partez à la recherche des balises et découvrez la ville de Sassenage et son patrimoine, dans le centre bourg et les cuves.;;0/09/13-09cff52c-b3d6-3ffb-8a5e-b4a5f7dd5c98.json
Bleue - Avoriaz - Lindarets - n°30;Autres points d'intérêt;A_GENERER_VIA_IA;;0/09/13-09d18423-e374-320d-a85e-484c20ef5cd3.json
Marcillat-en-Combraille;Autres points d'intérêt;Accès libre. Dans un environnement préservé, la commune peut également faire valoir un certain nombre d’atouts touristiques constitué pour l’essentiel par l’animation des espaces naturels.;;0/09/13-09d34ca8-d70c-3769-807a-ec9c8480301d.json
Sand'Wich Snacking;Autres points d'intérêt;"Nous vous accueillons dans la bonne humeur pour vous faire découvrir : bagels, panini, bubble tea, bubble gaufre, thé, café….
Service en continu de 10h à 18h du Lundi au Jeudi et de 10h à 21h30 le Vendredi.
Sur place ou à emporter, service rapide .";;0/09/13-09d3a120-1e91-31b9-b1be-b22dddd51bc4.json
Brasserie de la Tour;Restauration et gastronomie;"Restaurant Bar Pizzeria, avec terrasse.
Située dans le centre de Saugues, La Brasserie de la Tour propose également d'autres services : PMU, jeux et tabac.";;0/09/13-09d427fe-7544-3a5e-84e1-779a1b507b44.json
Le Pix'L;Autres points d'intérêt;Restaurant semi-gastronomique proposant une cuisine fine et raffinée avec des produits locaux.;;0/09/13-09d60df3-008c-3345-9855-985e600480a8.json
Le Carnotzet;Autres points d'intérêt;"Au centre du village, à deux pas de la patinoire, découvrez le Carnotzet ! 
Dans un cadre rénové et une nouvelle ambiance, profitez de nos spécialités savoyardes et de notre cuisine traditionnelle élaborée.";;0/09/13-09d65b0f-6b3d-3785-a640-ba7a5ae523e1.json
Adagio Annecy Centre;Autres points d'intérêt;Avec ses appartements au coeur de la ville, la salle fitness et le parking privé : confort, liberté et convivialité seront les maîtres mots de votre séjour dans notre aparthôtel !;;0/09/13-09d860ee-ab57-366a-801c-f7651c9e1b8e.json
Centre équestre L'étrier de Villebret;Sports et activités outdoor;Situé à 10 km de Montluçon en val de Cher, ce centre équestre enseigne l'équitation, propose des promenades, stages, pension et travail des chevaux, débourrage.;;0/09/13-09dc5e16-a475-3680-8894-0469cab9984b.json
"Trail ""Chouvigny""";Sports et activités outdoor;Le spot des gorges de la Sioule, escarpé et rocailleux, vous offre 2 parcours  : Les terrasses de Chouvigny 9,6km D+ 430m / De la Sioule aux bois de Veauce 17,3km D+ 510m.;;0/09/13-09dcf303-9694-3c5d-9459-67a298084b91.json
La Cantarelle;Autres points d'intérêt;A_GENERER_VIA_IA;;0/09/13-09dfbc07-718d-3ba8-a4a7-911e48cf14ca.json
Chez Pignotin;Autres points d'intérêt;Ouvert l'été;;0/09/13-09e07d87-ff73-3d2c-9676-474db5896003.json
Location de vélos électriques et VTC - journée - Neocycles;Hébergement;Location VTT électrique et VTC.;;0/09/13-09e16e70-51f0-3766-93e2-6ada84b75486.json
Le Grenier, Le Fay, Les Moulins;Autres points d'intérêt;La boucle peut se prolonger vers trois autres hameaux ou jusqu’au lac de Bozel pour les plus courageux.;;0/09/13-09e1de42-4ca9-3a1c-be2b-d167a0a541e9.json
Salle de séminaire Le Topo;Autres points d'intérêt;Dans un lieu inédit notre salle de séminaire vous accueille ! Spacieuse, lumineuse, elle offre un cadre confortable pour vos présentations, formations et réunions. Equipée de toutes les technologies nécessaires pour vous garantir un évènement sans accroc.;;0/09/13-09e4ec5e-e123-3fb5-9443-8103acf58be5.json
Camping Les Myrtilles;Hébergement;Le camping Les Myrtilles, en pleine nature à 1000 m d'altitude en Montagne Bourbonnaise, offre un cadre calme et ressourçant. Départs de randos, VTT, trail, raquettes, ski nordique. Rocher d’escalade à 15 min à pied. Proche Loge des Gardes. Niché en ple;;0/09/13-09e8007a-aa49-3b47-8fcc-181b81f18100.json
Supermarché Super U Magland;Shopping et artisanat;Retrouvez tous les produits de grande consommation dans votre supermarché Super U à Magland.;;0/09/13-09e83a29-e018-3a1e-ac40-1bdea359b0a9.json
Sur la trace des charbonnières;Autres points d'intérêt;Partez sur les traces des Charbonnières de Saint Guillaume utilisées jadis pour produire du charbon de bois. Elles furent remises en fonctionnement en 2010 dans le cadre de la valorisation du patrimoine par les bénévoles du village.;;0/09/13-09e9dc92-faeb-36d8-a1ab-a808c361393f.json
D440 Festival;Spectacles et événements;Bal traditionnel : venez découvrir ou redécouvrir les danses qui ont fait vibrer nos régions pendant des siècles! Buvette et snack sur place.;;0/09/13-09ea3406-43af-323c-94c9-d653b86d8740.json
Marché;Spectacles et événements;Epicerie casino toutes les semaines. De plus, une fois par mois, l'épicerie vrac itinérante Le bocal à roulettes est présente le mardi soir dans le village.;;0/09/13-09ebe787-6d2c-3b05-b94f-8fcc811f309b.json
Hôtel des Bains;Hébergement;L'Hôtel des Bains vous accueille dans une ambiance rétro, bistro et guinguette avec sa grande terrasse ombragée. Restauration traditionnelle : friture fine, grenouilles aux morilles, joue de porc braisée et terrine de foie gras maison à la truffe.;;0/09/13-09ed7b55-c3e3-39f9-b85e-f18e58c63034.json
Le Pétrin;Autres points d'intérêt;Le Pétrin, restaurant - pizzeria, vous accueille à Montagnat, à 10 minutes de Bourg-en-Bresse dans l'Ain (01).;;0/09/13-09ef62c3-95ac-3c29-8564-da5de2de6124.json
Brasserie la Coll'Inn;Restauration et gastronomie;Le restaurant La Coll’Inn est ouvert à tous, également aux clients extérieurs à l’hôtel du dimanche soir au vendredi midi. Les plats sont « fait maison » à base de produits frais et de saison. Une formule du jour est proposée tous les midis.;;0/09/13-09f40945-5ab9-337d-b202-9b6da6d35573.json
Greggo Pizza;Autres points d'intérêt;Pizzeria sur place ou à emporter.;;0/09/13-09f4531f-cd41-3709-80e7-41c1feed6ccd.json
Chapelle Saint-Hugues;Culture et patrimoine;"Cette chapelle de pèlerinage dédiée à Saint Hugues domine Châteauneuf-sur-Isère. Elle est située à l'emplacement d'un site occupé dès l'antiquité. 
Inaugurée en 1896, elle est de style néogothique.
Visible de l'extérieur.";;0/09/13-09f553f3-307f-3628-8515-1588518dd5f9.json
La table et l'ardoise - Restaurant de l'hôtel Cœur de Maurienne by Best Western;Restauration et gastronomie;L'hôtel Cœur de Maurienne by Best Western vous ouvre les portes de son restaurant bistronomique. Découvrez sa cuisine à base de produits frais provenant de circuits courts, valorisant le travail des producteurs, leurs savoirs et leurs valeurs.;;0/09/13-09f58c97-00af-3664-a4d9-f6312912b8ff.json
Tennis Pleaux;Sports et activités outdoor;Court de tennis extérieur Pleaux.;;0/09/13-09f59f5f-d775-3bca-9ad0-fed2b15414e7.json
Spa L'équilibre;Autres points d'intérêt;Le Spa L'équilibre propose une gamme de massages et soins visages en duo, en solo et pour les enfants avec les marques Phyt's et Cinq Mondes ainsi qu'un espace détente : bains à remous, sauna, hammam, hydrojets et balnéothérapie.;;0/09/13-09f7fdff-430c-3a74-88d9-cdff8746da7b.json
Espace Culturel La Traverse;Autres points d'intérêt;L'Espace La Traverse vous propose une programmation éclectique tout au long de l'année théâtre, concerts, cabaret musical, danse, spectacle jeunes public dans une salle de 300 places.;;0/09/13-09fa030a-c007-395f-a545-efc8a0b77261.json
Bibliothèque Municipale;Culture et patrimoine;La bibliothèque est située au centre du village, au dessus de l’arrêt de bus. Le bâtiment est accessible aux personnes handicapées.;;0/09/13-09ff375f-0a39-3109-ac73-574908fe3153.json
Eglise Saint-Pierre;Culture et patrimoine;Édifice roman, son clocher, sa tour d'accès, ses vitraux et ses gargouilles sculptées dans le tuf ou le trachyte ont été restaurés. À l'intérieur, deux tableaux de l'école espagnole et un Christ en croix en chêne du XVIIe siècle.;;0/0a/13-0a00a436-bb77-33b2-ac85-44227aa768bd.json
Grain D'Pain - Maréchal Juin;Autres points d'intérêt;"Graind'Pain Guillot est une marque de Boulangerie pâtisserie, viennoiserie dont les magasins sont situés à Bourg-en-Bresse dans l'Ain.
Spécialités :
- Tartes bressanes à la crème de Bresse AOP
- Baguette de Tradition Française
- Pavé Bio";;0/0a/13-0a03f388-d5bc-370e-b80d-f8b5a7ca8437.json
Parc animalier de la Grande Jeanne;Nature et détente;La Grande Jeanne est un parc s'étendant sur 10 500 m2, qui accueille deux espèces d'animaux non domestiques : 19 daims et 9 cerfs élaphes et une vingtaine de mouflons de Corse.;;0/0a/13-0a04f9a0-2099-3b04-8b59-65ad5633759f.json
Le Fantôme de l'Opéra;Autres points d'intérêt;Feutré et intimiste, spécialisé dans les cocktails, le Fantôme vous séduira avec sa large gamme d’alcools et spiritueux d'exception, ainsi qu'avec ses assiettes. Le tout, sur des airs de musique épousant sa liberté de ton.;;0/0a/13-0a0759e2-fb34-3a46-a4b9-c94f8d4828be.json
Le Grand Parc d'Andilly;Nature et détente;8ème plus grand parc à thème de France, le Grand Parc d'Andilly saura vous accueillir avec ses quatre univers qui rythment l'année.;;0/0a/13-0a07b0ef-c90f-3310-97cc-133af28a760b.json
Champ d'habit;Autres points d'intérêt;Gite d'étape & de séjour en Drôme Provençale en plein cœur du Parc des Baronnies entre Nyons & Serres, à côté de Rémuzat, à 4km de Rosans. Maison indépendante offrant confort, calme & sérénité dans un très bel environnement.;;0/0a/13-0a07cc9d-d7e1-3ff4-ac91-a21444db26be.json
Château de Saint-Augustin;Culture et patrimoine;"Cinq chambres d'hôtes au château de Saint-Augustin. 
D'époque Régence construit en briques polychromes entre le XVe et le XVIIIe siècle est l'un des joyaux de l'architecture bourbonnaise.";;0/0a/13-0a08beba-011c-3887-88af-34d59face50c.json
Restaurant Cacot Jeannette;Restauration et gastronomie;Carte élaborée à partir de recettes régionales. Plats et desserts faits maison à base de produits frais travaillés localement.;;0/0a/13-0a0afcbd-c195-3d05-b0c7-4ab39d380e87.json
Batsé Mussillon;Autres points d'intérêt;Bassins communautaires servaient aux habitants des hameaux comme points d'eau courante, voire pour y laver leur linge.;;0/0a/13-0a0bec70-f3a4-36f1-a769-3d7610c5a832.json
Hôtel le Vivarais;Hébergement;Hôtel traditionnel de 6 chambres. Restaurant sur place.;;0/0a/13-0a0f7349-8a69-39f4-917d-798827a690d0.json
Ascot Bar;Restauration et gastronomie;"L’ASCOT BAR est l’endroit feutré de l’hôtel dans lequel les clients ont plaisir à se retrouver pour passer un moment agréable. 
L’ambiance y est très particulière grâce à une décoration de style anglais.";;0/0a/13-0a0fbe8c-95e5-36e3-85a6-85f2aa3db51d.json
Tremplins olympiques du Claret;Autres points d'intérêt;A_GENERER_VIA_IA;;0/0a/13-0a102968-0439-36f8-b413-aad3ef22baf4.json
Hôtel**** La Bastide d'Iris;Hébergement;Découvrez l'Hôtel**** La Bastide d'Iris à Vagnas, où confort et nature se rencontrent. Avec une gamme complète de services allant des massages au Wi-Fi gratuit, Profitez également de nos installations adaptées et de notre piscine chauffée.;;0/0a/13-0a103aff-c936-3bcc-b3c6-ac8266a780f0.json
Bar des Voyageurs;Restauration et gastronomie;"Cuisine avec des produits régionaux
Accueil chaleureux et sympathique";;0/0a/13-0a119211-ac89-3466-8047-813c00aa82e5.json
Eglise de Clochemerle;Culture et patrimoine;Venez découvrir l'église en face de laquelle s'est érigée la pissotière de la discorde! Eglise romane du XIIe siècle au style clunisien. Des bandes lombardes ornent encore le clocher.;;0/0a/13-0a12514a-1e69-32f6-b6f2-80559bc4f7e2.json
Porte Saint Laurent;Autres points d'intérêt;Seconde porte de la ville préservée parmi les cinq portes que comptait l'enceinte du XVIIe, la Porte Saint Laurent fut édifiée en 1615 et permettait de gagner la Savoie par la rive droite de l'Isère dans la vallée du Grésivaudan.;;0/0a/13-0a146fd9-5dd3-3a33-ac40-5709e86418d2.json
Aux Enfants Terribles;Autres points d'intérêt;"Chalet - Restaurant d'altitude. Accès piéton arrivée du télésiège de Vallandry. Ouvert 7/7. Cuisine traditionnelle.
Avec soirées sur réservation et descente de nuit en ski (encadrée)";;0/0a/13-0a16637b-9f95-3da1-94f6-d0e63ebbe4e0.json
Médiathèque municipale de Saint-Flour;Culture et patrimoine;Médiathèque municipale dans le centre historique de Saint-Flour.;;0/0a/13-0a178a04-e80d-3949-9316-6cbfab8e642e.json
La Petite Auberge de Flo;Hébergement;Auberge et bar, avec produits du terroir à Saint-Bonnet-les-Oules !;;0/0a/13-0a1a6b12-c7da-3131-920d-506134a42c0a.json
5ème Marché de Noël;Spectacles et événements;Marché de Noël organisé par le Comité des Fêtes, le Club des Aînés et l'Association sportive.;;0/0a/13-0a1a821c-0061-3ea6-8791-6c12d2578fd9.json
L'Institution;Autres points d'intérêt;Dans un cadre baroque et cosy, banquettes de velours et moquette au sol, c’est le 1er établissement signé Jacques Garcia à Lyon !;;0/0a/13-0a1e3717-cd0d-393b-afd5-fceb1846ce40.json
Terrain de tennis de Super-Besse;Sports et activités outdoor;Terrain de tennis;;0/0a/13-0a2086fc-a6a6-3d7f-b696-9f0e82166724.json
City-Stade;Autres points d'intérêt;City-Stade :basket, foot, volley....pour toute la famille.;;0/0a/13-0a2163d2-ad05-3b2a-89dc-a845a57dfc71.json
Ibis Lyon Gerland Musée des Confluences;Culture et patrimoine;Face à la Halle Tony Garnier, à deux pas du Palais des Sports, du Matmut Stadium et du Musée des Confluences, l'hôtel Ibis Lyon Gerland Musée des Confluences est une étape idéale pour vos déplacements d'affaires ou de loisirs.;;0/0a/13-0a217e02-d0c9-3ebf-a2ab-252ee8c44645.json
CARPE DIEM Le Prégentil;Autres points d'intérêt;Le Gîte le Prégentil 3* est un appartement confortable de 32 m², au rez-de-chaussée de la maison principale Chalet Carpe Diem. Il se trouve situé sur un terrain de 7000 m2 à 200m du centre de Bourg d'Oisans et en face du Supermarché Intermarché.;;0/0a/13-0a220ca6-e612-371f-909b-61598167d00e.json
Le village des Étoiles;Autres points d'intérêt;Situé à la station des Plans d'Hotonnes, le Village des Étoiles est destiné à faire découvrir l'astronomie au plus grand nombre.;;0/0a/13-0a249b5d-6e56-321f-9cbb-715c92fa8dad.json
VVF Villages Tence;Autres points d'intérêt;"Une destination avec de magnifiques paysages, très riche en arts et traditions. Découvrez un paradis pour les randonneurs, cyclo et vététistes où les enfants goûtent avec délice aux joies de la ferme. Labellisé ""Famille+"".";;0/0a/13-0a2549e6-9665-371c-8572-6eccf89baea8.json
Wine and Ride Condrieu;Autres points d'intérêt;Partez explorer les vignobles et villages de caractère à vélo ! Wine and Ride c'est une équipe de passionnés qui vous emmène à la rencontre des artisans, vignerons et producteurs locaux du territoire, au départ de Condrieu.;;0/0a/13-0a275e0a-a54c-32ec-9944-0902387c0989.json
Eleonora Deveze - Musique classique;Spectacles et événements;Retrouvez en concert la soprano Eleanora Deveze accompagnée au piano par Frédéric Isoletta à l’Église de Manthes.;;0/0a/13-0a294a32-b44c-3daa-bbd2-46eec27792f6.json
Galaxy Bowling;Sports et activités outdoor;"Le bowling de Flaine vous propose 6 pistes, dont une spécialement adaptée aux enfants dès 2 ans et demi.
Accueil de groupes. Bar, brasserie, snack. 
Salle de jeux, billard, simulateurs, écran géant et retransmission des événements sportifs.";;0/0a/13-0a2a1b3b-dc53-3e9a-b0c2-f601b098c68d.json
Les rives de l'Ozon;Autres points d'intérêt;"Une balade entre la vallée de l’Ozon, sauvage et encaissée, le plateau et les coteaux de Saint-Joseph avec vues sur la vallée du Rhône et les Alpes.
A découvrir dans le guide en vente à l'office de tourisme et l'application les ""échappées inspirées"".";;0/0a/13-0a2bba82-905b-3034-a43e-29ad7ecffba6.json
Jardin botanique de la Charme;Nature et détente;Partez à la découverte de plus de 3'000 espèces de plantes exotiques et indigènes rares et protégées.;;0/0a/13-0a2cbb8a-407d-389c-a6fb-a4a497c3dda0.json
Gymnase La Lionchère;Autres points d'intérêt;Complexe sportif, salle de spectacle, salle polyvalente;;0/0a/13-0a2d5aa3-4613-3b71-8beb-ca4af321a892.json
Aire de jeux pour enfants;Services et activités encadrées;A_GENERER_VIA_IA;;0/0a/13-0a2eef3d-0bfe-3819-a0ea-7adfa19840df.json
Vinezac : village de caractère;Autres points d'intérêt;Village fortifié qui recèle de nombreuses curiosités historiques: 3 châteaux: château Julien au donjon quadrangulaire du 12e château de Charbonnel à fenêtres à meneaux et vestiges château de la Motte, une église romane du 12e, des croix, ruelles étroites.;;0/0a/13-0a2fcf7a-f17b-3c93-a042-2e84ef5d5d68.json
L'église St-Jean-Baptiste;Culture et patrimoine;L'église du Reposoir possède le même architecte que celle de Saint-Sigismond : le curé Rouge. Édifiée en 1849 sur un plan en croix grecque, elle ne possédait pas de clocher, faute de moyen.;;0/0a/13-0a3348c6-acf0-327c-8ba1-d820a7b033d5.json
Table d'orientation de Virieu-le-Grand;Restauration et gastronomie;"La table d'orientation, située sur la route touristique d'Hauteville offre un panorama magnifique sur la chaîne des Alpes, le Mont-Blanc, le Grand Colombier et la Croix du Nivollet.
Altitude : 272 m";;0/0a/13-0a33e7db-4cbd-371f-830d-69ef6fa31517.json
Rapido'Verto;Autres points d'intérêt;"Rapido Verto vous propose des pizzas, burgers et du snacking dans une ambiance chaleureuse et décontractée.
Nos pizzas sont artisanales, et la pates maison est pétrie sur place.";;0/0a/13-0a398bae-3f76-3bdc-9ac4-89c51a41af78.json
Bureau de la Montagne;Nature et détente;A_GENERER_VIA_IA;;0/0a/13-0a3a752a-bdfd-38c4-9b2e-b295346393c0.json
Mairie de Crémieu;Autres points d'intérêt;Depuis 1791, elle est installée dans l'ancien couvent des Ermites de Saint Augustin.;;0/0a/13-0a3d1147-4276-3399-98e1-259f98d45776.json
Hôtel Au Coin du Feu / Chilly Powder;Hébergement;"Hôtel-restaurant 4 étoiles (16 chambres)
Très bel hôtel, situé aux pieds des pistes d'Avoriaz et du téléphérique des Prodains.";;0/0a/13-0a405b90-9279-3a3b-9af3-f77fdef71180.json
"Chambre d'hôtes ""Chez Amélie""";Hébergement;Située à proximité du cœur de la cité médiévale de Crémieu, dans un environnement calme, la chambre d’hôtes Chez Amélie, est équipée d'une piscine, d'une terrasse, d'un jardin et d'un local vélo sécurisé pour les cyclotouristes.;;0/0a/13-0a409ad2-711b-3d0c-b8c7-646d0663de5e.json
Lac des Petits Robins;Nature et détente;Les 2 lacs des Petits Robins sont des lacs de pêche de 2ème catégorie, situé en bordure du Rhône, équipés d'un accès pour personnes à mobilité réduite (PMR) avec ponton accessible PMR. On y trouve des tables de pique-nique dont l'une est accessible PMR.;;0/0a/13-0a42f382-f046-3d71-81d3-abaf56a5cbac.json
Chalet Dans l'Pentu;Hébergement;"-Rez inférieur : 
1 chambre : 1 lit double 160*200
1 chambre : 2 lits simples superposés 90*200
1 chambre : 2x 2 lits simples superposés 90*200 
1 salle de bain
1 WC
1 salle de jeux : baby-foot et PS4
Local skis et chaussures
Salle de détente avec sauna.";;0/0a/13-0a43a942-a5d1-31d6-b3c7-40d7c91d6156.json
Diner - spectacle au Casino - Abbamania chanté par Magic Voices;Spectacles et événements;1H30 de tous les tubes du groupe ABBA chantés en direct et en costumes.;;0/0a/13-0a44578d-2df5-3ea3-a5f8-f3558b3d6642.json
Pizza Montoiz;Autres points d'intérêt;Pizza à emporter - Situé au centre de la drôme, au cœur du village de Montoison 26800 .;;0/0a/13-0a4464d1-7b80-3e4f-af9f-d811c0464cb8.json
Salle Mont Joly;Autres points d'intérêt;Salle de 114 m2, ouvert toute l'année;;0/0a/13-0a44e6bc-9bcb-3a6a-ac27-f688308e308b.json
Fauvette;Autres points d'intérêt;Exposition plein Sud, face à la vallée de Thônes, ce chalet offre le confort de 3 gites.;;0/0a/13-0a467b51-346a-317d-8867-b885af95841c.json
Escape Game : Esprit es-tu là ?;Autres points d'intérêt;"Esprit es-tu là ?
Tentez de libérer l'esprit qui hante le château….
De 2 à 4  joueurs.
À partir de 15 ans.";;0/0a/13-0a4945a7-4f2a-3e77-9545-eef6e59693cc.json
La Marmotte Gourmande;Autres points d'intérêt;Depuis 1994, La Marmotte Gourmande vous régale au centre-ville de Roanne. Elle vous propose une cuisine traditionnelle et savoyarde (grenouilles et moules à partir d'avril).;;0/0a/13-0a4afc55-0434-32fa-b5a8-3a3fbdb408d0.json
Village de Chambles;Autres points d'intérêt;Située au milieu des gorges de la Loire, sur la rive gauche du fleuve, la commune de Chambles est un des sites les plus connus et attirants du territoire. Ce petit bourg a su préserver son caractère féodal qui lui donne toute son originalité.;;0/0a/13-0a4b0bf9-8999-3d04-aa52-f9bdb946546b.json
Médiathèque municipale François-Désarnod;Culture et patrimoine;Espace culturel convivial ouvert toute l’année à tous les publics. Les abonnés peuvent y emprunter des documents. La consultation sur place est libre et gratuite. Des animations sont régulièrement organisées en partenariat avec l'association Criou Livres.;;0/0a/13-0a4d5032-0b95-3fac-a947-ebed669a494a.json
La Table d'Alexandre;Restauration et gastronomie;Restauration traditionnelle en centre-ville de Clermont-Ferrand.;;0/0a/13-0a4f8959-9372-35cb-8465-d59ee3c15a02.json
City stade;Autres points d'intérêt;City stade permettant la pratique du basket, du hand et du foot;;0/0a/13-0a502d8a-e22e-348f-8942-79e5754cdee8.json
Parc du Grand Clos;Nature et détente;Le Grand Clos est un parc municipal de 23 ha. Avec ses 6 kms de sentiers, son coin pique-nique, son étang, ce parc constitue un lieu de promenade familiale apprécié et constitue l'un des points de départ de plusieurs circuits de randonnée.;;0/0a/13-0a5102d8-a681-3676-a9cb-242041560349.json
Circuit découverte de Challes les Eaux;Nature et détente;Cette balade  accessible à tous, vous permettra de découvrir quelques édifices historiques de Challes-les-Eaux : Casino, parc de Triviers, Thermes, château des Comtes de Challes, aérodrome, lavoir, église.;;0/0a/13-0a51b0fc-a88f-3e51-a446-4ddf1145566e.json
Fête des guides 2025;Spectacles et événements;Créée en 1924, dans le but d’alimenter financièrement la Caisse de secours, la Fête des Guides est devenue un événement incontournable de la Vallée de Chamonix-Mont-Blanc.;;0/0a/13-0a55a97c-5572-326f-b162-5e8d55da52e9.json
Truyère Evasion;Autres points d'intérêt;“Truyère Évasion”, structure de loisirs sportifs de pleine nature, encadrés par des diplômés d’État, vous propose : parcours aventure, escalade, randonnée aquatique, canyoning, via ferrata et location de VTT à assistance électrique.;;0/0a/13-0a581104-c459-30b7-9996-eb25f25148ab.json
Bibliothèque de Saint-Béron;Culture et patrimoine;"Une équipe dynamique vous accueillera dans cette petite bibliothèque agréable où vous attendent plus de 2 500 livres pour les petits et les grands !
Cette bibliothèque propose régulièrement des animations pour tous les publics.";;0/0a/13-0a5a4f18-e188-31a9-a147-4047f42d7760.json
Circuit VTTAE n°21 (bleu) Cheminées Sarrasines & Etangs bressans;Nature et détente;L’incontournable de la Bresse, une balade à la rencontre des fermes bressanes à cheminées sarrasines, pépites de cette région et monuments uniques !;;0/0a/13-0a5a84f7-9c48-3de3-9b26-d589162f31be.json
Eglise Saint Laurent;Culture et patrimoine;Consacrée en 1685 et agrandie au XIX° siècle, elle offre un chœur du XII° siècle, divisé en deux travées à croisées d'ogives, des colonnes à feuillages, un ensemble de statues du XVIII° et XIX° siècles, une chaire classée provenant de l'Abbaye de Tamié.;;0/0a/13-0a5c2478-32c0-3a86-8c67-ad06a6b9291b.json
Notre-Dame-des-Bois;Nature et détente;Les anciennes familles de la propriété Pradel sont à l'origine de la pose de la statue Notre-Dame-des-Bois afin d'assurer la protection du village de Vignieu dans les années 1800. Une procession se rend à la Vierge le 15 août de chaque année.;;0/0a/13-0a5dc591-6470-30e4-9b13-488c7f7af6f5.json
Cydem Kebab;Autres points d'intérêt;Restauration rapide de kebab, sandwich...;;0/0a/13-0a5e3fe3-3fa0-3d47-b0f3-21c55e9a8e54.json
Tsf : les Années 30 - Jeux Électroniques : les années 30;Autres points d'intérêt;Évolution historique technique et esthétique de la TSF de 1925 à nos jours.;;0/0a/13-0a60149e-fa28-38b0-af76-577f6fe9768f.json
Location sur plan d'eau - Base nautique Pont de Chambonas;Hébergement;La base nautique vous propose la location sur le plan d’eau du pont de Chambonas de pédalo, canoë, kayak, paddle.;;0/0a/13-0a602cca-e56d-320c-bf45-f1dbe994ec5c.json
Le Kôsa Krûta & Le Pré du Kôsa;Autres points d'intérêt;"Vente à emporter et restauration sur place au Pré du Kôsa,
Burgers, sandwiches chauds et froids, tartares, salades, crêpes, glaces, etc.";;0/0a/13-0a618b7c-fd4a-3c69-9166-277731b0fc5e.json
Marché de Belmont-de-la-Loire;Spectacles et événements;"Tous les dimanches matins place de l'église.
Un primeur.";;0/0a/13-0a63947b-1257-3d5a-943d-f4893c11e336.json
Stade de football;Sports et activités outdoor;Stade éclairé à côté de la piscine la Perle d'Eau, parking.;;0/0a/13-0a63f94e-0722-35fe-9b42-de7ed9134914.json
Haras du Brin d'Amour;Autres points d'intérêt;Dans la plaine de la Bièvre, à proximité de la Côte-St-André, à mi-chemin entre Lyon et Grenoble, le Haras du Brin d’Amour vous propose sur une exploitation de 18ha, un centre équestre et un élevage de chevaux et poneys.;;0/0a/13-0a6473ec-4e6a-36e2-aa1e-8a20a7a41a21.json
"Le Duo Niséïs ""Sweet lament""";Autres points d'intérêt;Le Duo Niséïs propose une escapade dans les iles britanniques à travers la nostalgie de ses chants anciens et traditionnels.;;0/0a/13-0a64ced3-63f0-3d4c-a76c-0cc60c9b78cf.json
Camping du Haut-Rhône;Hébergement;"Cadre naturel et arboré au bord du Rhône. Calme et ambiance 
conviviale. Label Vélo, Via Rhôna et randonneurs 
Compostelle. Ville et commerces à proximité. Accueil groupes en demi-pension ou gestion libre.";;0/0a/13-0a676322-3794-3d3f-84a9-acd69c735bbe.json
Restauration rapide : L'Aire des Vérités;Services et activités encadrées;De passage près de l'Aire des Vérités ou de Montluçon ? Venez vous restaurer à petits prix, rapidement ou en prenant votre temps, dans un joli cadre accueillant et agréable. Ou bien à emporter...!;;0/0a/13-0a68049d-976f-3928-a51d-6bf68701572c.json
Lac de Tueda;Nature et détente;A l'entrée de la Réserve naturelle aux portes du Parc National de la Vanoise, le lac est bordé de pins cembro formant une des plus belles cembraies des Alpes.;;0/0a/13-0a683911-4b49-3b44-8571-0c64cf1607ae.json
Eglise Saint Martin;Culture et patrimoine;"Église romane du XIIème siècle appartenant au style roman ""mauriacois"" qui présente un chevet et une tour typiquement romans classés à l'inventaire des Monuments Historiques ainsi que des vitraux remarquables qui ont été restaurés en 2022.";;0/0a/13-0a68979d-58cc-36b2-a589-f99208c8c44f.json
Tennis;Sports et activités outdoor;4 courts extérieurs éclairés (de 8h à 22h), des initiateurs de l'école de tennis encadrent (de septembre à juin).;;0/0a/13-0a69472c-0d30-3f33-b26a-3c5ca2489a93.json
Restaurant La Fine Fourchette;Restauration et gastronomie;Le restaurant gastronomique La Fine Fourchette, situé aux portes de l’Ain, entre l’Isère et la Savoie, vous propose un univers culinaire fait de produits du terroir à travers les saisons.;;0/0a/13-0a6aec8e-d990-37dc-ae21-94b3a22bdd64.json
Centre Socio-Culturel;Autres points d'intérêt;Espace sportif de type salle polyvalente, des fêtes. Il dispose d'un sol en carrelage. La surface d'évolution est de 300 m².;;0/0a/13-0a6c4e1d-e9c3-3351-a203-c119213c95dd.json
La Glycine;Autres points d'intérêt;Situé à la Sône, joli petit village au pied du Vercors, et à -1 km de la Véloroute V63, le meublé La Glycine vous accueille pour une halte d’une soirée ou pour un séjour.;;0/0a/13-0a6cfdf5-3de0-31e0-99d0-cf90249a178e.json
Café Perl;Restauration et gastronomie;La brasserie peut vous proposer un café, une glace ou encore une pause déjeuner sur la belle terrasse sous les arbres, chauffée l'hiver.;;0/0a/13-0a6d1aa1-d315-3fb1-81b7-8aeb9cb5f602.json
N°04 Le Canier VTTAE - Bleu;Autres points d'intérêt;"Cet itinéraire propose à la fois une descente ludique et un retour permettant de tester les différentes techniques du VTT. Parcours n°4, balisé en bleu.
Départ : Camping des Cordeliers Pierre-Châtel";;0/0a/13-0a6df3bd-5196-3908-a632-e72ff5669096.json
Meublé Le Fil Bleu;Autres points d'intérêt;"T2 de 46m2 (classé 3 ☆☆☆) dans une jolie résidence de 1930.

Ce bel appartement, situé à deux pas de l'hypercentre et de l'hôpital, vous accueille avec tout le confort pour votre séjour à Montluçon.";;0/0a/13-0a6fc57f-8539-300f-a547-ecf4c5a8c370.json
Statue Notre-Dame de France;Autres points d'intérêt;A quelques minutes à pied du centre ville, la statue monumentale de Notre Dame de France constitue une prouesse technique étonnante. Elle est réalisée en fonte de fer et domine la ville du Puy-en-Velay depuis 1860.;;0/0a/13-0a712253-313e-331d-991e-5f23c9f80514.json
Oskar Hôtel;Hébergement;Le Oskar Hotel a été entièrement rénové et propose des chambres élégantes et contemporaines.;;0/0a/13-0a767114-ac47-3e8c-aab4-4274d5623282.json
Hôtel-Restaurant L'Auberge du Rond Gardien;Hébergement;"L'auberge du rond gardien est situé au coeur de la forêt de Tronçais.
La salle de restaurant panoramique et la terrasse permettent de profiter pleinement de la nature.";;0/0a/13-0a775806-e6ed-3cbc-ab8c-9050119aeaba.json
L'Arbre Bleu;Nature et détente;Un restaurant pas comme les autres…Pour le déjeuner ou le diner, entre amis ou entre collègues, profitez d'un moment gourmand pour tout type d'occasion.;;0/0a/13-0a78d9f8-a1d2-3228-9e44-10bcb0657b73.json
Les Carrés jardin - Location de salle;Hébergement;Que vous soyez une entreprise, une association, une institution ou tout autre groupe opérant sur le territoire, les Carrés Jardin vous accueillent dans une ex-jachère agricole transformée en un espace multi-fonctions.;;0/0a/13-0a794255-eceb-3e2a-877f-e1fecea9416c.json
La Gazelle;Autres points d'intérêt;Cuisine familiale du terroir : truffade, chou farci, coq au vin, raclette.;;0/0a/13-0a7a3767-5f9a-3f0d-8dcd-9eebfca518a5.json
Aire de stationnement Camping-car;Services et activités encadrées;Parking toléré jour/nuit, stationnement gratuit face au centre de secours. 50 emplacements dans un grand champ à proximité immédiate d'un étang.;;0/0a/13-0a7b2870-99f3-3d81-9348-8af127f9eb5c.json
Swin golf du Château de la Salle;Culture et patrimoine;"Le Château de la Salle vous propose son Golf composé de : un pitch & putt de 3 trous avec 9 départs ; un practice avec filet ; un swin golf de 6 trous (parfait pour apprendre) et un putting green.";;0/0a/13-0a7e486a-4ec8-354e-ae0b-b338954a3fda.json
Enduro VTT : Rouge Prarion - Les Houches - Sauce Myrtilles;Sports et activités outdoor;Testez nos pistes VTT !;;0/0a/13-0a7fa590-5146-3b79-ac62-6c997e3e12e2.json
Terrains de pétanque du Petit Châtel;Autres points d'intérêt;2 terrains à votre disposition.;;0/0a/13-0a8009dc-6ddc-362a-a0b4-34ce3c5be053.json
O Lac - Espace évènementiel;Nature et détente;Situé en bordure du lac D'Aiguille et entouré d’un grand parc arboré, ce lieu est propice à l’organisation de tous types d’événements : salons, congrès, lancements de produits, séminaires, soirées festives … Nous proposons également une saison culturelle;;0/0a/13-0a80517d-7494-3a4b-a63e-faff824f4073.json
Ibis budget Clermont-Fd Sud - Aubière;Autres points d'intérêt;Situé à environ 3 km au sud-est du centre de Clermont-Ferrand, cet hôtel de chaîne bénéficie d’un accès aisé par les axes autoroutiers avec une réception physique 24h/24.;;0/0a/13-0a80bf08-99b8-33fb-8d05-841aec631367.json
Tours d'Arras;Autres points d'intérêt;Vestige du château d'Arras qui, à l'époque féodal, fut partagé en 2 co-seigneuries: la Tour Blanche dite de Soubise et la Tour Brune dite de Jovyac. Table de lecture au pied de la tour. Visites commentées pour les groupe sur demande.;;0/0a/13-0a86051f-cf22-3777-82cc-5e9956ec38b1.json
Pizzeria Pisolino;Restauration et gastronomie;"Retrouvez à valence une véritable pizzeria napolitaine !
"" Vieni, mangi, fai un pisolino """;;0/0a/13-0a86b6de-e4ce-373a-b3d8-adc6d87f3fea.json
Eglise Ste Marie-Madeleine;Culture et patrimoine;La Chapelle Sainte-Marie-Madeleine, attestée à la fin du 14ème siècle est devenue église paroissiale. Détruite puis rebâtie plusieurs fois au cours des 15ème et 16ème siècle, l'église fut relevée de ses ruines en 1605.;;0/0a/13-0a88e9b0-44a1-3237-96d2-659f2df081a7.json
Jeannot Select Ambience;Autres points d'intérêt;"Jeannot est un lieu à la fois premium et convivial.
Ce nouveau lieu de vie a pour but de devenir l’afterwork de référence de l’agglomération. Organisation régulière de soirées à thèmes : DJ, Dégustation de vins, Collaboration avec artistes, marques, etc..";;0/0a/13-0a8b30e5-b5aa-3d8d-b08f-eb2af89d19c1.json
Restaurant Domaine La Gentilhommière;Restauration et gastronomie;Venez savourer  à l’année au sein de notre établissement labellisé Maître restaurateur depuis 2014, une cuisine bourgeoise traditionnelle dans un cadre verdoyant à partir de 20 couverts. Sur réservation.;;0/0a/13-0a8f5b11-549f-3328-967e-249fd99ef542.json
Chambres d'Hôtes Les Pierres Folles;Autres points d'intérêt;Au cœur de Rozier-en-Donzy, un ancien village de tisserands situé entre Forez et Lyonnais, découvrez 3 confortables chambres d'hôtes avec une entrée indépendante, qui se trouvent à l'étage d'une bâtisse entièrement rénovée.;;0/0a/13-0a93cd1f-beb4-3dc6-9530-52c91c8a42d6.json
Pêche aux étangs de Passins;Sports et activités outdoor;Situé dans l’Espace Naturel Sensible (ENS) de la Save, le site correspond à une succession de petits étangs entourés de boisements et prairies. Lors des belles journées, le site offre même une vue sur le Mont Blanc.;;0/0a/13-0a96c70f-89a6-372c-a827-8b05b291795d.json
Balade - Autour de Napt;Autres points d'intérêt;Connaissez-vous la différence entre la libellule et la demoiselle ? Non ? C'est au marais de Napt que vous trouverez la réponse. Profitez-en pour suivre le sentier balisé au détour duquel vous surplomberez la rivière d'Ain.;;0/0a/13-0a983fa7-3815-3ecc-bdfe-37c103e84926.json
Soirée concert de Meg;Spectacles et événements;"Soirée Concert de Meg proposé par la municipalité.
Plus d'informations à venir.";;0/0a/13-0a9862e8-9037-33a3-b025-7b61e08e716e.json
Sources du Dôme et du Lys;Autres points d'intérêt;C'est à partir de ces sources que sont préparées les boues riches en algues bleues, utilisées en rhumatologie et pour les maladies de l'appareil digestif, dans les établissements thermaux de Vichy.;;0/0a/13-0a9b1804-70ce-356d-84a6-eb4451251453.json
Terrain d'atterrissage du plan d'eau;Nature et détente;A_GENERER_VIA_IA;;0/0a/13-0a9b5c22-a1c3-3f95-843c-5142920f3717.json
Parcours de santé;Nature et détente;"Promenade le long du torrent Le Borne accessible à tous et aménagé pour les poussettes au départ du cimetière ou du centre technique municipal.
Sur une longueur de 1 500 m, présence de quelques agrès de parcours de santé.";;0/0a/13-0a9bac93-be01-3141-b2fc-86b790d19638.json
Rêves étoilés;Autres points d'intérêt;Partez à la découverte de l'univers et de ses secrets;;0/0a/13-0a9c35ef-905b-37bc-99b2-4b98cdf057b3.json
Camping Le Clos Don Jean;Hébergement;"Dans un cadre de verdure, au pied du Château de Menthon-St-Bernard, venez découvrir le camping ""le Clos Don Jean"". Il se situe à 800 m du Lac et à 5mn du village à pied.";;0/0a/13-0a9d3d00-161e-3dc7-ad35-98d4c97f374b.json
L'As du Kebab;Autres points d'intérêt;Restaurant qui vous propose un service de restauration rapide sur place et à emporter. Kebab, sandwich, burgers, tacos, etc.;;0/0a/13-0a9d3d26-3df9-324f-9d3d-a3c96104dc06.json
Gare de L'Utopie;Services et activités encadrées;"La gare de l'utopie est un lieu de rencontre et d'échange.
Toute l'année elle accueil des expositions de photos, de dessins, d'art plastique.
Entre octobre et juin vous pouvez assister à des conférences débats.
Ouverte que lors des expos.";;0/0a/13-0a9ddc0a-6899-37bd-918d-0acd09289f8e.json
Fontaines Pétrifiantes de Saint-Nectaire;Autres points d'intérêt;Les sources volcaniques qui jaillissent du centre de la terre donnent naissance à un artisanat unique au monde : la pétrification. Passez un moment hors du temps dans la grotte, les galeries, les ateliers de fabrication et la Fontaine Pétrifiante;;0/0a/13-0a9f2984-1e6e-3d9d-b215-30d1bb0e07de.json
Centre de Congrès Polydome;Autres points d'intérêt;Le Polydome, situé dans le centre de Clermont-Ferrand, est un centre des congrès moderne et polyvalent, idéal pour accueillir toutes typologies d’événements (réunions, séminaires, congrès, salons, soirées de gala, conférences, road-show). ​;;0/0a/13-0aa0a2cc-4341-3324-81cc-aa234422f05a.json
Guilaine Parraud - Au pied des Alpes;Autres points d'intérêt;"La réflexologie plantaire est une technique de toucher à la fois douce et naturelle qui favorise la capacité d'autoguérision de l'organisme

Le massage Amma assis est un enchaînement précis de techniques qui soulage les tensions et détend le corps.";;0/0a/13-0aa1347f-3e04-3394-972f-0009ba43a047.json
VERTICAL’ ART;Shopping et artisanat;La salle de bloc Vertical’Art vous accueillera tous les jours à Saint-Martin-D’Hérès dans un grand espace de 1700m², aux profils et niveaux variés et renouvelés chaque mois.;;0/0a/13-0aa2115a-033d-3b2d-981a-99881cc82817.json
Le Col de la Loge des Gardes;Nature et détente;Cinq cols sont répertoriés dans le département de l'Allier. La Montagne Bourbonnaise est le territoire le plus élevé du département. Et très logiquement, c'est dans cette zone de moyenne montagne que les principaux cols sont situés. On en dénombre quatre.;;0/0a/13-0aa30e17-96fe-3383-b528-59cc9016da8e.json
Ciné Lumière;Autres points d'intérêt;"Le Ciné Lumière est un cinéma de 3 salles classées Art et Essai pour un total de 434 fauteuils.
Elles sont équipées en projecteur numérique 2K et Son Dolby 7.1.
Projection numérique - films en vost - soirées débats/rencontres/avant-premières...";;0/0a/13-0aa467df-0f39-378e-b0d3-7b5f434113f9.json
Médiathèque;Culture et patrimoine;L’adhésion est gratuite pour les habitants de la commune et des communes avoisinantes ainsi que pour les vacanciers sur présentation d’une pièce d’identité.;;0/0a/13-0aa4ec56-88f8-38b7-a7f1-114ab49cb1f1.json
Forma Fit;Autres points d'intérêt;Envie de faire un peu sport dans un espace convivial et décontracté ? Essayez Forma Fit. Cet espace de remise en forme dispose de nombreux appareils pour le renforcement musculaire et le cardio training.;;0/0a/13-0aa842ce-4f67-39ba-aa32-63ce0c3dbe95.json
MuPop : Exposition temporaire Golf Drouot Acte II (1968-1981);Culture et patrimoine;Le MUPOP met en avant ce lieu de référence comme un héritage incontournable pour comprendre l’évolution du rock en France. Cette exposition souhaite rendre hommage à ces années de créativité effervescente, à ces soirées mémorables et à tous les artistes !;;0/0a/13-0aa92b07-45d9-32d8-aaf4-9558affa56a9.json
Circuit moto vers le Mont Gerbier de Jonc;Nature et détente;Circuit moto en direction du Mont Gerbier de Jonc culminant à 1 551 mètres d'altitude. C'est un site très apprécié en Ardèche de part sa forme particulière et son extraordinaire richesse naturelle.;;0/0a/13-0aa961bc-f007-3b94-bdbb-6708e40d4d4b.json
Plage de la Siauve;Nature et détente;Logée au creux du lac de Bort-les-Orgues, la plage de la Siauve est calme et paisible, vous y trouverez des tables de pique nique ainsi qu'une aire de jeux pour enfants.;;0/0a/13-0aae1fb3-bb83-3cc4-8642-47391f5c873a.json
Patinoire;Autres points d'intérêt;Créée pour les JO de 1992, la patinoire de 30 x 60 m est l’une des plus grandes de la région. Après une journée au grand air, découvrez les plaisirs de la glisse, patins aux pieds!;;0/0a/13-0aafdb3a-540d-3eb4-9cea-b36ae4aa8f62.json
Hôtel L'Escale;Hébergement;L'hôtel est accessible en télécabine à Super-Châtel, de 9h à 17h uniquement;;0/0a/13-0ab1adf1-61d2-3b4a-8bb1-83d3ff98d59d.json
Rivière la Rhue (site de pêche);Sports et activités outdoor;"1ère catégorie
Largeur : 8 à 20 m 			
Maille de la truite : 23 cm";;0/0a/13-0ab4fcc9-3d12-3bc4-b9c8-3c9d4b58f803.json
Grand établissement thermal;Autres points d'intérêt;Ce monument emblématique de la Reine des Villes d’eaux, inauguré en 1903, a été conçu par les architectes Charles Le Cœur et Lucien Woog.;;0/0a/13-0ab634c3-31e0-3304-841d-a7a0858a85f8.json
Camping le Coin Charmant;Hébergement;Le Coin Charmant, camping 3 *, est situé dans un cadre naturel et préservé, en bord de rivière, au coeur des sites touristiques de l'Ardèche méridionale. Baignades en rivière ou farniente au bord de la piscine, animations l'été. Accès direct à la rivière.;;0/0a/13-0ab874f3-b976-3d4a-a053-cdf8fe76a731.json
Hôtel Le Belvédère;Hébergement;L’Hôtel Le Belvédère***, établissement authentique, avec son intérieur rustique , vous accueille lors de la saison thermale, de début Mai à fin octobre.;;0/0a/13-0ab8d0bd-b5b8-38f4-87d5-9926136f863e.json
Brasserie le 6/20;Restauration et gastronomie;Fraichement rénové et travaillant avec des produits frais et dans la tradition Fait Maison, le 6/20 est un concept où vous pourrez boire un verre mais également vous restaurer sur place ou à l’emporter.;;0/0a/13-0ab9c768-cd1d-326d-a270-9c3e6bd73e6d.json
Theizé;Autres points d'intérêt;Juché sur les flancs du mont Bansillon, le village de Theizé semble cristalliser la lumière au milieu de l'écrin des vignes composant un paysage à l'italienne.;;0/0a/13-0abb5b00-7a9f-331c-98ed-69a8903b5417.json
Vestiges d'une Tour du Rempart du XVè s;Autres points d'intérêt;"Au nord de la ville, à cet endroit la Porte du Clocher jouxtait la tour d’Ally (actuel clocher de l’église).
.";;0/0a/13-0abcb73b-525c-3e11-b606-35d5c94c9463.json
Festival Bach en Combrailles - Concert de clôture, Ensemble Akadêmia;Spectacles et événements;Au pied de l'orgue de Pontaumur, une rencontre audacieuse et profonde entre deux chemins de croix, celui - littéraire - de Jean-Pierre Siméon et celui - musical - de Schütz et de Bach réunis avec subtilité par Françoise Lasserre.;;0/0a/13-0abd7514-8e08-30ff-a122-89acd64a45e4.json
Aloth.S-G Traiteur - La Nizière;Autres points d'intérêt;Découvrez le Snack de la Nizière, au cœur de la Dombes, petit paradis nature. Repris cette saison par Stéphane Aloth, traiteur.  Savourez une cuisine simple et déguster une friture ou une andouillette dans un cadre chaleureux, les pieds dans l'eau.;;0/0a/13-0abeb2e2-0962-3952-a1fa-f793b42f2eb7.json
Mobilboard Beaujolais;Autres points d'intérêt;"Explorez le Beaujolais en gyropode Segway ! 
Découvrez le plaisir d'une balade en gyropode Segway et suivez nos guides passionnants et passionnés à travers les vignes du Beaujolais sur des circuits conçus pour tous. Facile, ludique et original !";;0/0a/13-0ac22ace-e19b-3a21-a6fc-5e0bd4a66ee7.json
Hôtel Ibis Clermont-fd sud - carrefour Herbet;Hébergement;Hôtel situé au sud de Clermont-Ferrand à 2,74 km du centre ville.;;0/0a/13-0ac2b7b2-450e-3974-b657-5ae07aa2671a.json
Bar Boris Bistro;Restauration et gastronomie;Bar dansant dans une ambiance conviviale et decontractée .Le tout sur des sons années 70,80,90 .;;0/0a/13-0ac312c2-37d8-35e6-802f-64ee648b552d.json
Patrimoine rural de la Sologne bourbonnaise - Exposition;Culture et patrimoine;Visite libre avec panneaux explicatifs sur rendez-vous. L'association des Amis du patrimoine rural de Sologne Bourbonnaise assure la sauvegarde et l'entretien des collections de l'ancien musée rural de Beaulon.;;0/0a/13-0ac435fa-472a-3bb3-835c-30967499e2df.json
Itinéraire raquette du plateau du Prarion (La Charme);Autres points d'intérêt;Panorama exceptionnel à 360°!;;0/0a/13-0ac67478-6ed7-36e2-95e2-216b56c61b5a.json
Le Kiosque de la Prairie;Autres points d'intérêt;"Vente à emporter ou sur place en terrasse.
Cuisine de produits locaux.";;0/0a/13-0ac7879d-b0fb-34ea-a4cd-e964a50a8e14.json
Rando-Canoë n° 2 Jenzat à Ébreuil;Autres points d'intérêt;Entre Jenzat et Ébreuil, accompagnez la Sioule, via les gorges de Rouzat : aller à pied et retour en canoë. Une formule originale et deux jours de rêve au fil de la Sioule, pour découvrir un patrimoine d’exception, châteaux, viaduc et monde aquatique !;;0/0a/13-0acb2301-a868-31e6-a6ba-402d96cbc522.json
Les Gnolus - Panique à l'alambic !;Autres points d'intérêt;Découvrez les Monts du Lyonnais à travers une expérience ludique et gratuite de géocaching ! Partez à la chasse de Graâl spécialiste de l'histoire et des monuments. Lui et les autres Gnolus vous feront découvrir l'histoire du lieu.;;0/0a/13-0acc9f89-6d57-3a4c-b51b-499516ca86c2.json
L' Embuscade;Autres points d'intérêt;"L' Embuscade, nouveau restaurant, bar à vin et afterwork à Vaulx-Milieu.
Venez déguster une cuisine Maison du Lundi au Vendredi Midi ainsi que le Jeudi et Vendredi Soir.
Produits Frais, Viande Locale, Circuit Court, tout est fait pour ravir vos papilles!";;0/0a/13-0ace9e26-6202-3fd4-9d7f-c555cc26b200.json
La Clé des Champs;Autres points d'intérêt;Camping calme, traversé par une rivière, ambiance familiale sympa : 3 toboggans aquatiques, piscine/pataugeoire chauffée/couverte. Accueil groupe 1/2 pension ou gestion libre. Espace bien-être et location de salle équipée pour cuisiner !;;0/0a/13-0ad0028c-91fd-3bd1-92a5-fbad22e61ac6.json
Restaurant Le Relais Valcastel;Restauration et gastronomie;Brasserie située au bord de l’eau avec une vue imprenable sur le Château de Val. Le Relais Valcastel et toute son équipe vous proposent une carte variée et qualitative.;;0/0a/13-0ad34008-eb83-31e6-8f9c-bce114e266d2.json
Bibliothèque;Culture et patrimoine;Bibliothèque municipale.;;0/0a/13-0ad4123f-8840-39f6-b52d-e47604b923fd.json
Etablissement thermal du Mont-Dore;Autres points d'intérêt;Découverte d'un bâtiment classé en partie monument historique. Édifié entre 1817 et 1823 sur l'emplacement même des thermes romains, l'architecture du bâtiment est de style néo-byzantin.;;0/0a/13-0ad4ea89-7c39-3f5a-a03f-b9e15352c4ad.json
AéroSAT - Ecole de Parapente;Autres points d'intérêt;"Avec AéroSAT - Sports Aériens du Trièves Vercors, découvrez la montagne vue du ciel en parapente, avec des sites magnifiques et une topographie adaptée, en parfaite sécurité avec un moniteur.
Vols découverte biplace et enseignement,";;0/0a/13-0ad6abf7-6607-3077-8256-12c54cd89607.json
Vertic'o;Autres points d'intérêt;Découvrez le canyoning proche de Grenoble avec Vertic’O ou enrichissez votre pratique le temps d’une après-midi ou d’une journée entière, que vous soyez seul, entre amis ou en famille.;;0/0a/13-0adaacd4-80ad-39c7-a5e0-cd32dc836765.json
Site de pêche - Lacustra Étang de La Ramade;Sports et activités outdoor;"Plan d’eau de 83 hectares d’une grande richesse piscicole (Brochets / Carpes / Perches / poissons blancs)
Dans un cadre naturel préservé et limité en nombre de pratiquants";;0/0a/13-0adaf03e-137c-3438-b01c-874e7e6987f8.json
Taxi Torrent;Services et activités encadrées;Taxi 24h/24, 7j/7.;;0/0a/13-0ae0e9cf-bf08-3a46-acd8-975e79039538.json
Le Monal;Autres points d'intérêt;Depuis 1888 et 6 générations, Le Monal vous propose une carte gourmande au gré des saisons dans une atmosphère chaleureuse. Retrouvez également le bar à vins avec une très belle sélection. Un lieu unique pour se retrouver et partager un moment convivial.;;0/0a/13-0ae1dec5-a8d1-3ba8-8141-e065703d7acc.json
Le Rochambeau;Autres points d'intérêt;Location meublé 4 étoiles, idéale pour curistes avec parking privatif.;;0/0a/13-0ae4a17f-7e8d-3e38-9cb0-e642ded57d7b.json
Aventure Géocaching à la Montagne d'Âge;Nature et détente;Amateurs de randonnée et d'activités en plein air, venez découvrir le Géocaching à la Montagne d'Âge ! Guidés par un livret pédagogique et munis d'un smartphone, partez en famille ou entre amis à la recherche de trésors appelés géocaches.;;0/0a/13-0ae92042-9946-345e-96b6-42f5868bbbc8.json
Bibliothèque de Saint-Jean-de-Thurigneux;Culture et patrimoine;La bibliothèque municipale est animée par une équipe de bénévoles, et est rattachée au réseau des bibliothèques de la communauté de communes Dombes Saone Vallée.;;0/0a/13-0aea2983-6991-3f11-94ba-2b3f047c7278.json
Pizzas Le Coin Gourmand;Autres points d'intérêt;"Pizzas 33 cm avec une pâte ""maison"", des paninis et des burgers ""maison"" avec des pains fabriqués en boulangerie, du vin et des boissons à consommer sur place ou à emporter. 
Un distributeur de nos pizzas est également disponible 7j/7j et 24h/24h.";;0/0a/13-0aebd333-c62a-312e-94c4-09cf579c9f74.json
Viaduc d'Arquejols | Rauret;Autres points d'intérêt;Construite en 1902, la ligne de chemin de fer reliant Le Puy à Langogne est fermée à la circulation dans les années 1980. Pour que ce patrimoine ferroviaire perdure, des passionnés vont créer un vélorail dont le point de départ est la gare de Pradelles.;;0/0a/13-0aec1b6b-f3c8-3b47-adcb-fe07fd51ecdf.json
Camping Les Marins;Hébergement;Camping de 2 ha situé en bordure du plan d'eau à moins d'1 km du bourg de Lapeyrouse. Baignade au sein du camping avec piscine privative, plages aménagées à deux pas. Emplacements spacieux, location de chalets bois, mobile-homes et lodges.;;0/0a/13-0aecdc85-8525-33f2-b476-a74ab50bece4.json
Salle à louer de la ferme des Sources;Autres points d'intérêt;La ferme des sources est une exploitation agricole avec un troupeaux de 80 chèvres qui se situe à 20 minutes de Lyon, et propose la location d'une salle de restaurant, d'une mezzanine et d’une terrasse couverte.;;0/0a/13-0aed25ec-6857-3f5f-9776-f87858497ed2.json
Marché hebdomadaire;Spectacles et événements;Vente de fromages.;;0/0a/13-0aed3138-ab28-387a-ad35-04f91f514fe2.json
La Station;Services et activités encadrées;"Un lieu atypique, cool et sympa pour déguster une bière brassée sur place, un verre de vin, un cocktail et savourer une délicieuse pizza maison ou une planche de charcuterie & fromage.
Concerts - DJs - Matchs - Evénements.";;0/0a/13-0aef520a-c26b-3440-9124-a51624208ce8.json
Boîte à livres;Autres points d'intérêt;"Vous avez lu un livre, vous avez envie de le partager, le faire voyager ?
Donnez-le et prenez-en un autre, l'échange est anonyme et gratuit.
La lecture est une porte ouverte sur un monde enchanté.";;0/0a/13-0af166b4-832b-3794-b9eb-bfa6aecc547b.json
Jardin Alpin;Nature et détente;Cette balade urbaine avec, malgré tout, quelques passages dans la verdure, vous emmène à la découverte de certains des plus beaux hôtels de la station.;;0/0a/13-0af29ee6-260c-39f5-b639-28e02612bc38.json
Cinema Agora;Culture et patrimoine;Le cinéma Agora dispose de 2 salles.;;0/0a/13-0af3e9a7-5471-3b5d-920a-df25b5a11ae6.json
Damien Souvy - Guide indépendant;Autres points d'intérêt;Guide de Montagne Indépendant sur Champagny en Vanoise je suis prêt à vous guider été comme hiver dans nos belles montagnes.;;0/0a/13-0af3f6de-8b9a-35f4-9ce7-d28305d2e61d.json
Marché d'Eclose-Badinières;Spectacles et événements;Retrouvez votre marché à Eclose-Badinières tous les vendredis matin sur la Place de la Poste. Celui-ci est composé de 3 commerçants : un primeur, un éleveur de porcs et un foodtruck de produits bretons sont présents chaque semaine.;;0/0a/13-0af3fa49-0994-3a4c-b821-02eeb3675f30.json
De silhouettes en silhouettes : De haut en bas;Autres points d'intérêt;Tout au long de l'itinéraire, vous circulerez au gré des chênes blancs, verts et kermés, des genêts, murs d'épierrement et anciens murs de soutènement agricoles, de thym, iris sauvages......;;0/0a/13-0af887ad-2dc1-3bd5-aabb-7d2890906c49.json
Brasserie La Fontaine;Restauration et gastronomie;Bar Brasserie au centre ville d'Hauteville-Lompnes.;;0/0a/13-0afc14fb-09e0-32ac-84e7-6c8706ea5d54.json
Mine de la Rodde;Autres points d'intérêt;Partez sur les traces des mineurs d'autrefois pour une visite guidée d'environ 1h30 dès 7 ans, en compagnie d'un guide expérimenté pour explorer des galeries creusées durant l'Antiquité!;;0/0a/13-0afc6486-cd18-339b-872b-f8d7fb094214.json
Brocante de Billy;Autres points d'intérêt;Découvrez la Brocante de Billy !;;0/0a/13-0afd6fc8-dad0-3df4-9e0f-085e65812ff9.json
Eglise notre dame;Culture et patrimoine;L'église actuelle a été construite sur le site d'une église médiévale, Notre- Dame de Jolivette. Les travaux ont eu lieu entre 1882 et 1887.;;0/0a/13-0afe75d7-f3c3-3e87-baf9-7a7f1b5f3f28.json
Glacier du Tour;Autres points d'intérêt;Le glacier du Tour est un glacier de France situé dans le massif du Mont-Blanc, sur la commune de Chamonix-Mont-Blanc et qui surplombe le hameau du Tour au fond de la vallée de Chamonix.;;0/0a/13-0afefa22-81c2-38b0-b86d-6332e2cdbe7d.json
Bibliothèque municipale de Saint-Georges-de-Commiers;Culture et patrimoine;L’accès à la bibliothèque et la consultation sur place sont gratuits et ouverts à tous.;;0/0a/13-0aff0f7f-62b1-3e25-b491-e90a03bfaeee.json
Bar-snack La Terrasse du Savage WakePark;Restauration et gastronomie;"Au bord du Lac aux Ramiers, notre terrasse vous accueille pour une pause ""chill"". Sur place ou à emporter : boissons, petite restauration (planche charcuterie/fromage, burgers, hot-dog, wrap, paninis, steak-frites, salade César...), desserts, smoothies...";;0/0a/13-0aff92cb-3523-38dd-be46-9d3bd51af70c.json
Rocher d'escalade - La Chartreuse Port-Sainte-Marie;Services et activités encadrées;Le secteur rassemble des voies de 15 m à 20 m, de niveaux allant de 3A au 5C+. L'orientation générale du rocher est sud/ouest. Granit fracturé.;;0/0b/13-0b01c356-f40b-3d1d-8475-8fc2e634b2c9.json
Route touristique du Col de la Ramaz;Nature et détente;Col mythique du Tour de France, il permet de passer du plateau de Sommand à celui de Praz de Lys. Point de vue exceptionnel sur la chaîne du Mont Blanc.;;0/0b/13-0b042def-78a4-32e6-aaa1-af56349a917a.json
Résidence Appart'City Grenoble Inovallée;Hébergement;"Etablissement récent (2012)
90 studios et appartements au coeur du quartier de la Technopole Inovallée (350 entreprises de pointes)
Accolé à la Brasserie Quartier Gabriel, qui dispose aussi de 3 salles de séminaires";;0/0b/13-0b06849f-9394-3451-890b-59dd4bfb420a.json
Cité Internationale de la Gastronomie;Restauration et gastronomie;La Cité de la Gastronomie n'est plus visitable ni accessible au grand public.;;0/0b/13-0b079ee0-2a75-3122-ad7d-02533ca579df.json
La chapelle Notre Dame d'Allan;Culture et patrimoine;"La Chapelle Notre Dame d'Allan, connue sous le nom de ""chapelle Barbara"", est située en pleine campagne, à quelques pas du vieux  village d'Allan.Les vestiges date du XIIe siècle";;0/0b/13-0b08e55d-9f5f-3ac2-997b-36af4f2bc0ea.json
Plage de Nernier;Nature et détente;Prenez plaisir à vous baigner dans le plus grand lac d'Europe occidentale : le Lac Léman. Dans le cadre traditionnelle non loin du petit village de pêcheur qu'est Nernier. Petits et grands trouveront leur bonheur sur cette magnifique plage.;;0/0b/13-0b09866c-ea0e-3015-a90a-fbb0c455bdab.json
Canyon de L'Ecot à Bonneval sur Arc;Nature et détente;Le canyon de l'Ecot de Bonneval sur Arc en Haute Maurienne Vanoise est réputé pour sa beauté et son caractère ludique. Contactez les guides locaux et agences multi-activités pour le découvrir en toute sécurité.;;0/0b/13-0b09dc37-205b-3735-9b79-e5969fc705ce.json
Galerie Blin;Culture et patrimoine;"Œuvres d'artiste d'ici et d'ailleurs, peintures ""carnet de voyage"", surréalisme, street art.";;0/0b/13-0b0a924a-5da9-3873-8279-3e89f0dd314d.json
Base Nautique et de Plein Air;Autres points d'intérêt;"Location de Canoë, Kayak, Optimist ou Catamaran 470, avec ou sans moniteur.
La base de voile propose également des stages pendant les petites vacances scolaires, se renseigner.";;0/0b/13-0b0b078a-9416-3231-8e9c-43d2ee4889fd.json
Le bistrot de la Poste;Restauration et gastronomie;"Entre ambiance chaleureuse & cuisine traditionnelle cette adresse sera vous ravir le temps d'un moment de convivialité. 
Au cœur du village de Peisey venez découvrir le Bistrot de la Poste dans l'ancien bureau de poste du village.";;0/0b/13-0b0b7e05-1959-3326-ad51-05e1c4d24c58.json
Ibis Budget Annemasse - Genève;Autres points d'intérêt;"Classé 2 étoiles.
Ibis Budget Annemasse – Genève vous propose des chambres pour 1,2,3, personnes équipées d'une douche, toilettes, TV satellite, parking et wifi gratuit.";;0/0b/13-0b0bb9eb-9c3d-3d5f-bf3d-0ca65f1b361c.json
Aire de jeux Mairie de Chamonix;Services et activités encadrées;Petite aire de jeu équipée d'un tourniquet  derrière la Mairie de Chamonix.;;0/0b/13-0b0c4784-c006-3aa0-bba9-f2778bbd796a.json
5 - Promenade aux Verneys - Itinéraire de VTT / VTTAE;Sports et activités outdoor;Ce parcours boisé vous mènera aux Verneys où sont exposées les sculptures de paille et foin. Apprécié des famille et des débutants, cette balade longe la rivière et passe par le nouveau bike park. Profitez-en pour découvrir ses différents ateliers !;;0/0b/13-0b0d1c59-8233-3da6-b5c8-72d00d60155b.json
Hôtel Auberge Les Murets;Hébergement;Hôtel élégance & restaurant gourmand Logis. Dans un parc de 3ha, notre Maison abrite 16 chambres climatisées à l’esprit contemporain. Piscine chauffée, solarium, jacuzzi et sauna. Massages sur place, location VAE (local vélo équipé).;;0/0b/13-0b0db42f-d3c0-3bab-b8c2-72f816e50831.json
Eglise de l'Assomption d'Epierre;Culture et patrimoine;"Epierre compte 531 habitants lorsque débute, en 1859, la construction de la nouvelle église avec les plans de l'architecte Théodore Fivel de Chambéry.
Orientée à l'est, la nouvelle église en plan basilical est de style néogothique (XIXe siècle).";;0/0b/13-0b0ecce9-c3b7-3901-9bf5-054dffa2a3ec.json
Gîte de groupe Pordatach;Hébergement;"Idéal pour des réunions de famille, en pleine campagne dans un cadre très spacieux. 
Parfait également pour des conférences professionnelles.
Pordatach : l'endroit où l'on aime revenir !";;0/0b/13-0b0fc25f-f5fb-3c7d-ad38-0c129f786d32.json
Le massif des Gures et son ancien camp celtique;Autres points d'intérêt;"Oppidum occupé par les premières tribus celtes. 
Vestiges enfouis dans la végétation : fortification faite de blocs de schistes empilés, pierre dite LABY au sommet de la falaise sud-ouest, pierre horizontale présentant une rainure.";;0/0b/13-0b0fe16a-ae0f-3982-9b3b-2d124e9fce96.json
Le Fournil Tençois;Autres points d'intérêt;La boulangerie pâtisserie « Le Fournil Tençois » vous enchantera les papilles avec ses  nombreux  pains, viennoiseries et pâtisseries. Sans oublier  les  chocolats, et  sa  spécialité : La châtaigne.;;0/0b/13-0b115dbf-d13d-37c4-9e85-2c33b891efe8.json
Piste de ski de fond rouge de la Verrerie;Sports et activités outdoor;Piste difficulté moyenne 6 km;;0/0b/13-0b13aa13-571e-394c-ab5d-855dff8b29f3.json
Piste de luge accès libre Le Revard;Sports et activités outdoor;Savoie Grand Revard, c’est 3 pistes de luges sécurisées avec des longueurs et des pentes adaptées à chacun pour que la glisse devienne un plaisir pour les tout-petits et les grands enfants.;;0/0b/13-0b166485-bcb0-3173-9f71-192816161ab7.json
Exposition - Résonance;Culture et patrimoine;Un écho pictural entre matières et couleurs - Pastels, peintures et céramiques.;;0/0b/13-0b16c032-853e-3912-a7e4-89230131d24b.json
7 22;Autres points d'intérêt;Le 7/22 vous accueil a Méribel Mottaret sur la piste Perdrix pour le petit déjeuner du matin, Snacking du midi avec une ambiance relax pour l'apres ski.;;0/0b/13-0b209a7c-22d4-3bd3-9b02-93fa137e4147.json
Site de pêche - Plan d'Eau La Bregirolle;Sports et activités outdoor;"L'étang de la Bregirolle est un site propice aux pêcheurs.
Une aire de pique-nique est à la disposition de tous les visiteurs ainsi que des jeux d'enfants. Une plage est accessible mais la baignade est interdite.";;0/0b/13-0b2255af-6080-3030-bdc1-d28dda719e96.json
Centrale hydroélectrique;Autres points d'intérêt;Découvrez comment fonctionne une centrale hydroélectrique et la particularité de cet aménagement en effet : la centrale de Randens est alimentée par le barrage d' Aigueblanche, sur l'Isère (en Tarentaise), grâce à une galerie qui traverse la montagne.;;0/0b/13-0b245c41-ccee-3212-84dd-4480ad081ff8.json
Taxis Celle;Autres points d'intérêt;Votre service de transport 7 jours / 7.;;0/0b/13-0b2496db-a60a-3358-aaea-af4cf2331a0f.json
Bar et restaurant du Refuge de Rosuel;Restauration et gastronomie;Bar restaurant à la porte du Parc national de la Vanoise. Petite restauration faite maison, locale ou bio, glaces, tartelettes, boissons chaudes et fraiches. Sur réservation de préférence en soirée.;;0/0b/13-0b2526a1-8831-3686-86d6-54a571e23863.json
Le Shanghaï;Autres points d'intérêt;"Spécialités asiatique faites maison, sur place ou à emporter du lundi au samedi.
Brunchs tous les dimanches matins.
À emporter tous les dimanches soirs.";;0/0b/13-0b27cb92-47fd-358e-9596-c1f96cfa0720.json
La Panoramique;Autres points d'intérêt;Itinéraire difficile de ski de randonnée, départ maison du Grand Veymont, avec une montée en forêt.;;0/0b/13-0b2caa5e-526a-32c1-a381-5fd307840dfb.json
Restaurant La Crêp'rit du Chinaillon;Restauration et gastronomie;Des crêpes salées et sucrées, mais aussi des salades et planches charcuterie et fromages à déguster en extérieur ou dans un intérieur chaleureux.;;0/0b/13-0b2ce059-f485-3f75-8650-da2493691957.json
Piscine intercommunale de Belley;Sports et activités outdoor;"La piscine sera fermée à partir du 1 juillet 2024 pour travaux, elle rouvrira premier semestre 2026

Un bassin de 25 m sur 12,5 m d'une profondeur constante de 2 m et un bassin d'apprentissage de 12,5 m sur 10 m, d'une profondeur maximum de 1 m 40.";;0/0b/13-0b2d8a52-c334-3ab7-a617-f7c2a98246aa.json
Marché du dimanche;Spectacles et événements;"Un traiteur ""Tomate&Basilic"", la chèvrerie du Rivier et un maraicher sont présents toute l'année.";;0/0b/13-0b2e2cb7-eec9-3404-bfaa-e768bed3e63f.json
Trail nocturne du Haut-Bugey;Sports et activités outdoor;Le site de La Praille est à nouveau le cadre de l'édition hivernale des Intenses Sessions pour nous faire courir les sentiers à la lueur de la frontale ! Venez passer une soirée exceptionnelle dans un cadre féérique avec des courses pour tous les âges.;;0/0b/13-0b2f936e-c490-37de-b530-8d46fd9d05df.json
Pumptrack;Autres points d'intérêt;Venez enfourchez votre vélo, ajustez votre casque et venez découvrir les joies du Pumptrack dans notre station.;;0/0b/13-0b307c46-73ad-308c-b52a-0ca72340e0a3.json
Ecole MCF;Autres points d'intérêt;Ecole de VTT;;0/0b/13-0b38bec1-43b3-3f0c-85fe-677d40829762.json
Clermont Foot 63 vs Saint-Etienne;Autres points d'intérêt;Rendez-vous au Stade Gabriel Montpied pour le prochain match à domicile du Clermont Foot 63 !;;0/0b/13-0b3c81da-bee1-3a4c-a815-8fb633b8bf4c.json
GR®3: Du val de Besbre à la Montagne Bourbonnaise;Nature et détente;Premier GR® balisé en France et d'une longueur de 1 240 km, le GR®3 traverse en un axe Nord/Sud le département de l'Allier dans sa partie Est sur 96 km.;;0/0b/13-0b3dfe4f-feb1-32f9-94ea-afb0c22012aa.json
"Exposition contemporaine ""Mariage de raison""";Culture et patrimoine;"Regard sur la collection Frison-Barret Session 3
Commissaire et scénographe / Alain-Christian Barret

Vernissage le 7 mars 2025 à partir de 18h
Exposition du 8.03 au 7.09.2025
Entrée Libre, lieu accessible aux personnes à mobilité réduite";;0/0b/13-0b3e4eb3-3e1f-329a-8d51-0537a968d20d.json
Parc de Bois Doré;Nature et détente;Dans le parc de Bois Doré vous pouvez parcourir un sentier de découverte des arbres, accessible au PMR, des jeux pour les enfants, un skate parc et un parcours de santé.;;0/0b/13-0b3f0a04-0caa-3406-94d4-f7cea2630275.json
Domaine équestre du Moulin;Autres points d'intérêt;Le centre équestre est implanté dans le cadre fabuleux d’un ancien moulin, dans un espace de 5 hectares de verdure et de sous-bois réservé au cheval.;;0/0b/13-0b3faa63-94f2-3b2e-9e49-0885f16b5c31.json
Le Sporting;Autres points d'intérêt;Un décor rustique et chaleureux au service du terroir savoyard. Sa terrasse et son jardin sont situés au cœur de la zone piétonne. Des menus régionaux et toutes les spécialités savoyardes sont servis à la méthode traditionnelle.;;0/0b/13-0b3fd1e3-fbee-37d5-97c4-418ce43f912e.json
Pizzas à emporter - Pain de la cascade;Autres points d'intérêt;Le Pain de la cascade vous propose de délicieuses pizzas à emporter;;0/0b/13-0b408701-a943-3f76-bdab-406f82ccfb77.json
Camping Sun Camping;Hébergement;Idéalement situé entre Ruoms et Vallon Pont d'Arc, notre Camping est familial et ombragé, situé à 150 m de la rivière Ardèche. Piscine chauffée avec pataugeoire. Location de canoë Kayak, épicerie à 20 mètres.;;0/0b/13-0b40b06d-d23a-3e97-bff5-61fddbdefd6e.json
Terrain de tennis;Sports et activités outdoor;Un terrain de tennis situé au village de Sainte-Foy.;;0/0b/13-0b411089-d566-33b9-8f1c-e46fd46a9d8f.json
Bibliothèque Pour Tous;Culture et patrimoine;"Association agréée par le Ministère de la Jeunesse et des Sports, en 1973, comme Association Nationale d'Education Populaire.
http://www.uncbpt.com
Premier réseau associatif de lecture publique en France, avec 1016 bibliothèques.";;0/0b/13-0b42e2fb-b64a-353a-a3ec-5c8b75926ae3.json
Parc du Pillon;Nature et détente;Dans ce parc de 18 000m2 ont été aménagés un parcours sportif de 800m (accompagné d’une signalétique pédagogique sur des thèmes environnementaux) et une aire de jeux pour les enfants de 1 000m2.;;0/0b/13-0b43e23d-24f6-3c4e-b7f4-e9fd52055b27.json
Ecole de Parapente : Air Léman;Autres points d'intérêt;Spécialiste du vol découverte en biplace, Air Léman vous invite à une aventure inoubliable au dessus des montagnes et du Lac Léman, plus grand lac d'Europe occidentale. Depuis les Mémises, découvrez les sensations de plaisir et de liberté du vol libre !;;0/0b/13-0b450e8f-1eb6-3e90-b3a1-69e48ac11eff.json
Site d'escalade de la Joux;Autres points d'intérêt;Entre Chamonix et Argentière, accessible à tous, de débutant à expert...;;0/0b/13-0b46f5e1-6f56-304c-9ca5-58a10d0d4c81.json
Relais Cyné de St Bueil;Autres points d'intérêt;Bienvenue au Relais Cyné de St Bueil. Nous pouvons vous accueillir le temps d'un pique niqu ou pour une étape en bivouac. Table de pique-nique, barre d'attache pour chevaux, abri et parking sont mis à votre disposition.;;0/0b/13-0b47f57a-f1b3-3bbd-b674-6d2a7c37bff0.json
Médiathèque de Vénissieux Lucie Aubrac;Culture et patrimoine;Médiathèque sur 5 000 m², collection de 130 000 documents : livres, revues, CD audio, DVD, cédéroms, etc. Accès aux services multimédia...;;0/0b/13-0b49f04d-a2f4-30f7-9c0a-a5768ace1df6.json
Marché;Spectacles et événements;Marché hebdomadaire.;;0/0b/13-0b4a7b18-3837-3441-9be0-27acf7fbc1d1.json
Les Fougères;Autres points d'intérêt;Camping Les Fougères situé à 300m de la plage et 500m du bourg par des chemins forestiers. Location mobil-home ou chalet avec 2 ou 3 chambres. Piscine couverte et chauffée ouverte d'avril à fin septembre. Emplacements de camping délimités par des haies.;;0/0b/13-0b4aa769-94bc-369b-853f-3e25adb8036c.json
L'Etoile des Neiges;Autres points d'intérêt;"Labellisé Maître Restaurateur, le restaurant L'Etoile des Neiges (2 fourchettes au Guide ""Rouge"") propose une carte variée et généreuse distinguée par le Guide de Gilles Pudlowski. Très belle terrasse au coeur du village, à deux pas des pistes.";;0/0b/13-0b4b1b07-2314-3ce2-8c49-ec2ec0141a06.json
Les Gnolus - C'est Oingt mais c'est beau !;Autres points d'intérêt;"Découvrez le Beaujolais avec le géocaching : une chasse aux trésors à vivre en famille ! 
Au cœur de ce village classé parmi les beaux villages de France, cherchez le Gnolu Öpinell qui s'est évadé tout en découvrant le magnifique patrimoine du village !";;0/0b/13-0b4be081-2d17-38d4-a004-79acc652821f.json
Via Ardèche - tronçon cyclable Lalevade-Labégude;Autres points d'intérêt;La Via Ardèche - portion de Lalevade, démarre dans le quartier de La Clape, lieu en accès libre et gratuit aménagé pour les sports de plein air : vélos, VAE, VTC, marcheurs et autres sportifs bienvenus ! Moins de 5% de pente, 6,4km en aller-retour.;;0/0b/13-0b4d0784-3a34-3c05-b5d4-78e9785165ab.json
Galerie d'Art Rannaz / Expression d'Artiste;Shopping et artisanat;A_GENERER_VIA_IA;;0/0b/13-0b4db549-c2d4-3287-b423-a20c4092a227.json
"Les Cygnes - ""Chez Jules""";Autres points d'intérêt;Famille de pêcheurs et restaurateurs, la famille Plassat Jules vous accueille depuis 1938 et 4 générations dans une ambiance familiale, tout au bord du lac. Poissons frais du lac, produits frais et locaux et du tout fait maison.;;0/0b/13-0b50a0ea-27a1-376e-a139-fe271673d5a1.json
Location matériel Via Ferrata - Verisport;Hébergement;Location Via ferrata pack complet uniquement : baudrier, longe, casque.;;0/0b/13-0b512404-b041-3e62-bf64-ec8981f8ae21.json
Aventure & Coopération;Autres points d'intérêt;Yannick Billard est accompagnateur en montagne et a crée Aventure & Coopération pour vous accompagner dans vos projets et voyages solidaires.;;0/0b/13-0b5286a5-fad7-3835-9685-f4e8ae745fdd.json
Moulin des Palles;Autres points d'intérêt;Niché au creux d'une magnifique vallée, le moulin tourne avec une très belle roue alimentée par le trop plein du Gour de Tazenat. Exposition d'outils anciens.;;0/0b/13-0b5331e0-694b-372a-b0e1-2ae948f097f0.json
Camping l'Ile aux Perdrix;Hébergement;Dans un parc arboré de 19 ha, le camping vous accueille dans une ambiance familiale, conviviale et amicale. Des activités pour toute la famille (baignade, mini-golf, baby-foot,multisports...) sont proposées pour des vacances chaleureuses et simples.;;0/0b/13-0b54a9f9-70d7-3cea-b45b-6b4e15349fa2.json
Les Pierres Blanches;Autres points d'intérêt;Ce restaurant familial, situé à l'arrivée du télésiège des Pierres blanches, au bord de l'unique piste de retour de la Plagne à Montchavin, et du départ du télésiège du Dos rond, vous accueille depuis 1975;;0/0b/13-0b568a50-6ef7-3325-8962-29c980511003.json
Stade de football;Sports et activités outdoor;A_GENERER_VIA_IA;;0/0b/13-0b56ac31-4414-3da4-bc7c-77fbf3b5d6b1.json
Tennis du Biot;Sports et activités outdoor;Envie d'échanger quelques balles ? Profitez du terrain de tennis qui est à votre disposition au centre du village du Biot.;;0/0b/13-0b56f0b4-ebee-3f7e-ba7b-353e26fbe5fc.json
Rencontre  au refuge du Fond D'Aussois avec un garde du Parc national de la Vanoise;Nature et détente;A 17h30, rendez-vous au refuge pour échanger avec un garde-moniteur du Parc national de la Vanoise;;0/0b/13-0b57dfda-51ee-31e4-81a5-33fc626adef1.json
Circuit Randoland Vourles;Nature et détente;""" Finies les balades où les enfants traînent les pieds ! "" Il va leur falloir ouvrir l’œil pour aider l'inspecteur Rando a résoudre les énigmes le long de cette jolie balade familiale de 3,5 km à la découverte du village de Vourles et de ses vergers.";;0/0b/13-0b59350b-6e9b-3428-ae95-5518918afd13.json
B7 - Pracoua Les Granges - Départ Méribel;Autres points d'intérêt;Boucle entre prés et forêt à la découverte des montagnettes avec vue sur les différents quartiers de Méribel centre;;0/0b/13-0b5ba736-e222-361f-a6f0-1874fcda16c7.json
Centre culturel et des congrès André Grosjean;Autres points d'intérêt;Pour vos congrès, séminaires, conventions, salons, expositions, billetterie des spectacles... l'équipe du Centre des Congrès s'adapte à vos besoins.;;0/0b/13-0b5e867d-f300-3216-8b18-b132adba757e.json
Livron;Autres points d'intérêt;Perché au centre de la Vallée du Rhône et à la porte d’entrée de la Vallée de la Drôme, le site du Haut-Livron a toujours occupé une position stratégique. Place forte des évêques de Valence puis bastion protestant, Livron possède une histoire riche.;;0/0b/13-0b5eac97-0c96-3062-9ed8-eece57ee3a56.json
Église Saint-Julien;Culture et patrimoine;Église avec un choeur (fin XIVe) de style gothique flamboyant.;;0/0b/13-0b60059a-a083-35e1-87d0-48464e8ee503.json
Restaurant Aux Ducs de Bourbon;Restauration et gastronomie;Situé au centre-ville dans un quartier calme proche de la cité médiévale du vieux Montluçon, l'hôtel des Bourbons vous accueille dans sa très belle bâtisse de la fin du 19ème siècle.;;0/0b/13-0b61f805-5927-312d-b352-ab23a7ababc1.json
Camping les Actinidias;Hébergement;Camping familial situé au bord de la rivière Chassezac et à côté du Bois de Païolive. Accueil en toute simplicité pour vous offrir des vacances relaxantes ou sportives.;;0/0b/13-0b6389f9-99e6-33cc-8c53-14d85612226a.json
La retenue de la Girotte;Autres points d'intérêt;La Girotte est un lac de retenue dans un très beau cadre de montagne. La pratique de la pêche se complique parfois lorsque les eaux provenant des glaciers du Mont Blanc deviennent laiteuses.;;0/0b/13-0b64c914-aad5-3af2-be38-5c69a21e06cf.json
Oxygène Glisse & Aventure;Autres points d'intérêt;"Parcourez 5kms de piste depuis le Col de la Croix-Fry jusqu'au village de La Clusaz à bord de votre luge à volant équipée de frein !
Encadré par des moniteurs de ski diplômés, profitez de près d'une heure de glisse dans un décor de rêve....";;0/0b/13-0b6767d9-d50f-35d2-a78b-2167dee0f396.json
La Hutte Gauloise;Autres points d'intérêt;Restaurant au charme d'antan, situé sur le plateau de Gergovie et offrant une vue dégagée.;;0/0b/13-0b67a22c-4792-33cd-acac-d33da070aad6.json
WWE Friday Night Smackdown;Autres points d'intérêt;La WWE revient à la LDLC Arena de Lyon-Décines pour le Friday Night Smackdown le 29 aôut 2025 ! Inscrivez-vous à l’alerting dès maintenant pour ne pas rater la mise en vente !;;0/0b/13-0b690ab1-3617-301b-91a3-24c20d5025e9.json
Bureaux and Co;Autres points d'intérêt;"Trouvez votre espace de travail flexible.
Nous concevons et animons des espaces de travail pour vous et vos équipes afin de vous permettre de vous concentrer sur l'essentiel de votre activité.";;0/0b/13-0b6b999a-7dac-3120-9782-4c324353f06e.json
Hôtel Le Relais du Bois Vialotte;Hébergement;"Un hôtel dans un nid de verdure où vous serez séduit par le calme et le silence.
Le restaurant de l'hôtel, uniquement réservé à la clientèle, vous servira une cuisine de terroir authentique.";;0/0b/13-0b6c1b84-48a3-3e14-92ee-727329d2d1c4.json
Les rives du parc;Nature et détente;Studio meublé de 26 m² (en rez-de-chaussée), à proximité immédiate du quartier thermal et historique (130 m), du Parc Napoléon 3 bordant le lac d'Allier (200 m) et des thermes (400 m).;;0/0b/13-0b6c7f52-29ee-379f-a5b7-51970535dd82.json
Château des Tours Gîte du Vigneron;Hébergement;Gîte de groupe aménagé dans un ensemble architectural du XIIème siècle de caractère, au coeur du vignoble beaujolais, à 12 km de Villefranche, comportant ds un bât. mitoyen un autre gîte de 46 lits.;;0/0b/13-0b6cb9ea-4480-31bc-9e8c-079232c5ae47.json
Espace Patinoire;Autres points d'intérêt;"La patinoire de Méribel est accessible à tous au Parc Olympique !
Nocturnes, découverte en famille et pour les enfants avec matériel pédagogique (quantité limitée).";;0/0b/13-0b6d265e-3a83-374d-92a4-346f2eee3613.json
GÎte Le Rocher;Hébergement;En surplomb des Gorges de la Sioule, avec une vue imprenable sur la rivière et le château, le gîte vous propose calme, bien être et sérénité au cœur de la nature.;;0/0b/13-0b6df6a6-8bf9-377d-993f-8c07edd99bcc.json
L'évidence;Autres points d'intérêt;Le petit restaurant, spécialisé en cuisine orientale, se situe dans le centre ville derrière le Marché Couvert.;;0/0b/13-0b6df824-8cca-373b-94cd-703dd6ae3026.json
Hôtel-Restaurant Auberge du Tétras-Lyre;Hébergement;L'hôtel** du Tétras-Lyre chaleureux et familial est situé au centre du Village de Vassieux-en-Vercors en Vercors Drôme. Idéalement placée pour les séjours d'été et d'hiver, vous pratiquerez le ski, des sorties chiens de traineaux, la randonnée, le VTT.;;0/0b/13-0b6f2450-48c6-3523-b1d0-d77ca7ce238d.json
Château de Clusors;Culture et patrimoine;"Ouverture des extérieurs uniquement pour les Journées du Patrimoine.
Le château de Clusors est situé sur une ancienne motte face à Saint-Menoux et contre la forêt de Bagnolet.";;0/0b/13-0b6f359f-59c7-30df-8dc6-4c6957503599.json
Base de loisirs - Plan d'eau Le Bassin;Nature et détente;Base de loisirs (pêche et aire de jeux) située dans un cadre agréable et tranquille à proximité de la voie verte sur le chemin de halage du canal latéral à la Loire.;;0/0b/13-0b7185a1-f41b-372a-8b5f-7e9bcc9b4767.json
Bibliothèque municipale;Culture et patrimoine;Sur place, vous pouvez consulter tous les documents de la bibliothèques, romans, documentaires, mensuels, BD, pour petits et grands, ainsi que des liseuses, une tablette numérique...;;0/0b/13-0b71ac61-4962-3817-b14e-d94ea45e1786.json
Hôtel l'Aiguille Noire;Hébergement;Au cœur de la station et de ses équipements, l'Aiguille Noire se situe à moins de 5 mn des infrastructures principales de Valloire. Hôtel au premier étage et Appart’hotel disponible au 2ème étage.;;0/0b/13-0b72bf72-b8e0-3b39-9ef1-d9c7d3434d16.json
Piste cyclable d'altitude Tougnète;Autres points d'intérêt;Piste d'altitude uniquement réservée aux vélos, la montée des Menuires à Tougnète vous offre des points de vue imprenables sur la Vallée des Belleville. Ces 7 km de montée peuvent se rouler à vélo de route, ou en Ebike, sans être gênés par la circulation.;;0/0b/13-0b73a548-c73a-35d6-86db-66db7ba073af.json
Médiathèque de Saint-Cernin;Culture et patrimoine;Multitude d'activités sont possibles à la médiathèque de Saint-Cernin.;;0/0b/13-0b749649-851a-325a-8223-d69492f5dcf7.json
"Rivière ""l'Appéum""";Autres points d'intérêt;Prenant sa source à Francheleins et rejoignant la Saône peu après avoir quitté la commune, l’Appéum est une rivière propre et sportive pour la pêche à la truite. Vous pourrez l'admirer en empruntant les circuits de randonnées pédestres de Francheleins !;;0/0b/13-0b763b28-ac8f-31ce-b6ce-cef6366b4307.json
Camping Le Jalinier;Hébergement;Situé au pied du rocher du Saint Julien et en bordure de l’Ouvèze, proche des commerces et services, le camping municipal vous accueille dans un environnement calme, propice à la détente et au repos.;;0/0b/13-0b7841f2-454c-3c69-a697-817bf0d95e67.json
MOS PUB Mercière;Restauration et gastronomie;Le MOS PUB Mercière vous accueille sur sa grande terrasse, dans son grand intérieur ou sur ses deux belles mezzanines. Un bar proposant un large choix de bières, une belle liste de cocktails et spritz, des plats gourmands et ses fameux tapas !;;0/0b/13-0b78769a-4411-3e2c-977d-349bd0f0f459.json
Randonnées en Baronnies;Autres points d'intérêt;Au cœur du Parc Naturel Régional des Baronnies, venez découvrir la richesse d'un territoire encore méconnu. Partez avec nous sur des sentiers au caractère montagnard et provençal !;;0/0b/13-0b7a0e64-68ff-3a9a-94c5-8060c16a9566.json
Engimono;Autres points d'intérêt;Le restaurant Engimono propose de découvrir la véritable cuisine de la Chine ainsi que sa culture.;;0/0b/13-0b7a8f6b-ad75-3978-be64-b51eeacde4a9.json
Thierry Bardagi - Accompagnateur en montagne;Nature et détente;Naturaliste et instructeur marche nordique, spécialisé Yoga de la marche, Thierry Bardagi vous propose de nombreuses sorties familiales, en pleine nature, dans un esprit chaleureux et convivial.;;0/0b/13-0b7ad74e-85a8-38da-85df-fd3ece618597.json
Le Chantecler;Autres points d'intérêt;Notre restaurant vous accueille dans un cadre chaleureux, venez découvrir notre nouvelle carte inspirée de l'histoire et des origines de notre Chef Wook Girin.;;0/0b/13-0b7b5cb6-8560-32e4-87cd-56371d762c0f.json
Ville à joie | Chanteuges;Autres points d'intérêt;Au service des territoires, des troupes itinérantes multi services passent sur les places des communes pour y proposer, le temps d’une journée, des commerces, des services et de l’animation.;;0/0b/13-0b7c2142-a508-31fa-b1c3-01be3a6277be.json
Zen River Camp;Autres points d'intérêt;Vivez une expérience unique alliant aventure en eaux vives (rafting, kayak, pack raft), bien être, yoga et immersion en pleine nature. Idéal pour se ressourcer et vivre des sentions fortes dans le cadre exceptionnel de la Vallée du Giffre.;;0/0b/13-0b7f2aac-55ce-3c53-8464-c4e7af074911.json
Terre d'Horizon;Autres points d'intérêt;Hébergements bois tout confort en pleine nature, avec espace bien-être et petite restauration.;;0/0b/13-0b816526-a50d-3abb-9a77-e1ad6487c9cc.json
Aiguille de Blaitière;Autres points d'intérêt;L'Aiguille de Blaitière est situé dans le massif du Mont-Blanc et culmine à 3522m.;;0/0b/13-0b85257d-7bd7-3a51-abb4-67cbc693e76d.json
Camping Municipal le Pré du Moulin;Hébergement;Le camping ombragé est situé à proximité du village (300 m) dans un écrin de verdure, il offre un accès idéal aux activités du territoire.;;0/0b/13-0b854df2-052f-3ec9-bf22-7bd8e4da3dc3.json
La Villa Balthazar;Hébergement;Galerie d'art contemporain au cœur de Valence, La Villa Balthazar présente dans son espace d'exposition de 500 m2 le travail d'artistes plasticiens, reconnus ou émergents, de la scène contemporaine.;;0/0b/13-0b8730be-8be6-3bbd-bebf-d0d9b73124d0.json
Décollage de l'Aouille du Criou;Autres points d'intérêt;Spot décollage parapente.;;0/0b/13-0b88147a-c72f-33ce-b505-8a354897ec5f.json
FLYTANDEM;Autres points d'intérêt;"Pourquoi ne pas découvrir la montagne.... depuis les airs !
En route pour cette magnifique aventure, accessible à tous, petits et grands.";;0/0b/13-0b8817a7-f557-3bd0-893a-678a5f1c1e07.json
Equitation Les Crinières de Roche Colombe - Ferme équestre;Sports et activités outdoor;Balades à Cheval ou à Poneys, promenades à l'heure, 1h30, 2h, demi-journée et journée. Stages de demi-journée et journée. Randonnées. Débutant ou confirmé. 2 enseignants diplômés d'état.;;0/0b/13-0b882c9e-5433-3910-82af-6a892880f676.json
Tommy's Burgers;Autres points d'intérêt;Un snack chaleureux, ouvert à tous.;;0/0b/13-0b8b8667-8600-3299-807e-5e167ab21d6f.json
Bakhchich Baba;Autres points d'intérêt;Un cadre digne des Mille et une nuit pour un voyage des sens autour d'une carte imaginative. Tous les vendredis et jeudis soirs des soirées couscous méchoui pour se distraire et se régaler autour de danseuses orientales. Grande tente berbère extérieure.;;0/0b/13-0b8cd782-fccc-328f-866f-74073bc43c68.json
Cuisine en Scène;Autres points d'intérêt;"Le lieu idéal pour tous les fans de ravioles au cœur d'Annonay.
Moules frites l'été";;0/0b/13-0b8e172b-f9cb-30f0-976a-19c06c0d03e9.json
Location de trottinettes électriques;Hébergement;"Location de trottinettes électriques.
Activité proposée aux adultes ou aux enfants de plus de 12 ans accompagnés des parents.";;0/0b/13-0b8ecaf3-1bd2-338f-adb1-fade52acf050.json
Haut Les Grappes – atelier dégustation;Autres points d'intérêt;Vous voulez en savoir plus sur le vin ? Venez apprendre les bases de la dégustation lors d'une initiation, ou découvrir lors des ateliers à thèmes tous les secrets qui se cachent derrière les bouteilles. Mais aussi organisation de wine tour sur mesure;;0/0b/13-0b901729-727c-3039-8081-dff68c03978d.json
Fast Food d'altitude - Burgershack Alt.2600m;Autres points d'intérêt;"Venez découvrir le « Burgershack » !
Pas moins de 7 burgers différents avec le pain de notre boulanger ! 
​Du classic au végétarien, seul ou en menu boisson / frites et/ou dessert, au soleil ou au coin du feu.";;0/0b/13-0b91ccb6-b795-3bba-876e-62f15151fcd9.json
Boulangerie Chez Paul et Emilie;Restauration et gastronomie;Boulangerie pâtisserie artisanale en plein cœur du centre-ville. Venez découvrir notre gamme de pains, viennoiseries et pâtisseries.;;0/0b/13-0b9384b4-d4cd-3385-89c8-d7f1a1ea596b.json
Le Cairn;Autres points d'intérêt;Brasserie pizzéria au cœur de la station d'Arc 1600.;;0/0b/13-0b93bc2b-8c3e-378a-8c19-e18f4cf31740.json
Barrage des Plats;Autres points d'intérêt;"Nouveauté ! Vous pourrez vous adonner à votre loisir préféré sur le barrage des Plats à compter de mars 2025. 
Attention interdiction de pêche sur une zone allant de 50m en amont jusqu'à 50m en aval du mur (réserve).";;0/0b/13-0b940bd8-0360-3bae-af54-246451213cfa.json
Le Grizzly's;Autres points d'intérêt;Niché au cœur des Menuires, Les 3 Vallées,le Grizzly's est un restaurant montagnard cosy.  Vous serez accueilli dans un décor moderne, chaleureux et raffiné.;;0/0b/13-0b94b5e2-268a-3a6f-942e-b58efaa92202.json
Marché de Barberaz;Spectacles et événements;Marché de fruits et légumes, présence d'une fromagerie et d'une boucherie.;;0/0b/13-0b94c165-4992-3d4c-8812-58546f7c5aea.json
Micro aventure Circuit des trésors cachés;Nature et détente;Les micro-aventures du Géoparc Beaujolais vous guident au cœur de grands espaces et à la rencontre de producteurs locaux. Lors de cet itinéraire,  le circuit des trésors cachés invite à la découverte des joyaux d’architecture de  Villefranche-sur-Saône.;;0/0b/13-0b96bea0-a4bf-3436-93aa-272324bb4f20.json
Paul;Autres points d'intérêt;A_GENERER_VIA_IA;;0/0b/13-0b978b26-1bcd-3554-8b34-668df4ea54d8.json
Le tribunal de Murat;Autres points d'intérêt;L’actuelle Maison des services de Murat était en réalité un couvent tenu par les Dominicaines de sainte Catherine de Sienne fondé en 1634 et détruit en 1771 par un incendie qui ravagera également une partie de la cité.;;0/0b/13-0b9c3a8d-4056-361d-938a-266326ce05c6.json
Escalade - Rocher d'escalade;Autres points d'intérêt;"Rocher de Comborcière RD 926.
Rocher naturel équipé de 20 voies de tout niveau (4 à 6b+) jusqu'à 80m de dénivelé.
Exposition sud-est, rocher : gneiss.
Accès gratuit. Descriptif à l'Office de Tourisme.";;0/0b/13-0b9d7a86-cb27-3bf9-9965-588fedd0b905.json
Au Petit Bouchon;Autres points d'intérêt;Restaurant multi-facettes proposant une cuisine familiale les midis en semaine, une cuisine semi-gastronomique les soirs et week-ends et une cuisine en terrasse esprit guinguette à la belle saison. Carte saisonnière.;;0/0b/13-0b9d956e-aee7-39fb-bf0f-246ef05d1a05.json
Église Saint-Georges;Culture et patrimoine;Visite libre avec pupitre d'information. Construite au XIIe siècle, l'église Saint-Georges a subi de nombreuses transformations au cours des siècles.;;0/0b/13-0b9e4b12-0736-33ad-8fcc-83fcd9420b24.json
La Lance;Autres points d'intérêt;Ancienne chevrerie, au charme des pierres apparentes, dans un hameau, au pied de la Lance et de bien d’autres départs de randonnée (aussi bien à pied qu’à vélo.) La riviere ‘’Le lez’’ est à 400m.Entouré de champs de lavande et de montagnes;;0/0b/13-0b9ede45-a42f-3d0f-8961-326cb391191d.json
Arbres et Sens Aventures - Prestataires d'activités;Autres points d'intérêt;Venez découvrir l'une des plus grandes tyroliennes de Rhône-Alpes 600m A/R dans le parc Arbres et Sens Aventures sur le site de la Grange du Pin.;;0/0b/13-0b9fb34e-268c-3384-9246-19c9336478be.json
Maka Wakan - balades, éthologie, animations;Autres points d'intérêt;« Approche  sensitive  du cheval »  :  l’idée  est  de  développer  des rapports  affectifs et émotionnels entre l’homme et l’animal.;;0/0b/13-0ba06e5d-5220-3d5b-b1e4-8ecb0275ecb4.json
Les Écuries de Soleil'dad;Autres points d'intérêt;Cours d'équitation chevaux et poneys, stages découvertes, stages à l'heure avec intervenant, pension chevaux, passage de galops et randonnées de 2 à 8 jours.;;0/0b/13-0ba10b1a-aa9b-3096-bada-5c388b99a710.json
Marie'ânes;Autres points d'intérêt;Marie habite au hameau de la Gouille à Brénod. Elle s'occupe d'un élevage d'ânes. Toutes les races françaises sont représentées. Découverte de l'âne, promenades avec âne bâté, anniversaires à la ferme, balades en traîneau l'hiver, présence sur fêtes ...;;0/0b/13-0ba2fa13-b39d-3dc4-b15a-86253bdd54c5.json
Mountain Drop-offs;Autres points d'intérêt;"Mountain Drop-Offs est une entreprise de transferts fiable, souple et conviviale proposant des formules ""privées"" ou ""collectives"" entre l'aéroport de Genève et la vallée de Chamonix, durant toute l'année.";;0/0b/13-0ba3915d-4c2e-37d8-b69c-3b8af46991bb.json
Parc du Château de Miribel;Culture et patrimoine;Parc du chateau de Miribel qui abrite aujourd'hui l'Hôtel de Ville. En terrasse face à Belledonne, il abrite des espèces remarquables : gingko-biloba, micocoulier, filaria, tulipier de Virginie...;;0/0b/13-0ba44d8b-332f-32f1-9351-75344a0d7955.json
Château du Riau;Culture et patrimoine;Visite guidée de l'intérieur et de l'extérieur de cet ensemble rare et typique de l'architecture bourbonnaise des XVe, XVIe et XVIIe siècles : le château du XVe entouré de douves en eaux, la salle des gardes, la chapelle et la grange du XVIe.;;0/0b/13-0ba88b02-6ad7-307d-8205-8f229982f2dc.json
Facilitation graphique;Autres points d'intérêt;"Artiste et facilitatrice pour valoriser un lieu, un évènement, une valeur.
Croisement entre l’intelligence collective et l'illustration, la synthèse graphique permet d'y voir plus clair dans son organisation, dans les choix possibles pour être acteur.";;0/0b/13-0ba8f566-0a2d-3f8d-a2c1-99f379c14464.json
Au Bureau;Autres points d'intérêt;Rendez-vous dans nos pubs authentiques et uniques… Véritables lieux de vie aux décors anglo-saxons, Au Bureau rythme votre journée du matin jusqu’au soir : repas entre amis, apéro, sport, musique, danse… Vous allez aimer passer du temps Au Bureau !;;0/0b/13-0ba915f6-67f4-3111-9b3d-d70095989b7d.json
Restaurant du Refuge de Solaise;Restauration et gastronomie;"Au restaurant du Refuge, savourez une cuisine saine et de saison, avec une vue imprenable sur la vallée. 
Le week-end, profitez des apéritifs au coucher du soleil.";;0/0b/13-0baa6e94-3af5-3e2c-8881-ae1a8bed48df.json
Golf du Domaine de Saint Clair;Sports et activités outdoor;Situé dans le parc d’un château XVIIIème, le parcours est réputé pour sa situation panoramique et la largeur de ses fairways arborés, ce qui procure une agréable sensation d’espace !;;0/0b/13-0baac3b4-276d-31ae-b654-42e68ff07e40.json
Le Lac du Lou, départ Plan de l'Eau;Nature et détente;"Le sentier du Lac du Lou est une randonnée incontournable.
De difficulté modérée, elle vous mène jusqu’au plus grand lac naturel de la vallée, niché dans un écrin sauvage.
Idéal pour un pique-nique ou une pause gourmande au refuge.";;0/0b/13-0bae10f2-3abf-39e5-a193-9e47e5f322c2.json
Micro-Folie;Autres points d'intérêt;L'art et la culture pour tous : tel est le but de ce nouveau musée numérique Micro-folie. Il permet de découvrir des œuvres de grands musées nationaux comme le Louvre, le Château de Versailles, le centre Georges Pompidou...;;0/0b/13-0bae91b0-f7a8-3ca9-b04e-e1d207072c13.json
Les mercredis animés ! [animations de proximité];Autres points d'intérêt;Cet été encore, les animateurs de la MJC, accompagnés par l’Association « En passant par la Montagne », l’EPDA, ainsi que tous les autres partenaires vous donnent rendez-vous pour animer votre été !;;0/0b/13-0bb0c574-5b2a-3f06-bbde-6ec208e2b2cd.json
Restaurant d'altitude L'Etable;Restauration et gastronomie;Restaurant d'altitude situé sur les pistes de Plaine-Dranse.;;0/0b/13-0bb27b47-d961-3f88-a198-596bf1bd8a5b.json
Mozart / Kraus;Autres points d'intérêt;Violon solo supersoliste à l’Orchestre national de Lyon, Giovanni Radivo continue son exploration de la symphonie classique. Il nous fait découvrir Joseph Martin Kraus, surnommé le Mozart suédois, exact contemporain de l’illustre musicien viennois.;;0/0b/13-0bb40733-ec1b-3ca9-81c8-9e1aff735ad6.json
Studios Triangle d'Or Vichy;Autres points d'intérêt;À louer studio meublé 16 à 20 mètres carré pour 1 personne 600 euros les 3 semaines / idéal curiste / minimum 3 semaines. Tout équipé literie, cuisine, salle de bain, en résidence avec ascenseur près des sources.;;0/0b/13-0bb52177-84bd-3f99-a5cc-96a8d7e3ec70.json
Bureau des guides et Accompagnateurs de Méribel - Via Ferrata/Escalade/Alpinisme;Autres points d'intérêt;Equipé d'un baudrier, d'un casque et de longes, la via ferrata permet de tutoyer le vide en sécurité. Clipé sur le cable, avec des échelles et rampes, la via ferrata s'adresse à tout public.;;0/0b/13-0bb700b1-afe0-375c-89d3-68d9c94ddaf6.json
Pizzéria Crispiz;Restauration et gastronomie;Bel établissement rénové au centre ville . Farine biologique utilisée pour les pizzas.;;0/0b/13-0bb730c8-449a-3eb8-9726-cf7cd0b87154.json
Camping les Peupliers;Hébergement;A deux pas du village classé de Vogüé et de son château, Valérie, Alain et leur équipe vous accueillent dans un parc ombragé avec accès direct à la rivière Ardèche. Profitez de vacances entre calme et activités sur place ou toutes proches en sud Ardèche.;;0/0b/13-0bba12ff-8dea-3b93-9760-b852b19ce434.json
Auberge fleurie;Hébergement;Restaurant traditionnel. Repas ouvrier du lundi au vendredi. Samedi, dimanche et jours féries à la carte.;;0/0b/13-0bbad026-ecce-38f9-8b4e-8c04ef16f62d.json
Axel Mugnier & Travel fishing guides;Autres points d'intérêt;"Découvrez la Haute Savoie autrement, accompagné par un guide de pêche professionnel.
Des grandes rivières aux torrents de montagne en passant par les lacs d'altitude, venez vous initier ou vous perfectionner aux techniques de pêche moderne de la truite.";;0/0b/13-0bbd55d3-9078-3301-9af9-aa93e3725d37.json
L'Auberge Gonflée;Hébergement;"L’auberge Gonflée c’est une belle bâtisse en pierre avec une terrasse de charme donnant sur les montagnes ardéchoises et les vignes.
Réuni avec toute mon équipe, nous sommes heureux de vous proposer une cuisine gourmande et traditionnelle de terroir.";;0/0b/13-0bbf479b-f278-3e27-affc-a0dfe4583aa4.json
Site d'escalade de la Bastille - Le Pèr'Gras;Autres points d'intérêt;"ACCES INTERDIT 2024
Suite à un éboulement dans l’axe du site des Lames, la commune a pris un AM d’interdiction d’accès à toute la montagne du Rachais.
  
Ensoleillement et joli panorama, avec des voies variées et intéressantes.";;0/0b/13-0bbf62e0-48a2-3275-9265-009c4fb746f8.json
Ecole Nationale Supérieure de Pâtisserie - Ecole Ducasse;Restauration et gastronomie;Depuis maintenant 40 ans, l'Ecole Nationale Supérieure de Pâtisserie (ENSP) est l'école de référence en France et à l'international, pour les professionnels des arts de la pâtisserie, boulangerie, chocolaterie, confiserie et glace.;;0/0b/13-0bc09e97-16e4-34cf-9183-6fbc628a2a0b.json
Pampa Restaurant & Bar;Restauration et gastronomie;Au cœur de la capitale mondiale de la gastronomie, dégustez des plats gourmands et raffinés, avec des produits rigoureusement sélectionnés. En tête à tête ou en réunion d'affaires, profitez de votre repas dans une ambiance feutrée et conviviale.;;0/0b/13-0bc148cb-04cb-3740-bc11-835c8b800769.json
Exposition Ecoles et musée. Géant ou minuscule : l’échelle de l’art;Culture et patrimoine;Une exposition qui propose de découvrir les travaux réalisés par les élèves au cours de la saison  2024/2025.;;0/0b/13-0bc4b3bc-7833-3d92-907a-b2c847b8dcc1.json
Les Gugusses de Saint-Clément !;Autres points d'intérêt;Tel d'anciens occupants de la Montagne bourbonnaise figés dans le temps, les Gugusses veillent aujourd'hui sur les habitants du village de ST CLEMENT (03);;0/0b/13-0bc6e068-97ed-3578-b1a5-34130cec927e.json
Bois de Gravière;Nature et détente;Petit camping familial et convivial. Location chalets et mobil-homes (à la semaine et nuitée) restauration et location de salle pour les groupes. Location/vente de parcelles à l'année. Notre camping propose aussi des emplacements de camping environ 100 m²;;0/0b/13-0bc84e47-126c-3d25-855c-e42e62b8c541.json
Conférence d'accueil Thermes - Mercredi 20 août;Autres points d'intérêt;A_GENERER_VIA_IA;;0/0b/13-0bca4309-7741-34e8-afa6-24ef28b5691c.json
Snack-Bar-Restaurant La Causerie;Restauration et gastronomie;Dans le centre piéton, la Causerie et ses propriétaires vous proposent des plats snacking : large choix de hamburgers, paninis… ainsi que des spécialités régionales, ravioles, raclettes… à déguster sur place ou à emporter !;;0/0b/13-0bcc707c-3e6a-3eb4-8f14-ed2ab807ce23.json
A 4 Mains;Autres points d'intérêt;Virginie et Arnaud, Maîtres Restaurateurs vous proposent de déguster une cuisine de saison à base de produits frais qui met à l'honneur les producteurs locaux. Tous les plats et pâtisseries sont faits maison.;;0/0b/13-0bcd938e-4aa3-3c52-b58c-32212a51fec8.json
Commémoration de l'Armistice 1918;Autres points d'intérêt;La municipalité et les associations des anciens combattants organisent la commémoration de l'Armistice de 1918 devant le monument aux morts suivi d'un verre de l'amitié à la Maison des Associations.;;0/0b/13-0bcfd164-eec0-3157-bdd5-761ab496ba33.json
"Cafébib'-projection Ad'hoc: ""Eco"" et ""Demain au boulot""";Autres points d'intérêt;"Ciné-débat autour des projections ""Eco"" et ""Demain au boulot"" dans le cadre du festival Les rencontres Ad'hoc. Films documentaires hors-circuit.";;0/0b/13-0bd01252-49ae-346a-82f4-d5ad1ba88297.json
Site de la Scia - Décollage Ouest;Autres points d'intérêt;"Le site de la Scia est géré par le comité départementale de vol libre, les écoles de parapentes ""Les Gens d'Air"" et ""Volez"" ainsi que le club ""Air Gus Vol libre"".";;0/0b/13-0bd37f14-03f0-3ae0-ade2-1f7183004b44.json
Festival Japan Touch Salon de l'Asie;Spectacles et événements;Le Festival Japan Touch et la Salon de l'Asie 2025 se dérouleront en décembre à Chassieu à l'Eurexpo Lyon.;;0/0b/13-0bd87844-771a-393a-9e37-4cac487f236d.json
Eglise Notre-Dame de l'Assomption;Culture et patrimoine;Voyage dans le temps grâce à l'église paroissiale avec ses trois retables de style baroque et son mobilier préservé.;;0/0b/13-0bd8bc8d-2906-3fe8-9aec-cb7f14c8c2db.json
Salle Cerutti 1;Autres points d'intérêt;Salle de réunion ou d'activités (jeux de société, ateliers loisirs créatifs,...);;0/0b/13-0bdbdebc-a66b-30f1-b302-168d85802444.json
Asian sushi;Autres points d'intérêt;Spécialité : sushis, plats chinois et japonais.;;0/0b/13-0bdc6e93-0594-3588-aa9a-48966564e0f8.json
Saveurs d'Asie;Autres points d'intérêt;Venez découvrir la cuisine chinoise dans un restaurant traditionnel asiatique.;;0/0b/13-0bdded6b-bbb2-3f80-af6c-988ed560a6ae.json
Restaurant - bar d'altitude le Grand Tétras;Restauration et gastronomie;Ce restaurant d'altitude situé à la gare d'arrivée du télécombi du Mont-Rond vous accueille aux horaires d'ouverture des télécabines été comme hiver. Self-service. Banquets et mariages sur réservation.;;0/0b/13-0be07d4e-d723-344e-8e83-d99f2031ae7b.json
"Exposition ""Croisement de Cultures""";Culture et patrimoine;Exposition de céramique de B. Weibel et P. Rouby;;0/0b/13-0be0c89f-ca96-32f6-941b-42a9d1922e19.json
Bar à bière - Restauration le midi - Brasserie d'Oé;Restauration et gastronomie;Brasserie d'Oé : NOUVEAU : restauration le midi (du mardi au samedi) plat du jour cuisiné à partir de produits locaux et bio aux influences d'ici et du monde. Goûter et apéro en famille ou entre amis.;;0/0b/13-0be14fd9-81ba-31d4-87b5-c3c53687fe53.json
Not A Beer;Autres points d'intérêt;Bières artisanales, bières régionales et bières du monde à consommer sur place ou à emporter en bouteille ou a se faire livrer avec la cave spécialisée voisine du bar. 10 bières pressions et 220 références en bouteilles.;;0/0b/13-0be17ccb-d193-30db-ad26-80c8285cc3df.json
N°54 – Le Plateau de la Verrerie - Espace VTT-FFC Massif des Bois Noirs;Sports et activités outdoor;Au départ du plateau de la Verrerie, joli parcours adapté au débutant avec de beaux points de vue.;;0/0b/13-0be617b8-f646-37dd-9ce8-3a4c5d7248ab.json
Eglise Sainte-Marie à Vizille;Culture et patrimoine;Cette élégante et discrète église classique datant du XVIIIème siècle a été récemment rénovée. Elle présente un intérieur sobre et lumineux.;;0/0b/13-0beb1c57-29ac-3401-b324-e6c93034d5f5.json
Autour de Sainte Sigolène;Autres points d'intérêt;Le temps des vacances, c'est LE moment de se  retrouver en famille, de partir à la découverte d'un village, d'un site en crapahutant dans les Gorges et finir sa journée avec les animaux.;;0/0b/13-0beb9d5d-68ae-322e-81b1-ba8572bc0fdd.json
Le Warhol;Autres points d'intérêt;Le Warhol, c'est the place to be pour les plus de 25 ans ! Un bar chaleureux, de délicieuses pizzas, des planches à partager, des soirées à thème, des cours de danse et une discothèque pour des moments festifs et conviviaux.;;0/0b/13-0beca3a0-50c3-385e-88b0-42c76f58b8ab.json
Exposition de plein air : Eau source du patrimoine;Culture et patrimoine;"Elément indispensable à notre vie, l'eau nous constitue et nous entoure.
L'objectif du photographe Jérémie Mazet dévoile les paysages du Velay façonnés par l'eau.";;0/0b/13-0beee88c-3ca0-388e-bf95-56eede50680d.json
Site d'escalade - Les Cornettes de Bise;Autres points d'intérêt;Le massif des Cornettes de Bise (2432 m)  propose une grande diversité de voies, une soixantaine. On y trouve trois sites : Cornettes, Pavis et Velan, bien individualisés et qui ont tous en commun un accès facile par la route de Bise.;;0/0b/13-0beee9c6-f767-32cf-bc0b-2acee6fd4446.json
Le Merlet;Autres points d'intérêt;Escale gourmande et locavore avec vue panoramique sur la Forêt de Saoû, située à 2 pas du site médiéval de Soyans. Fabienne et Eric vous accueillent et vous régalent avec une cuisine de terroir.;;0/0b/13-0bf0e604-9efd-3a01-91ac-a52306405972.json
L'Abel Découverte;Autres points d'intérêt;Découvrez L'Abel Découverte à Varennes-sur-Allier, le rendez-vous des amateurs de burgers, faits avec des produits locaux.;;0/0b/13-0bf1956d-1d38-3268-8f3a-8f0f45fad154.json
Hotelo Lyon Ainay;Autres points d'intérêt;Idéalement situé en centre-ville, à proximité du quartier du Vieux-Lyon et de ses musées, cet hôtel est l'adresse idéale pour un séjour touristique ou d'affaires.;;0/0b/13-0bf2c237-25c5-3977-94df-0814a3f90b1a.json
"Rallye Photos participatif : ""Encore là - Valence, centre ville, 1891""";Autres points d'intérêt;"Retour il y a 130 ans, en 1891, pour retrouver les lieux de ces 6 clichés du centre ville de Valence.
Pour chaque photo, une zone à explorer avec une question d'observation associée au lieu.
Pensez à bien observer l'angle de prise de vue.";;0/0b/13-0bf3ca77-a37a-38b4-b2a1-01da54b2aec1.json
Course d'orientation - La Tour village - Parcours vert;Nature et détente;2ème SEMESTRE 2025 : pour améliorer votre pratique, ce parcours est actuellement en cours de vérification. Certains postes sont manquants, d’autres en mauvais état. Merci pour votre compréhension;;0/0b/13-0bf4382d-ed98-31e8-9b66-adf35cf97201.json
Les ruines du château fortifié et la table d'orientation;Restauration et gastronomie;le château fortifié du XIIe aujourd'hui en ruines et sa table d'orientation sur la colline qui domine la plaine de la Valdaine;;0/0b/13-0bf70bda-b9c4-3907-b9af-482814206c2f.json
Le Bosquet;Nature et détente;Le Bosquet redonne vie aux saveurs oubliées et aux apéritifs français . Venez découvrir toute nos spécialités, apéritifs, bières et planches;;0/0b/13-0bf79cf0-224a-34a3-be42-0c554e26dea2.json
Auberge Saint-Michel;Hébergement;Au sein de cette charmante auberge à proximité de Grenoble, dans la grande salle où trône un poêle ou en terrasse dans un patio calme et ombragé, savourez, dans une explosion de saveurs équilibrées et inventives, une cuisine traditionnelle et généreuse.;;0/0b/13-0bfb4b6f-0e29-3aba-b3e9-6015389c4f38.json
Dompierre-Sur-Besbre;Autres points d'intérêt;Accès libre. Dompierre a été une ville nouvelle... vers le XII° siècle. C'était alors une zone franche.;;0/0b/13-0bfecc80-d9d7-3152-94c5-2045cc2271f7.json
Chapelle Notre-Dame-des-Grâces;Culture et patrimoine;Selon la légende, la Chapelle Notre Dame des Grâces a été bâtie suite à une épidémie de peste au XIVe siècle, à l'emplacement d'une chapelle dédiée à St Antoine. Elle sert aujourd'hui de salle d'exposition et lors d'ateliers pour les enfants.;;0/0c/13-0c0090be-7ace-3f45-88a8-82f426fc2932.json
Marché Alimentaire et produits Manufacturés Place François Mauriac;Spectacles et événements;À deux pas de Lyon, le marché du Mas-du-Taureau vous invite au voyage.;;0/0c/13-0c02550f-2841-33cc-8c19-817f635bf9dd.json
Restaurant la Villa bressane;Hébergement;Notre établissement est ouvert du lundi au vendredi midi en menu ouvrier et le samedi midi en rôtisserie à emporter. Les week-end nous proposons des soirées dansantes et chantantes.;;0/0c/13-0c06a9da-c10b-3ab0-a698-5eb07d4bc351.json
Médiathèque municipale;Culture et patrimoine;Une médiathèque est un établissement culturel qui conserve et met à la disposition du public une collection de documents qui figurent sur des supports variés (livres en tout genre, disque, revue...);;0/0c/13-0c0723fe-aaa5-39f5-9f91-469db28b5fb5.json
Ancien Hôtel-Dieu;Hébergement;Fondé en 1282 et reconstruit à deux reprises aux XIVe et XVe siècles, il fut restauré dans les années 1960. Il a servit d'annexe au centre hospitalier. A découvrir par l'extérieurn sur le parcours du circuit historique de la ville.;;0/0c/13-0c07f4d8-9ef2-3d92-8dc8-a77f6bd98f4a.json
Eglise Saint-Laurent (La Côte d'Aime);Culture et patrimoine;1714 : un maître-maçon piémontais achève de construite la nouvelle église à l’emplacement de la chapelle Saint-Laurent. Changement de décor ! Le retable principal est alors remanié avec des éléments de celui de 1658 sculpté par François Cuénot...;;0/0c/13-0c0a7894-7dac-300e-bfcd-0286c69a075f.json
Evasion Nordique - Chiens de traineaux;Autres points d'intérêt;Envie de Grands Espaces et d’une activité Nature en compagnie d’un animal ? Découvrez l’initiation à la conduite d’attelage ou la cani rando avec de magnifiques chiens de traîneau pour comprendre la vie de la meute.;;0/0c/13-0c0b27e8-a972-3c61-bd7f-c7d85b74d348.json
PR 39 : Circuit de Bel-Air;Nature et détente;Ce circuit presque entièrement en sous-bois, entoure la forêt communale de Trévol, essentiellement constituée de chênes associés à des bouleaux, des charmes et des trembles.;;0/0c/13-0c0c8833-b7b4-3481-8da0-23b055c8dcb1.json
Village de St Christophe en Oisans;Autres points d'intérêt;A_GENERER_VIA_IA;;0/0c/13-0c0c9dbc-09b2-3b26-8a6a-3dfda45ba938.json
Marché nocturne;Spectacles et événements;Organisé par l’Association Les amis des Petits Robins Marché nocturne avec une quinzaine d'exposants.;;0/0c/13-0c0d019a-3af4-3f48-a356-7c05a223ced5.json
Église Saint-Marcel;Culture et patrimoine;Église romane (bulle du pape Urbain II en 1097 : Ecclésiam de Genestinis), se compose de vestiges du XIIe siècle.;;0/0c/13-0c0d0ac9-1cf7-3798-8200-2dfd4d6c3a07.json
Le Resto d'Épicure;Autres points d'intérêt;Restaurant bistronomique au sommet du puy de Dôme.;;0/0c/13-0c0dee0a-41e0-3f16-b18b-6882e2be35a6.json
Héritage;Autres points d'intérêt;Héritage propose une cuisine bistronomique de montagne, sincère, locale et de saison. Un hommage gourmand à l’art de vivre alpin, entre tradition et modernité, à savourer dans un cadre chaleureux et élégant.;;0/0c/13-0c0ef990-47ac-3c2d-bf2f-30e8df74c5a3.json
Le Get à Pan;Autres points d'intérêt;Restaurant familial et chaleureux, assiettes copieuses pour tous les goûts. Repas au coin de la cheminée l'hiver.;;0/0c/13-0c106ac5-f7f9-3a97-ad72-61a125b5d89e.json
Chez Marie Chez Noute;Autres points d'intérêt;"Plat du jour  ""façon grand mère"", salades, burgers, gaufres maison, cheesecake, tarte.
Sur place ou à emporter ! 
Attention :  Places limitées pensez à réserver.";;0/0c/13-0c11444a-ddd5-3b68-b4e9-81ad9d0882fc.json
Restaurant Black Bass;Restauration et gastronomie;Notre restaurant bistronomique vous propose une carte moderne aux accents d’Océanie. Une cuisine inventive, créative, aux saveurs exaltées, dans le cadre lacustre de notre restaurant.;;0/0c/13-0c15db63-f18e-3141-b8e6-8564bdc3f9f2.json
Les Seigneurs FFC n°70;Autres points d'intérêt;"Boucle entre forêt et alpage pour découvrir les hauteurs de Flumet et Notre
Dame de Bellecombe. Monter par la route communale puis la piste forestière au Lachat.";;0/0c/13-0c167400-a852-31d4-9323-5b5029007400.json
Le Passe Franc;Autres points d'intérêt;Adossée aux remparts du village médiéval d'Yvoire, cette maison typique restaurée avec goût fait face au port de plaisance, sa terrasse offre une vue exceptionnelle sur le lac et le débarcadère. Le chef vous fera découvrir la bistronomie du lac.;;0/0c/13-0c178d11-6333-3a20-a781-03f053c488ba.json
Chicano Pizza;Autres points d'intérêt;Chicano Pizza, la différence est dans la pâte : pâte fraîche pétrie chaque jour. A emporter ou livraison sur Issoire, Perrier, Le Broc, Le Breuil-sur-Couze, Orbeil.;;0/0c/13-0c17cbc3-0f9b-3383-90f6-458607973bc5.json
Médiathèque;Culture et patrimoine;A_GENERER_VIA_IA;;0/0c/13-0c1a29f8-068e-3200-9b8a-21d538aaee23.json
La Fromagerie des Belleville;Shopping et artisanat;"Restaurant Fromagerie des Belleville situé au-dessus de la gare routière.
Spécialités fromagères de Savoie: la fondue, raclette traditionnelle, & d'autres à découvrir.
Concoctés par nous en nos murs, à savourer dans une cadre chaleureux & convivial.";;0/0c/13-0c1be86f-23eb-355d-aad3-de34a9e9cf66.json
Résidence de tourisme Les Mouflons 1500;Hébergement;"Au centre de la station, résidence située à 100 m des remontées mécaniques et à côté du petit centre commercial.
Tous les appartements sont équipés de four micro ondes, lave vaisselle, balcon.
Possibilité de séjours d'arrivée le dimanche à dimanche.";;0/0c/13-0c1c2b14-1e9e-347f-be56-0d879c82994e.json
Halte fluviale;Autres points d'intérêt;"Halte fluviale en rive droite du Rhône. 
5 anneaux 
Rampe de mise à l'eau 
A proximité : 
 - Aire de pique-nique 
 - Hôtel restaurant
 - Service liés à la navigation";;0/0c/13-0c1c4034-33ff-31e8-ab6b-eaf612f7dc7e.json
La Libellule d'Asie;Autres points d'intérêt;Venez découvrir la cuisine vietnamienne faite maison, préparée sur place et sans glutamate ajouté.;;0/0c/13-0c1f66fd-aa81-304c-bc53-e3a5632e51c0.json
Marché de Chatonnay;Spectacles et événements;Petit marché avec présence d'un producteur de fruits et légumes, d'un producteur de fromages de chèvres, d'un marchand de poulets rôtis et d'une horticultrice.;;0/0c/13-0c20410c-d7a4-363a-8346-1f79927b83ea.json
Marché des producteurs locaux;Spectacles et événements;Petit marché local vous proposant divers stands de produits locaux.;;0/0c/13-0c20f179-85f1-38d8-8376-c34318603847.json
Boire des Carrés;Autres points d'intérêt;Ancien bras de rivière, transformée en boire, la Boire des Carrés constitue un véritable écrin de nature alliant forêts alluviales, prairies, pelouses et îlots.;;0/0c/13-0c216dc2-720d-3aae-be4b-3687fcdf8c58.json
Centre équestre la Vendée;Sports et activités outdoor;Poney club, centre équestre, écurie de propriétaires.;;0/0c/13-0c21b42c-92da-31aa-905f-a1fa505c93ae.json
Grill le Courcelles;Autres points d'intérêt;Spécialités de grillades et de plats régionaux : pounti, truffade, assiette et plateaux dégustation d'Auvergne, le tout servi dans une salle très claire, charpente apparente, sous une terrasse couverte ou en plein air.;;0/0c/13-0c22e0ce-0fe5-3ce3-b4a6-00b5e67562a1.json
Parcours de mémoire de galets à Roybon;Nature et détente;Capitale des Chambaran, nichée au cœur d'une forêt immense, Roybon conserve dans les murs de ses maisons l'empreinte d'un pays de glaise et de galets.;;0/0c/13-0c23e44d-1fc0-3a2e-ae36-ff47c3870126.json
Marché de Chichilianne;Spectacles et événements;Marché estival à coté du Point d'Infos Touristique tous les jeudis soirs de l’été jusqu'à la fin septembre avec la présence des artisanes, vendeurs de fromages et traiteur, fruits et légumes.;;0/0c/13-0c251aac-ef05-3a64-b537-a84aa3568e8f.json
Grand Hôtel des Terreaux;Hébergement;Idéalement situé au cœur du quartier de Lyon inscrit au Patrimoine Mondial de l'Unesco, le Grand Hôtel des Terreaux vous séduira par son charme et son décor.;;0/0c/13-0c26a48c-7e04-3bc7-9e87-a7b2ad1051df.json
Restaurant Crêperie glacier Bar les 3 Souris;Restauration et gastronomie;Le restaurant vient de se refaire une beauté! Venez découvrir l'ambiance conviviale et chaleureuse des lieux et  sa carte simple et efficace. Restaurant, crêperie, glacier,snack bar sur place ou à emporter.;;0/0c/13-0c274903-93c1-3e52-a4d9-8767245f85f6.json
Le Vieux Pont;Autres points d'intérêt;A_GENERER_VIA_IA;;0/0c/13-0c276247-2300-3367-9f7a-d3e9973ae1a8.json
Le Grand Bec;Autres points d'intérêt;Le chef Dominique Briquet, Maître-Restaurateur, sélectionne avec soin les produits du terroir et apporte une attention toute particulière à l’élaboration d’une cuisine inventive et revisitée, déclinée au gré des saisons.;;0/0c/13-0c282e72-ed20-307a-8c01-713b3037a264.json
Poney Club des Écuries du Parc;Nature et détente;"Poney club situé dans le parc du château en pleine campagne (30 hectares d'un seul tenant). Locations de boxes. 
Pour les anniversaires des enfants (jusqu'à 10 ans), après-midi poney dans le parc.";;0/0c/13-0c2ba288-d9f4-3601-a9b5-82b19bdb1b64.json
Aux délices du coin;Autres points d'intérêt;Situé au cœur du village, au bord des charmantes rues piétonnes, notre restaurant vous accueille dans un cadre authentique et convivial. Nous vous proposons une cuisine traditionnelle.;;0/0c/13-0c2d12ae-0c74-3196-b04f-56e0a8e456a1.json
Inglorious Sports;Autres points d'intérêt;Inglorious sports vous propose du paintball adulte a partir de 12 ans (en calibre 0,68)du paintball enfant a partir de 8 ans(calibre0,50) et du laser game extérieur de 8 a 99 ans.;;0/0c/13-0c2dc1d2-eb00-3b24-b947-8575182cbbda.json
Parcours marche nordique - Vitam Boucle verte;Spectacles et événements;Cette boucle vous permet de découvrir le haut-genevois en surplombant Saint-Julien et l'extrémité du Lac Léman;;0/0c/13-0c2e902a-f2dd-3092-8ddf-ec1cacae99d4.json
Salle de concerts La Presqu'île - SMAC 07;Autres points d'intérêt;La Presqu'île est une salle de concert pouvant accueillir 200 spectateurs et offrant une grande proximité entre les artistes et le public. La programmation est éclectique et variée : rock, blues, musique du monde, électro.. chacun y trouvera son bonheur !;;0/0c/13-0c310dbc-7896-3727-b823-30f735da5f84.json
Camping La Fontaine d'Annibal;Hébergement;Proche des Gorges d’Ubrieux, à 800 m du centre du village, ambiance conviviale et familiale avec animations et snack en été. Piscine et accès rivière. Village vacances attenant avec restauration et bar. Arrivée à la carte hors saison sur les locatifs.;;0/0c/13-0c37e76c-244c-3e5d-a894-3e02584d83c4.json
Le lac de Sainte-Hélène;Nature et détente;Avec son air sauvage, le lac de Sainte-Hélène est non seulement un véritable terrain de jeu pour les pêcheurs, mais aussi un magnifique lieu de carte postale d'antan.;;0/0c/13-0c399921-add0-33f1-b6a0-2d1e2babac3a.json
Aire d'accueil et de services camping-car;Services et activités encadrées;Aire de services avec stationnement nuit possible. 73 emplacements à l'ombre sur herbe en bordure de Sioule.;;0/0c/13-0c39d854-6341-3ce3-aa7c-344e8c89a547.json
Musée municipal Yvon Gueret;Culture et patrimoine;Au pied du Rocher de Pierrelatte, le musée municipal est installé dans une ancienne prison attestée en 1785.;;0/0c/13-0c3ae34b-5f0e-3854-a193-cdff17b362f4.json
Eglise Saint-Pierre | Pradelles;Culture et patrimoine;En raison de l'augmentation de la population de Pradelles, l'ancienne église romane est détruite au XXème siècle pour être remplacée par un édifice neo-gothique.;;0/0c/13-0c3b8c9d-e0a4-3347-b4ca-271857e3cd8b.json
La Guide;Autres points d'intérêt;Venez passer le début de la soirée dans notre restaurant et profitez de la discothèque le Krypton pour finir votre soirée !Nous vous proposons notre formule express (midi) ou complète, nos pizzas, salades et viandes en semaine et week-end....;;0/0c/13-0c3d4679-3feb-31bf-bbc3-1df6275e7d69.json
Pub Le Carpediem;Restauration et gastronomie;"Bar à ambiance, fléchettes, jeux, soirées à thème, concerts.
Cocktails et planches apéritives.";;0/0c/13-0c3ef1b0-2a00-3976-8f3b-37572ea455d0.json
Maison de la Céramique;Autres points d'intérêt;Lieu d'exposition et d'atelier découverte de l'argile. Dieulefit, un pays de tradition potière. Plus de 200 pièces exposées illustrent la richesse du passé potier depuis l'époque gallo-romaine jusqu'aux XXè siècle + rétrospective de l'histoire du lieu.;;0/0c/13-0c41250b-3e9a-3e3a-b031-36a5373f1ff1.json
Ville à joie | Monclard;Autres points d'intérêt;Au service des territoires, des troupes itinérantes multi services passent sur les places des communes pour y proposer, le temps d’une journée, des commerces, des services et de l’animation.;;0/0c/13-0c42361d-8eaa-3914-9968-68f8908e68c3.json
La Table du golf;Restauration et gastronomie;"Au cœur de la nature, dans un écrin de verdure, venez découvrir le Bar-Restaurant à ""La Table du golf"". Cuisine de produits du terroir et de saison. 
Bar ouvert de 8h à 19h. Restaurant service de 12h à 16h.";;0/0c/13-0c453807-b30d-3289-bfb5-99964c1a1a30.json
Résidence Bains Callou;Hébergement;Résidence de locations meublées de qualité, rénovée en 2022. Immeuble sécurisé et calme, composé de 2 T2 et 10 grands studios, jardin et ascenseur. La résidence est située face aux thermes Callou (entrée à 50 m) et aux thermes des Dômes (entrée à 150m).;;0/0c/13-0c4656ef-90a0-382e-8bda-b7f36cb73aaf.json
Eglise Saint-Martin;Culture et patrimoine;L'église est placée sous le vocable de saint martin de Tours, parfois surnommé l'apôtre des Gaules, est fréquemment représenté sur son cheval, en train de découper son manteau ou portant les attributs épiscopaux.;;0/0c/13-0c476fde-4faa-356b-9b9f-2d64be6f21e3.json
Terrain de pétanque des Moulins;Autres points d'intérêt;Terrain de pétanque en accès libre, à l'intérieur de l'aire de jeux Hannibal.;;0/0c/13-0c48352a-187f-30d5-b202-257df50f1334.json
Orangerie du Château de Montmelas;Culture et patrimoine;"Ancienne salle de l'Orangerie rénovée avec une terrasse au pied du Château.
 Pour les réunions familiales ou de travail, soirées, cocktails, salons, expositions...";;0/0c/13-0c486c8e-3e28-36a7-b342-1425eee86ea1.json
Petit train touristique;Autres points d'intérêt;Découvrir les bords du lac et le centre ville d'Aix-les-Bains.;;0/0c/13-0c4b374d-cb34-3383-9a5a-5d58fbbc453e.json
Eglise des Eparres;Culture et patrimoine;Bâtiment de plan rectangulaire à trois nefs, l'église des Eparres présente distingue par son intéressante façade d'inspiration néo-classique à modénature en brique, disposition plutôt inhabituelle pour une petite église rurale.;;0/0c/13-0c51580e-b846-31b3-94c5-727cbef6dc49.json
Martibusse aventure;Autres points d'intérêt;Nous sommes des amoureux de la nature, des arbres en particulier, et c'est tout naturellement que nous avons installé notre activité de sport et loisirs au Col de Toutée (Cunlhat) au beau milieu d'une forêt de sapins et de feuillus. Magnifique !;;0/0c/13-0c51adc8-a8e2-398e-b951-e5d4a6a7e8e5.json
Résidence Nemea Le Grand Ermitage;Hébergement;Les appartements sont équipés de kitchenette avec plaques de cuisson, micro-ondes/grill, lave vaisselle, réfrigérateur, cafetière électrique, grille pain, bouilloire. Télévision grand écran. Balcon ou terrasse, sèche-cheveux, station accueil smartphone.;;0/0c/13-0c527732-65fa-39d5-b555-fd2898ff7257.json
Beer O'Clock Chamonix;Autres points d'intérêt;Nouveau à Chamonix !;;0/0c/13-0c53bb45-c856-33e3-b132-d41e8e886045.json
Chalet Nan'Nande;Hébergement;"Chalet avec beaux volumes intérieurs entièrement rénovés
Quartier calme et agréable dans le village des Houches";;0/0c/13-0c53e117-eae4-3767-b90c-06c4d5a3ec0c.json
Terrain de tennis;Sports et activités outdoor;1 court de tennis à proximité du City stade sur la route du Vorzet.;;0/0c/13-0c541d71-0814-3c1b-a781-94c1115eb42a.json
Centre Equestre de Jax;Sports et activités outdoor;Centre équestre;;0/0c/13-0c56ab82-878b-3b22-a380-63e934e03ffe.json
Circuit Volcans et Combrailles - Route des Châteaux d'Auvergne;Nature et détente;"Profitez du circuit ""Volcans et Combrailles"" pour découvrir une partie de La Route Historique des Châteaux d'Auvergne. Ces châteaux sont les témoins du patrimoine historique, artistique et architectural de la région.";;0/0c/13-0c5783ac-8c7a-3fd0-bb17-c42eab0d1954.json
Skatepark Allemond;Autres points d'intérêt;Rampes de skate en libre accès à proximité du centre, des commerces et du départ de la télécabine de l'Eau d'Olle Express.;;0/0c/13-0c5efa19-3e91-3b53-8377-8bd574c82f2d.json
Chez Flo;Autres points d'intérêt;"Accueil dans un décor provençal. Cuisine traditionnelle avec des produits du terroir.
Tous les 2èmes samedis du mois soirée pizzas sur place ou à emporter.
Plats à emporter.";;0/0c/13-0c610495-e1e1-304e-9857-94e50d73bd22.json
Villa du Docteur Maire;Hébergement;Construite en 1911 par l'architecte Henriquet, cette grande villa d’inspiration néo-gothique située au bord des quais de l’Allier, près de la Rotonde, se distingue par des éléments architecturaux spectaculaires.;;0/0c/13-0c617fe5-1430-3618-9956-9294bebb330f.json
Marché Alimentaire des Tuileries;Spectacles et événements;Marché alimentaire (fruits, légumes...).;;0/0c/13-0c637595-0ad0-3a87-a34b-c1aa8ce096df.json
Eglise de Saint-Martin-sous-Vigouroux;Culture et patrimoine;Eglise avec clocher de peigne et belles peintures murales;;0/0c/13-0c6398cb-b4c6-39c0-b5b3-d2b96e6d7498.json
Croix de la Varoche;Autres points d'intérêt;Descente sur single ludique en première partie avec une transition roulante entre deux portions de sentier. Deuxième partie sur piste et route pour rejoindre l’arrivée.;;0/0c/13-0c63a9d7-4914-3a1c-8b00-b1e6c76f9ca8.json
La Grande Muraille;Autres points d'intérêt;Buffet à volonté, spécialités chinoises et cantonaises avec salades, cuisine vapeur, grillades, wok, plats chauds, desserts... Sushis le soir.;;0/0c/13-0c640046-85e6-3f0d-97ed-c8c33b4dea76.json
Stadium;Autres points d'intérêt;"Accès libre en dehors des heures d’activités et animations 
Location de matériel à l’Office de Tourisme";;0/0c/13-0c657104-7bee-3d79-a30d-7842f3ff3d31.json
Village | Saint-Vert;Autres points d'intérêt;Village de Saint-Vert : Prieuré avec éléments du XIVe siècle. Ancienne maison forte des XIVe-XVe siècles avec meneaux et tourelles. Croix du Muletier après Peymian.;;0/0c/13-0c679182-9d7d-313b-bf2b-223e2310673f.json
"Soirée anniversaire : ""La Fista"" des Excités";Spectacles et événements;"Cinq ans d'impro déjà ! 
C'est aujourd'hui avec une immense fierté et beaucoup d'émotions que la Compagnie des Excités vous invite à fêter cet anniversaire avec nous avec 3 spectacles inédits.
Venez souffler les bougies et vous émerveiller avec nous !";;0/0c/13-0c67aeeb-0f47-36cf-a5bf-e081abc88297.json
Ferme Auberge L'Inattendue;Hébergement;Au coeur d'une ferme pédagogique, un lieu chaleureux et convivial avec une cuisine simple, traditionnelle, élaborée avec des produits sains issus essentiellement de l'exploitation.;;0/0c/13-0c6ab6e8-d450-3dbb-a102-651164130377.json
Tennis;Sports et activités outdoor;1 court;;0/0c/13-0c6b6770-d2b1-300d-ad9b-82b73dad18e5.json
Exposition - P'art-fum Fleuri;Culture et patrimoine;Exposition des ateliers municipaux d'arts plastiques de Dompierre-sur-Besbre, à l'office de tourisme et au Caquetoire.;;0/0c/13-0c6d01da-5673-309a-a261-3b3d0edf3df7.json
Le Côte de Brouilly;Nature et détente;"Au pied du Mont Brouilly, Eric Baillet vous accueille dans son bouchon lyonnais et vous propose des produits du terroir frais et fait maison !
Découvrez dans ce restaurant 2 ambiances : une partie bistrot lyonnais et une partie ""bouchon lyonnais"".";;0/0c/13-0c6d6a43-f740-31fe-9bff-4204e98d7dc5.json
Escalade au rocher des Tines;Autres points d'intérêt;Le site des Gorges des Tines est un des rares sites où l'escalade est assez agréable en été. En cas de pluie une dizaine de voies restent accessibles dans la grande falaise. Ce site vous offre un large éventail de voies de tous niveaux.;;0/0c/13-0c714e7f-6a8d-38af-9d97-c48219357c7c.json
Relais Cyné de Châbons;Autres points d'intérêt;Le Relais Cyné de Châbons vous accueille toute l'année pour une halte. Une table de pique-nique, une barre d'attache pour les chevaux et un abri sont mis à votre disposition.;;0/0c/13-0c71838d-1f9b-3f0b-b083-3bd94c4d3d12.json
Jet Road 73;Autres points d'intérêt;"Activités de sports d'eau sur la base nautique de Ste Hélène-sur-Isère et école de formation pour vos permis bateaux et taxis.
Retrouvez nous sur notre Instagram: https://www.instagram.com/jetroad73/?hl=fr";;0/0c/13-0c722087-0ec2-3600-aded-2174e3fd8c36.json
AN Rafting - Eau-vive;Sports et activités outdoor;Découvrez le cocktail parfait de plaisir et de sensations avec la chouette équipe d’AN Rafting !  Notre accueil chaleureux, l’ambiance conviviale et l’encadrement professionnel vous assure une expérience inoubliable en rafting, hydrospeed, canyoning…;;0/0c/13-0c746c39-ca37-30aa-abf8-eb4cfd47b1d1.json
La Cantine du Village;Autres points d'intérêt;La Cantine du Village est située au coeur de Saint-Didier-au-Mont-d’Or. La cuisine y est généreuse et gourmande.;;0/0c/13-0c76bb0a-2618-3ea6-951d-377eda943ca2.json
Vide-Grenier du Pont;Autres points d'intérêt;"Installation à partir de 6h
Accès et parking visiteurs gratuits au Collège de l'Europe";;0/0c/13-0c7adf99-f40f-339a-80ea-f6c9751d4123.json
Salle Polyvalente;Autres points d'intérêt;Salle pouvant accueillir jusqu'à 150 personnes. La salle peut-être séparée en deux grâce à un rideau.;;0/0c/13-0c7bacf0-e922-3169-8d2c-016c69614cf5.json
Espace luge Front de neige de la Ramasse;Sports et activités outdoor;Découvrez l'Espace luge Front de neige de la Ramasse à Val-Cenis ! Idéal pour les enfants et débutants, vivez des moments de pur plaisir sur la neige. Fous rires garantis en famille !;;0/0c/13-0c7bc931-a574-3183-b261-cbe30b840293.json
Bar La Bérangère;Restauration et gastronomie;"Bar - Guinguette avec une vue incomparable sur la vallée. 
Option petit déjeuner le matin pour les résidents.
Possibilité de participer aux animations en soirée.";;0/0c/13-0c7c2766-0814-3664-9f5e-2c9ff03e9080.json
Notes de Saveurs;Autres points d'intérêt;"Dans une salle voûtée ou sur notre terrasse face aux Montagnes Ardéchoises, nous vous proposons une cuisine gourmande renouvelée tous les mois avec des produits frais et de saison.
Etablissement sélectionné « Les étapes savoureuses Ardèche ».";;0/0c/13-0c7d3d05-9ba7-3811-bccf-8a016e41343a.json
Valserine Outdoor;Autres points d'intérêt;Venez découvrir la beauté de la Valserine, grâce à nos différentes activités outdoor.;;0/0c/13-0c7dba03-18c4-3ae7-8b9d-dd526b93250f.json
Bibliothèque de Toussieux;Culture et patrimoine;La bibliothèque municipale est animée par une équipe de bénévoles, et est rattachée au réseau des bibliothèques de la communauté de communes Dombes Saone Vallée.;;0/0c/13-0c7fb627-f14e-3e5b-9031-e9ba14dc4f8a.json
Agy Plane parapente - Laurent Broisin;Autres points d'intérêt;Laurent Broisin vous emmène prendre l'air. Des baptêmes en parapente pour découvrir les premières sensations de vol. Une occasion pour admirer la vallée de l'Arve, vue du ciel !;;0/0c/13-0c818f0c-4213-3009-9059-1bf77cf6ac79.json
Aroma Osmose;Autres points d'intérêt;Spa avec hydrothérapie découverte, hammam, soins du visage et du corps pour femmes et hommes.;;0/0c/13-0c839cee-df50-3df2-9b05-dfee9af83666.json
L'Auberge de la Sure;Hébergement;Pizzeria et spécialités de montagne ( fondue aux cèpes, Mont d'Or, reblochon pané...). Gratins de ravioles. Salades. Desserts maison.;;0/0c/13-0c83ebdb-b445-3381-9b03-91396f6ddc91.json
Les perles de l'Ayurveda - Massages bien-être;Autres points d'intérêt;"Masssages et soins ayurvédiques traditionnels de l'Inde.
L' Ayurvéda du sanscrit AYUR : La vie ; VEDA : la science, la connaissance
La médecine ayurvédique est un trésor , les massages que je vous propose vous accompagnent à travers les étapes de la vie.";;0/0c/13-0c87fffa-ca9a-3dc1-a563-5b57dd4eff85.json
Concert d'Orgue du festival d'orgue de Chamonix-Mont-Blanc;Spectacles et événements;"Dans le cadre du festival d'orgue de Chamonix. Organiste ELISE ROLLIN  
Des œuvres de PIERRE ATTAINGNANT (1494-1552) - ANTONIO VALENTE (1520-1580) - ANTONIO VNALDI - JOHANN SE-BASTIAN BACH (1685-1750) - JOHANN SEBASTIAN BACH (1685-1750)";;0/0c/13-0c89a73b-5cd7-3188-8e7f-78948206ecfa.json
Alp’Atipik Games;Autres points d'intérêt;A_GENERER_VIA_IA;;0/0c/13-0c91a6a4-c5bf-35bb-937d-a84459fd16ea.json
Eglise Saint-Victor;Culture et patrimoine;Clocher carré de style roman, venu en remplacement d'un clocher-peigne auquel on accédait par un escalier extérieur. Voûte de la nef en berceau.;;0/0c/13-0c91f5cd-a293-3388-b4b5-44593188eb35.json
Sentier du Puits qui bout;Nature et détente;"Le ""Sentier du Puits qui bout"" vous fera découvrir le village de Gimeaux et ses sources pétrifiantes.
Cette balade de 2 km, très accessible, prend son départ au pied du rocher de travertin, au niveau du bâtiment des pétrifications.";;0/0c/13-0c921a25-9d21-3004-abe2-502efbd43f3b.json
Eglise Notre-Dame;Culture et patrimoine;"Eglise romane Notre Dame de l'Assomption du XIIe siècle de type clunisien restaurée en 1956.
C'est l'une des merveilles de l'art roman clunisien finissant du XIIème siècle.";;0/0c/13-0c922348-1eb2-3d3c-be01-04537aac386e.json
Brasserie Les Portes du Velay;Restauration et gastronomie;Cuisine traditionnelle;;0/0c/13-0c923441-3b7a-30b5-a643-277f0f25a8ae.json
Quentin Chantoiseau - Accompagnateur en Montagne;Nature et détente;Amoureux du Grand Dehors, je vous invite à prendre la tangente vers un ailleurs fourré de bonne humeur et de partage.;;0/0c/13-0c92654f-b7f2-3b6c-8025-e8ecaf95596e.json
Le Clos Bussy;Autres points d'intérêt;Un pavillon charmant pour quatre personnes dans un cadre de verdure avec piscine, à un kilomètre du centre-ville. Idéal pour famille avec enfants dans un jardin clos et sécurisé.;;0/0c/13-0c9489ec-9542-3208-9fb3-b722fa4384c9.json
Dyke de Saint-Ilpize;Autres points d'intérêt;L'enrochement sur lequel s'élève le château de Saint-Ilpize est une structure volcanique mise en relief par l'érosion. Les géologues divergent sur son appellation, hésitant entre les termes dyke ou neck.;;0/0c/13-0c94f58e-815b-3776-a92e-8961ab6a2c04.json
Boulodrome couvert;Autres points d'intérêt;"8 jeux couverts
jeux extérieurs
Espace bar et restauration
vestiares";;0/0c/13-0c97f5eb-d4c5-3fab-8abf-e5076bc106e9.json
Parcours d'orientation - Espace Sport d'Orientation;Sports et activités outdoor;Venez à Usson-en-Forez pratiquer et découvrir la course d'orientation autour du plan d'eau et dans le bourg. 4 parcours de difficulté, 56 balises et 7 lieux à trouver et à repérer aux bords des chemins et en forêts.;;0/0c/13-0c99b508-6bae-3e15-9b58-887c46d12530.json
Restaurant-pizzeria La Treille;Restauration et gastronomie;Avec sa petite terrasse tout près du Rhône et ses deux salles lumineuses, La Treille vous accueille dans une ambiance conviviale et gourmande. Restaurant situé sur le tracé de la ViaRhôna et de la Dolce Via.;;0/0c/13-0c9a6426-dcf1-3c9f-ac10-4e4343d87369.json
Aire d'accueil et de services;Services et activités encadrées;Aire de services accessible toute l'année, stationnement gratuit autorisé 7j/7, 24h/24.;;0/0c/13-0c9a7368-65b9-31e1-8163-9cab05b5419e.json
Nordik Gliss;Autres points d'intérêt;Avec Bruno, moniteur de ski. Vivez l'aventure de ski en mode nordique pour se balader, s'oxygéner, s'émerveiller, s'amuser, s'initier, se perfectionner, découvrir...;;0/0c/13-0c9d376b-0a91-388f-bf84-f164682381e8.json
Maison Mandarine;Autres points d'intérêt;"Élégance Art Déco aux Portes de Vichy
Nichée dans une villa des années 30, au style Art Déco, la Villa Mandarine vous accueille pour vos séjours professionnels ou de loisirs ; elle offre un cadre raffiné et confortable.";;0/0c/13-0ca52773-786c-3db2-a380-4625fec61eba.json
DH4 - VTT - Tougnète Rocket;Sports et activités outdoor;De la pente et du flow !;;0/0c/13-0ca5451f-9afb-332a-ae45-48f5a0d4e04d.json
Parc ludique du Doron;Sports et activités outdoor;Venez parcourir cet itinéraire en pleine nature, entre Méribel-Mottaret et Méribel, La Chaudanne. Vous y découvrirez un chemin aménagé le long du Doron, des aires de pique-nique avec barbecue, un site d’escalade, des courts de tennis, et le Parc Aventure.;;0/0c/13-0ca7aef8-404f-34e0-bb91-7cd356d55dca.json
Courts de tennis de St Paulien;Sports et activités outdoor;"2 courts extérieur
2 courts intérieur";;0/0c/13-0ca85d75-700e-316d-8358-ea8fc9f46231.json
Prises2vues;Autres points d'intérêt;Organisation de stages photo nature dans le Vercors et à l’étranger.;;0/0c/13-0cab301b-371d-3005-b61d-89cc9b2cdd02.json
La Spagheteria;Autres points d'intérêt;Nous vous proposons une carte variée de plats savoureux, élaborés avec des produits frais et de saison. Des pizzas aux pâtes, en passant par les viandes et les poissons, nous saurons éveiller vos papilles.;;0/0c/13-0caeaba8-b1c5-3d9f-a498-f545d9989d20.json
Quirieu, site médiéval;Autres points d'intérêt;Le village de Quirieu se distingue par son caractère paysager unique, où la nature et la végétation ont repris leurs droits. Ce « village fantôme » offre un décor enchanteur, digne d’un conte, mêlant poésie, imagination et histoire.;;0/0c/13-0caf1ac7-2d90-3c60-8d86-1b356f33ccb1.json
Altiparc Aydat;Autres points d'intérêt;Parc de loisirs familial, créateur de sensations, activités en hauteur d'arbre en arbre, ponts de singe, liane, filets, tyroliennes ...;;0/0c/13-0caf57f6-6913-39e2-af1a-869aa7bab4e0.json
Chalet Lupo;Hébergement;Restaurant de spécialités italiennes, produits frais travaillés et cuisinés chaque jour sur place. Service attentionné, nappé de blanc, dans un cadre d'exception avec terrasse ensoleillée exposée toute la journée sur une des plus belles vue de Megève.;;0/0c/13-0cb135fb-461f-3392-b14c-2091b2311db4.json
Gîte du col de la Chaudière;Hébergement;30 ha de pleine nature, au pied de la forêt de Saoû et des Trois Becs : un havre de paix avec vue imprenable ! Chambres tout confort avec salle de bain, nombreux espaces communs. En couple, en famille ou en groupe pour une étape, un séjour, ou un stage !;;0/0c/13-0cb8143c-b1ad-340b-8614-92b20a413e0f.json
B&B Hôtel Saint-Etienne Monthieu**;Hébergement;64 chambres dont 7 chambres pouvant accueillir jusqu'à 4 personnes.;;0/0c/13-0cba172d-efdf-3842-b639-11ad926206a8.json
LE TERMINUS;Autres points d'intérêt;Agréable gîte, refait à neuf. idéal pour se ressourcer, proche de la forêt des Colettes et chemins de randonnées.;;0/0c/13-0cbb0184-1211-3954-aed8-6fc2fcb050b2.json
Village Saint-Amant-Tallende;Autres points d'intérêt;"La cité au trois châteaux, aussi porteuse du blason ""d'azur au trois tours d'or"", nous offre un voyage dans le temps. Retour dans le passé, grâce à un riche patrimoine historique et culturel.";;0/0c/13-0cbb55f9-0a5f-322b-ae35-a820060dc003.json
Le Grain d'sel;Autres points d'intérêt;Le Grain d'sel vous propose une cuisine traditionnelle mais surtout une carte de crêpes et galettes riches et variées. En plein centre de Bourg-d'Oisans le restaurant propose  une salle chaleureuse et une terrasse ensoleillée.;;0/0c/13-0cbf10cf-caa2-33ef-9569-68f629b4277f.json
Soirée repas-concert à la Miellerie avec les Blue Maracas;Spectacles et événements;Soirée concert exceptionnelle avec les Blue Maracas. Ils vous transporteront avec leurs mélodies entraînantes et leur énergie contagieuse ! Plongez dans une ambiance musicale envoûtante au cœur d'un cadre aussi doux que le miel.;;0/0c/13-0cc04379-2def-329e-a153-fc69325a8683.json
Marché Quaix en Chartreuse;Spectacles et événements;Marché de producteurs locaux avec des produits alimentaires.;;0/0c/13-0cc09b57-fd05-3fd1-a088-fb6c666c06e9.json
Bibliothèque d'Ampuis;Culture et patrimoine;La bibliothèque, animée par des bénévoles, met à disposition de ses abonnés un fonds important et régulièrement renouvelé de livres.;;0/0c/13-0cc22a61-5072-3805-a8c9-c445e2531a3a.json
Site archéologique de Cotteughes;Culture et patrimoine;Vestiges d'un village médiéval abandonné à la fin du XIVème siècle, le village de Cotteughes, s’étend sur environ quatre hectares et comprend plus de trente habitations dites «cases»...;;0/0c/13-0cc87131-b2ef-3868-8fd2-aab0726b6996.json
La Parenthèse;Autres points d'intérêt;La Parenthèse c'est quoi ? C'est un bar à vins et bières ! Le lieu idéal pour faire une halte, une parenthèse dans la journée. Un lieu atypique à la décoration unique où la musique a sa place. Mais c'est aussi une activité de CAVISTE.;;0/0c/13-0cc8a0ff-b6f0-3bf5-bf36-8c0f80c09a90.json
Pont de Tréboul;Autres points d'intérêt;Pont suspendu traversant la rivière Truyère;;0/0c/13-0cc8d8ea-daa2-348c-8571-a3de36eee8e6.json
Restaurant  Le Talluy;Restauration et gastronomie;Au Talluy, la gastronomie est mise à l’honneur à travers une cuisine traditionnelle et inventive. Nous mettons un point d’honneur à ne vous proposer que des plats maison élaborés à partir de produits frais et de saison !;;0/0c/13-0ccec5f4-b35d-3bd7-b676-de92caec9183.json
Match VRDR vs Oyonnax;Autres points d'intérêt;Le stade Pompidou accueillera le 12ème match de la saison entre les équipes de Valence et Oyonnax. Les deux clubs, avec leurs histoires et leurs passions respectives, se préparent à offrir un spectacle plein d'énergie et de suspense.;;0/0c/13-0cd07abe-b758-3ed7-860b-9cd71e2bc839.json
Le Pont Eiffel;Autres points d'intérêt;En 1887, la société Eiffel obtient le marché pour la construction du pont sur l’Allier. Le pont Eiffel à treillis métallique est finalement réalisé entre 1887-1888, soit juste après le Viaduc de Garabit et l'ossature de la Statue de la Liberté à New York.;;0/0c/13-0cd112a0-ceb2-3238-b71d-8f1347596a30.json
Dam'Evasion;Autres points d'intérêt;Dam’évasion vous propose des randonnées avec départ et parcours à la carte, adaptées à votre niveau, de 1h à 2h30.  Nos cessions peuvent accueillir jusqu’à 6 personnes.;;0/0c/13-0cd34e3a-665c-3c95-a268-7f77b3badb1e.json
Le Spa Le Mont Anis;Autres points d'intérêt;"Notre engagement absolu envers l'art du bien-être.
Le Spa Le Mont Anis, véritable havre de raffinement niché au cœur de la cité du Puy-en-Velay, vous invite à une évasion sensorielle où l’art du bien-être s’allie au luxe authentique.";;0/0c/13-0cd41dd8-fe3c-3a04-9720-3b5186c5e029.json
Piscine Les Ondines;Sports et activités outdoor;Piscine équipée d' un bassin extérieur, d'un bassin intérieur de 12,5 x 12,5 m, d' une pataugeoire et de jeux d'eau.;;0/0c/13-0cd67a48-4b0d-3de6-8a56-1c2f3933eea9.json
Parcours VTTAE 70 bleu - D'Oyonnax au lac Genin - Espace FFC Ain Forestière;Nature et détente;Circuit intermédiaire au départ des parcours sportifs de la Brétouze avec peu de difficultés techniques, en dehors de la descente sur le lac Genin par un chemin en pierres, mais un bon dénivelé.;;0/0c/13-0cd7b4bb-b01b-3e51-bacc-8597f241a31a.json
Le Sommet;Nature et détente;À quelques encablures de la cime du Sancy, situé à 1780m d’altitude, le Sommet vous accueille sans prétention dans un lieu unique et insolite au milieu des sentiers en été et des pistes de ski en hiver.;;0/0c/13-0cd901d5-8d5c-392d-9222-dd832fa399f8.json
Itinéraire raquette des Granges;Autres points d'intérêt;Jolie boucle en direction du typique hameau des Granges, avec vue exceptionnelle sur l'aiguille Verte.;;0/0c/13-0cd9b5f6-02d4-37d9-ba91-93d072e86ee4.json
Parcours via ferrata Chamrousse;Nature et détente;"Il y a deux vias ferratas à Chamrousse : la via ferrata des ""3 fontaines"" et la via ferrata des ""lacs Robert"".
Ouverture tous les ans de mi-juin à mi-septembre (se renseigner auprès de l'Office du Tourisme).";;0/0c/13-0cd9dfb3-ac0a-30a5-b03a-181cffce1419.json
Le Temps rêvé;Autres points d'intérêt;restauration traditionnelle (plus de la restauration rapide et à emporter pour la saison de ski), nous avons à cœur de vous proposer des plats avec des produits frais et locaux.;;0/0c/13-0cda2861-ea58-3f09-a98e-b6a4ac5a6044.json
Camping du Moulin;Hébergement;Pour un agréable séjour en famille, le camping du Moulin vous accueille au cœur de la Vallée de l’Authre, vallée des poètes.;;0/0c/13-0cdbfa8d-28fa-3e99-8b4c-e2701d21d5b8.json
Escape game au Fort du Télégraphe;Autres points d'intérêt;"Le fort du Télégraphe se transforme en escape game en réalité augmenté.
Grande chasse aux trésors En famille, entre amis, entre collègues, sur 3 niveaux.
en intérieur et en extérieur";;0/0c/13-0cdd36f4-5765-3b3d-b01d-d7bfaed9d89c.json
Pagode;Autres points d'intérêt;Depuis 1955, une communauté asiatique a remplacé les mineurs de Noyant et a édifié une pagode et des statues (en 1983) pour célébrer le culte de Bouddha. Visite gratuite libre ou guidée.;;0/0c/13-0ce241f1-2d89-3a50-b79f-1fd668c53822.json
Eglise de Courtenay;Culture et patrimoine;L'église paroissiale du bourg a été édifiée entre les années 1870 et 1880. Placée sous le vocable de Saint-Martin, l'on peut admirer sculpté sur le tympan un groupe allégorique, Martin partageant son manteau avec un mendiant.;;0/0c/13-0ce46f0a-0b08-3651-ac7c-e0f6f3649a44.json
La Bûcherie;Autres points d'intérêt;"Entre deux descentes de ski ou après une randonnée, Anne et Franck vous accueillent pour une pause bien méritée en terrasse ou à l'intérieur dans un cadre rustique pour manger snack, crêpes, gaufres...
Soirée brasero les vendredi et samedi soirs !";;0/0c/13-0ce49ece-f151-369d-a5c6-617abfeb14bf.json
Boulodrome;Autres points d'intérêt;Terrains ombragés. Accès libre.;;0/0c/13-0ce61e53-778e-3e41-8db7-bafe58a25aa3.json
Restaurant Le Jardin de Tienou;Restauration et gastronomie;Johann Tarello & Amandine Serra vous accueillent dans un ancien prieuré du XIIème siècle au coeur de centre de Pierrelatte.;;0/0c/13-0ce8b6b1-51dd-38c6-bd62-f60e019559cd.json
Befed Thonon;Autres points d'intérêt;"Le BEFED est un pub entièrement italien à succès, le seul et l'unique depuis 1996. Dans nos Pubs, vous pouvez trouver l'inimitabile Galletto BEFED et l'excellente Bière Artisanale, et vivre l'esprit BEFED.
BEFED... Gli amici, la Birra, il Gallo.";;0/0c/13-0cea7c6b-114a-35bd-91b3-125638d0d6ae.json
Hôtel-Restaurant Auberge le Domanial;Hébergement;Située à 800m d'altitude, l’Auberge Le Domanial vous accueille sur un site exceptionnel pour un séjour familial, détente ou sportif.;;0/0c/13-0ceb1f77-d747-3e63-b051-3d0a22097555.json
Smart Escape Game, Challes-les-Eaux;Autres points d'intérêt;"Une activité originale pour tous !
Enfermés dans une salle, unissez vos efforts pour retrouver votre liberté en 60 minutes chrono. Vos capacités de logique, d'observation et d'imagination seront en alerte pour résoudre une multitude d'énigmes.";;0/0c/13-0ceb822c-256c-3fb3-832f-d9e4164a5e05.json
Centre Nautique;Autres points d'intérêt;Le centre nautique de Saint-Jean-de-Maurienne comprend un bassin intérieur de 25m (4 couloirs) et des douches accessibles toute l'année, ainsi qu'un espace extérieur accessible en été. Le centre propose toute l'année des cours de natation, aquagym…;;0/0c/13-0ceebb9d-581a-3985-8ade-5cba3baa0e40.json
Parc Flaubert;Nature et détente;Le parc Flaubert a été conçu sur une ancienne friche en 2015. La voie ferrée reliant Grenoble à Chambéry passait par l'emprise du parc actuel. Des vestiges de rails ont d'ailleurs été conservés pour ne pas effacer son caractère patrimonial.;;0/0c/13-0cf005d2-7144-3aa2-9333-92caac2ad1f9.json
Agnès Bertet - Guide conférencière;Autres points d'intérêt;Passionnée par le patrimoine auvergnat, je vous ferai découvrir des villages médiévaux, des sites volcaniques d'exception et partagerai avec vous les petites histoires et anecdotes qui pimentent les visites.;;0/0c/13-0cf04220-986e-3dc8-a37c-4c7c33f5e242.json
N°5 Chemin des dimanches;Nature et détente;"Cette balade, sans aucune difficulté particulière, vous est idéale pour vous "" remettre en selle "" ou pour pratiquer le Gravel Bike tout en douceur.";;0/0c/13-0cf04849-69ec-336f-8cb7-3ad22d56678b.json
Château de Montfort;Culture et patrimoine;Ce château-fort du 12è siècle, remanié au 17è siècle, domine le bourg et le plan d'eau du Vernet. Propriété communale, il abrite au rez-de-chaussée la Maison de l'Améthyste ainsi qu'à l'étage des expositions temporaires pendant la saison estivale.;;0/0c/13-0cf07694-ec43-3af3-9512-237244e768e1.json
Artisan du plein air - Activités pleine nature encadrées;Autres points d'intérêt;"Guide diplômé de spéléologie, canyoning, via corda.
Découverte de la spéléologie du canyon et de la Via corda. Perfectionnement.";;0/0c/13-0cf1ae91-c1c0-3ff1-b448-82f1fc0dfe02.json
Boulodrome Pétrus Chapiron;Autres points d'intérêt;A_GENERER_VIA_IA;;0/0c/13-0cf1e934-89c6-3cf7-b8d1-0fe7263b5cd3.json
Chadeleuf;Autres points d'intérêt;"Même sous un ciel gris, Chadeleuf est un village plein de chaleur, tout en couleurs; les ocres des pierres, le rouge des toitures ... Ancien village vigneron et fortifié, le village garde de beaux témoignages de son passé.";;0/0c/13-0cf4d667-b0a2-3c76-9b86-8fa8aca19b12.json
Parcours Saint-Pierre;Nature et détente;Parcours Saint-Pierre… ambiance à la fois médiévale et contemporaine pour ce circuit à deux visages.;;0/0c/13-0cfa3666-925a-3d43-afac-d4b113145b97.json
"SENTIER HIVER ""Méribel Village - Le Plantin"" (fermé hiver 24-25)";Nature et détente;Depuis l'arrêt navette de Méribel Village passer devant la Chapelle Saint Sébastien monter tout droit la ruelle qui mène au départ du sentier direction le Plantin Du hameau jolie vue sur Tougnète et la vallée. Retour possible navette et télésiège du Golf.;;0/0c/13-0cfe7250-2e3c-3a27-9826-a6c4b00d5438.json
"""Vins"" quand tu veux !";Autres points d'intérêt;"Marie-Thé & Bertrand Gachet vous accueillent, ""Vins"" quand tu veux !";;0/0c/13-0cfec51a-b920-37a3-b6e7-62c9566c6e80.json
Exposition - Opinel monte sur les planches;Culture et patrimoine;Dans sa nouvelle exposition, Opinel entre en scène et retrace son histoire à travers le langage du théâtre. Tous les mardis, cet été, assistez à une toute nouvelle scénette inédite, jouée et mise en scène par la Cie Daniel Gros, en live à 16h et à 17h !;;0/0d/13-0d013a3f-58df-337e-8e54-0e1567ed4c82.json
Piste verte de ski de fond du Plateau de Retord : Le Fond des Plans;Sports et activités outdoor;Le Plateau de Retord comprend 150 km de piste de de ski de fond au départ des Plans d'Hotonnes, de la Chapelle de Retord et de Cuvery.;;0/0d/13-0d035285-da59-3f28-8c0a-4617381f461f.json
Compagnie de cirque Le Kaput Circus;Autres points d'intérêt;Compagnie de cirque située sur la commune de Félines qui marie spectacle de cirque et fête foraine avec châteaux gonflables, trampolines;;0/0d/13-0d0809f4-601e-37d5-9222-f692dc656eed.json
Mézenc rando découverte;Autres points d'intérêt;Randonnée avec guide en toute saison, avec découverte du massif Mézenc Gerbier.;;0/0d/13-0d09929e-91ef-3a74-9aed-7fd6842c42e2.json
"Les Apéros Live du Bis ""Trop"" Savoyard - Mardi 23 septembre à partir de 19h";Autres points d'intérêt;"Les Apéros Live du BIS ""Trop"" Savoyard 
 Tous les mardis et jeudis, de juin à septembre, de 19h à 21h";;0/0d/13-0d09d6b4-968b-33d5-b561-c3888a6ebc4f.json
Le Mont de Vorès FFC n° 54;Autres points d'intérêt;Parcours sur les crêtes de Notre Dame de Bellecombe, où vous pourrez admirer de magnifiques panoramas.;;0/0d/13-0d0b8613-acc6-3259-a003-f8f742825179.json
Castel Franc;Autres points d'intérêt;Cette maison dite « Castel Franc » ou « Maison du Bailliage », adossée à l’ancien rempart de la ville, reste assez mystérieuse, tant pour sa dénomination que pour sa datation.;;0/0d/13-0d0e18f3-ad57-3131-926b-58c22b8088cf.json
Golf des 2 Alpes;Sports et activités outdoor;Dans un cadre exceptionnel, venez découvrir un parcours de Golf de 9 trous, 2200 m par 64, et ses 40 postes de practice.;;0/0d/13-0d0e8e5e-5c83-363a-bd17-a84f9c763733.json
Camping Paradis Val de Coise ****;Hébergement;"Ce camping au cœur d’un environnement remarquable, au-delà de la ville, est un prétexte aux visites et flâneries ; vous découvrirez la Loire et ses merveilles, ses hauts reliefs et des paysages époustouflants. Label clef verte obtenue en 2022 !";;0/0d/13-0d0fa9b6-0ab0-3c59-ad37-e9ad15290ab4.json
Brasserie du Théâtre;Restauration et gastronomie;"Restaurant situé au cœur de ville, à côté du théâtre de Bourg-en-Bresse.
Ouvert 7j/7";;0/0d/13-0d140348-75fa-3589-87d0-0d958ccb56d0.json
La Casa des Achards - Chambres d'hôtes;Autres points d'intérêt;La Casa des Achards vous accueille dans un lieu propice au repos et à la détente qui allie confort et sérénité et où vous découvrirez la beauté de la montagne et les atouts d’un environnement naturel préservé.;;0/0d/13-0d153bd1-6cfe-34df-972d-9368f249dfc0.json
Flamingo Pizza;Autres points d'intérêt;Une envie de pizza?  Un large choix de pizzas pour tous les goûts !;;0/0d/13-0d155f83-88aa-3143-b41f-74e734b2a3aa.json
106 découvertes - Jimmy Perrin, guide conférencier;Autres points d'intérêt;"L'Auvergne en grand et dans toute sa splendeur avec un passionné de sa région...
Alors à très vite avec 106 Découvertes !!!";;0/0d/13-0d15f21a-48f6-3529-a395-33d0c83ddb31.json
Aire d'accueil et de services sur camping;Hébergement;Aire de services sur camping.;;0/0d/13-0d185359-b74e-3f2b-af06-eb295212da46.json
Côté Crêpes;Nature et détente;La bonne adresse des gourmands où toutes les générations se confondent et où se retrouvent tous ceux à la recherche d'une cuisine simple mais savoureuse. Menus à partir de 15 €;;0/0d/13-0d18ca04-5697-38d1-9e89-6dc5f437f142.json
Le Bréda;Autres points d'intérêt;Typique torrent sauvage de moyenne montagne, le Bréda devient une rivière torrentueuse de plaine à partir de son linéaire limitrophe Savoie/Isère.;;0/0d/13-0d19f76c-1f28-3d68-b3a6-5ea2c2e858aa.json
Site de pêche - Rivière Le Petit Sioulet;Sports et activités outdoor;Pêche de la truite fario en 1ère catégorie dans le Petit Sioulet et les ruisseaux des communes du canton d'Herment.;;0/0d/13-0d1a4c53-7e02-3bf5-aecf-2836ec100821.json
Circuit gourmand le long du Rhône;Nature et détente;Un itinéraire gourmand à la rencontre des producteurs de la vallée du Rhône en Ardèche Grand Air. Au programme : découverte des vins locaux et surprises culinaires chez nos restaurateurs !;;0/0d/13-0d1aaae9-6f87-3440-91de-3877df36b2dc.json
K2 Parapente;Autres points d'intérêt;"Depuis 2005: Un couple, une équipe, une passion: L’air !  
Venez voler avec nous. Toute notre équipe sera là pour vous accueillir afin vous faire découvrir et partager avec vous le parapente. Vous serez dans une ambiance conviviale et familiale.";;0/0d/13-0d204518-305f-37ee-91f9-9bd28fe9db2d.json
Maison-Théâtre de Machy;Culture et patrimoine;"La Maison-Théâtre de Machy se trouve à Chasselay, au cœur des Monts d’Or, à 18 km de Lyon.
Espace de création, de formation, d’accueil d’artistes et d’événements, cette belle et grande demeure du XVIIIème a pour originalité d’être restée un lieu vivant.";;0/0d/13-0d2052eb-893e-3428-9026-5403982b7597.json
Le Grizzly;Autres points d'intérêt;"Perché sur le plateau de Beauregard, le Grizzly offre un panorama exceptionnel et une grande terrasse ensoleillée, l'hiver comme l'été.
Instagram : grizzlymanigod
Le Grizzly est privatisable pour l'organisation de tous vos évènements";;0/0d/13-0d22a779-b6ca-3939-90da-a4eb23fe56f8.json
Plan de l'Aiguille;Autres points d'intérêt;A_GENERER_VIA_IA;;0/0d/13-0d233f17-6a43-3ab7-b5d9-d00000aebfc7.json
Les quatre saisons;Autres points d'intérêt;Tout près du lac, en pleine campagne, avec vue sur les montagnes environnantes, dégustez une cuisine française élaborée avec des produits locaux et de saison.;;0/0d/13-0d261868-0d94-3502-a3d8-b3be43273491.json
Enduro :  Le Grand canyon;Nature et détente;Parcours technique avec de nombreux franchissements.;;0/0d/13-0d26626d-aee6-3b33-a9ff-69b5e5ccccfe.json
Restaurant Le Bistrot du Château Saint-Jean;Restauration et gastronomie;À l'abri derrière la verrière, accoudé au bar ou encore aux beaux jours sur la terrasse avec vue sur le parc Saint-Jean, le bistrot et son équipe mettront tout en place pour favoriser un moment tout en simplicité et en bonne humeur.;;0/0d/13-0d273669-7a9d-3a60-b704-38147711cec7.json
Museum d’Histoire Virtuelle;Culture et patrimoine;Depuis 2012, le Museum d'Histoire Virtuelle a pour mission de vous faire découvrir ou revivre les instants de gloire (ou pas) du jeu-vidéo.;;0/0d/13-0d281d22-b68a-356b-9908-15c40e8572b9.json
Gîte Les Papillons;Hébergement;"Charmante maison de campagne située dans un petit hameau, avec une cuisine toute équipée et un séjour confortable.
HÉBERGEMENT QUALIFIÉ ""RANDO ALLIER"".";;0/0d/13-0d299dae-d338-3556-9127-9b0cc341b11a.json
Hôtel-restaurant Les Caudalies;Hébergement;Découvrez le tout nouvel hôtel Les Caudalies avec ses 6 chambres rénovées avec goût et climatisées. L'hôtel propose également un restaurant et un bar avec une carte moderne et raffinée.;;0/0d/13-0d2a222e-d38b-3d15-91a0-eaaffcb2c4f6.json
Bertille Jay Montoliu;Autres points d'intérêt;Nous proposons des randonnées équestres à la journée ou demi-journées encadrées par des professionnels et des balades à poney en main d'une heure ou d'une demi-heure. Nous proposons aussi des animations découverte de la ferme.;;0/0d/13-0d2bae66-6372-3366-81da-a0e030aad82e.json
Médiathèque de Vernioz;Culture et patrimoine;A_GENERER_VIA_IA;;0/0d/13-0d2bc576-138f-34f5-8b27-4d6fc9572cf9.json
Auberge de la Loire;Hébergement;Au bord du lac de Villerest, l'Auberge de la Loire vous accueille dans un cadre magnifique  et une ambiance chaleureuse. Venez découvrir notre cuisine traditionnelle. L'équipe est à votre disosition pour tout renseignement. Animaux acceptés en laisse.;;0/0d/13-0d2c24a1-e077-3d4a-a59a-9034dc03394a.json
Saint-Saury;Autres points d'intérêt;Le village de Saint-Saury, dont l'origine du nom se dissimule derrière celui de son église, ravira à la fois les amateurs de mystères mégalithiques, de belles histoires de Résistance, de trésors romans bien cachés et de belles truites... bien visibles !;;0/0d/13-0d2ca050-bc33-3759-b057-2749963667f4.json
Église Saint-Pierre et Saint-Paul;Culture et patrimoine;Cette église du IXe siècle, remaniée en 1845 et comportant deux chapelles, possède une ouverture à l'est. Admirez de magnifiques peintures ornant son chœur et son abside et appréciez également le plafond en lambris de bois à l’ancienne, en réseau.;;0/0d/13-0d2d722e-1a2a-325b-bceb-042daf966593.json
Parcours VAE n°8 _ Le Grand Tour - ROUGE;Nature et détente;Ce circuit en boucle au départ du parking du Châtelet propose une immersion complète dans les paysages du Val Montjoie, mêlant sentiers forestiers, pistes d’alpages et points de vue spectaculaires.;;0/0d/13-0d2fb4da-94a7-3d60-942b-fdda6558958e.json
Cycles et Sports;Autres points d'intérêt;Magasin spécialisé dans la réparation, la location et la vente d'accessoires pour vélos. Il propose également le E-Bike service : rechargez votre vélo à assistance électrique ici sur simple demande (pensez à prendre votre chargeur).;;0/0d/13-0d31ee67-16b0-3f03-abfc-8e1d13728ce0.json
N°71 – Les Planchettes - Espace VTT-FFC Massif des Bois Noirs;Sports et activités outdoor;"Parcours agréable en forêt pour découvrir le ""toit de l'Allier"".";;0/0d/13-0d34a7da-6a6b-3d18-bd20-fceb50982631.json
Hôtel du Centre;Hébergement;Hôtel Bar Restaurant situé au cœur du village de Cormaranche-en-Bugey à 3km d'Hauteville-Lompnes dans la commune du Plateau d'Hauteville.;;0/0d/13-0d36cf24-4757-3f6c-a2fb-e93a8e764344.json
Le Grillon;Autres points d'intérêt;Pizzeria - restaurant, pizza au feu de bois.  Pizzas & plats à emporter.;;0/0d/13-0d36e8fa-d92e-320e-9c6c-e0f28f3ed3e6.json
Camping Les Prés de L'Arly;Hébergement;Les Prés de l'Arly vous accueille toute l'année, au coeur du domaine skiable de l'espace Diamant regroupant les pistes de Praz-sur-Arly, Notre-Dame-de- Bellecombe, Flumet, Crest-Voland et Les Saisies. Jeux extérieurs (chateau gonflable) pour les enfants.;;0/0d/13-0d370b25-f81a-3737-94ba-204c68a43c96.json
Auberge de Bonjournal;Hébergement;Authentique chalet d'alpage chaleureux, où déguster une cuisine savoyarde et familiale au centre de la liaison Megève-La Giettaz. Accessible l’hiver en skis ou raquettes par le Christomet et l’été à pied ou VTT (recharge VTTAE possible) par le Jaillet.;;0/0d/13-0d37a7be-afa1-3452-aaef-9a0b3927736e.json
ViaRhôna Ardèche;Autres points d'intérêt;Relier le lac Léman à la mer méditerranée en longeant le fleuve Rhône sur 815km, voici ViaRhôna. Sur 181km elle borde l’Ardèche et alterne entre rive droite et rive gauche;;0/0d/13-0d388cb1-b841-3c0c-bc64-eb37b31f1345.json
Mistral Palace;Autres points d'intérêt;Installé dans un ancien cinéma d'art et d'essai, le Mistral Palace a ouvert ses portes à l'automne 2007, en plein centre-ville de Valence (Drôme). Cette scène active participe pleinement à la diffusion des musiques populaires sur sa ville et sa région.;;0/0d/13-0d389d62-88ab-3766-8978-8d12cec9818a.json
Aire de services pour cyclistes;Services et activités encadrées;Aire de services pour les cyclistes, équipée d'une station de lavage et de gonflage (vélo ou VTT) et 2 bornes de stationnement et de recharge pour les vélos électriques.;;0/0d/13-0d3a229f-10ed-3ebb-8f09-3baa9022d084.json
Randonnée à l'Alpage de la Charme;Sports et activités outdoor;Ce sentier serpente parmi les rodhodendrons et la bruyère. Vous découvrirez moutons, chèvres, vaches et chevaux et pourrez faire provision de fromages fabriqués par le berger.;;0/0d/13-0d3a7c97-c820-3a84-8c83-40e305ca80a6.json
La Chouette;Autres points d'intérêt;Brasserie Savoyarde et Crêperie Bretonne;;0/0d/13-0d3c66e7-cfdb-3eef-bfbe-49735a9a675d.json
Centre Nautique - Espace aqualudique;Autres points d'intérêt;L'espace aqualudique du centre nautique est le lieu idéal pour s'amuser et se rafraichir en été. Vous y trouverez un bassin extérieur 25m, un pentagliss, une pataugeoire ainsi qu'un snack et un belle pelouse ombragée.;;0/0d/13-0d3fca27-2fe2-354b-9576-12568b3fb8b4.json
Petit Mont Blanc;Autres points d'intérêt;Offrez-vous le plus beau panorama à 360°, des glaciers de la Vanoise au mont Blanc. Ce sommet tient son nom de sa forme arrondie, semblable à celle de son grand frère, et du gypse qui ressemble à la neige.;;0/0d/13-0d409307-2bf6-3335-9517-87787c5fa411.json
Château de Viverols;Culture et patrimoine;Outre l'attrait de son site, le château de Viverols, qui domine le bourg médiéval, est un témoignage important de l'architecture militaire féodale dans la région, avec ses éléments du XIIIe siècle et les remaniements des XVe et XVIe siècles.;;0/0d/13-0d40a2f2-a8c0-3488-a22d-101299f22039.json
Hôtel Campanile;Hébergement;"L'hôtel ""Campanile"" climatisé est à quelques minutes du centre de Moulins, Ville d'Art et d'Histoire.";;0/0d/13-0d454e7c-831f-3a80-bf85-b79b12553795.json
Aiguille des Grands Montets;Autres points d'intérêt;L'Aiguille des Grands Montets, dans le massif du Mont-Blanc, est le nom donné à l'un des sommets dominant le village d'Argentière (1 200 mètres), sur la commune de Chamonix-Mont-Blanc. Elle culmine à 3 295 mètres.;;0/0d/13-0d4694e0-1338-34a6-8991-6cb2de321d39.json
Fête de la Béate;Spectacles et événements;"Fête de la béate chaque année, le 1er Dimanche d'Août.
Organisé par l'association ""La maison de la béate"".
Tout public, entrée libre. RDV à Malhac";;0/0d/13-0d47d83b-3246-3c73-9594-eaad91a65181.json
City stade;Autres points d'intérêt;Ce city  stade est composé d'un jeu de pétanque bordé de mobiliers et d'accessoires ludiques pour les enfants. Il permet aussi la pratique du handball, basket , foot,,,;;0/0d/13-0d47fe8c-11f1-35af-bea0-8ed8abe946d0.json
Emotions Plongée;Autres points d'intérêt;Karine, monitrice diplômée d'Etat, FFESSM, PADI, SSI et BATHYSMED vous propose des explorations, des plongées bien-être et des formations dans notre beau lac et à la Cité de l'eau.;;0/0d/13-0d4aafed-bea2-3d0b-920f-724d49deb382.json
Maison mitraillette;Autres points d'intérêt;Découvrez Maison Mitraillette à Grenoble pour déguster des spécialités belges dans une ambiance chaleureuse et conviviale.;;0/0d/13-0d4ad331-2f2c-3b5c-aba7-76f8b1b57aa0.json
Médiathèque de Biol;Culture et patrimoine;Médiathèque du Réseau des Vals du Dauphiné;;0/0d/13-0d4bace5-14b7-392f-bf23-e2d5aed4cd2a.json
Valence;Autres points d'intérêt;Ville romaine pourvue d'une riche histoire, la ville de Valence recèle bien des merveilles tant sur le plan archéologique et architectural que paysager.;;0/0d/13-0d4c027f-7536-360f-8539-77ba2f3eae71.json
Piscine Municipale de l'Ondaine;Sports et activités outdoor;Venez plonger !;;0/0d/13-0d4d0792-9184-3666-8eba-444b193662bc.json
Galerie d'exposition Ricardo Ponce;Culture et patrimoine;Cubain, Ricardo Ponce s’est installé à Valence, en France depuis plusieurs années. C’est dans cette ville de la Drôme où l’artiste peintre, sculpteur, céramiste, galeriste formateur exerce son art.;;0/0d/13-0d4ee049-de1b-37dc-a131-dc750a8d9fbc.json
La Tourmaline Hôtel & Spa;Hébergement;Hôtel 3*, Logis de France, idéalement situé en vallée entre Moutiers et Bourg Saint Maurice, au pied du domaine skiable de La Plagne/Paradiski. Restaurant, terrasse, lounge bar, piscine, squash, spa, soins corps et visage, parking privé;;0/0d/13-0d506b83-ab66-33d6-bcdb-6f7464fe0972.json
Gioia;Autres points d'intérêt;"Faites de votre événement, un instant d'émotion...
Bienvenue dans le monde de GIOIA";;0/0d/13-0d50a647-a916-3e88-9d02-a90e4988ce85.json
Terre d'Horizon - Le p'tit café;Restauration et gastronomie;"Point de départ pour explorer la Réserve Naturelle, le P’tit Café vous offre une vue imprenable face au coucher du soleil.
Ouvert de 16h à 20h les week-ends et jours fériés et tous les jours pendant les vacances scolaires.";;0/0d/13-0d534f71-93f9-39a4-9a22-324f0b431c27.json
Le Momen't Café;Restauration et gastronomie;Brasserie conviviale et Ambiance sympathique. Venez profiter d'une cuisine de qualité, avec la rapidité du service.;;0/0d/13-0d53c337-759c-3f99-b749-e81d93fcafbb.json
Les cabanes magiques de Mariegillou;Autres points d'intérêt;"Les cabanes magiques vous invitent dans l'univers des contes...
Toutes biscornues, avec leurs fenêtres de travers, un toit qu'on croirait de pain d'épices, ces cabanes sont sorties d'un conte pour faire rêver les petits et les grands...";;0/0d/13-0d5469c4-2d08-32d5-93a5-d329ddf9265d.json
Le Vieux Manoir;Autres points d'intérêt;"Complexe nocturne depuis 1971 !
4 salles : Salle Techno @papaclubgrenoble | Arkange Pub - Pop Généraliste | Ave Maria - Latino | Entresol - Années 80";;0/0d/13-0d54de7b-e627-33c0-a5f5-0d1a731a7380.json
Sous l'Olivier;Autres points d'intérêt;Dans un cadre calme et ombragé, au confluent des deux rivières.;;0/0d/13-0d584d8e-5e5d-3781-b494-c2f73ef30908.json
Evasion dans le Bocage - En Quad;Autres points d'intérêt;Evadez-vous en Quad !;;0/0d/13-0d5c302d-302f-352e-a5de-b9abb039a81b.json
Soprano;Autres points d'intérêt;Après sa folle tournée « Chasseur d’étoiles », Soprano revient en 2025 avec le « Freedom tour » dans toute la France.;;0/0d/13-0d5dcb87-08b2-3ee7-ab5b-05efd6978f58.json
Parcours d'orientation patrimoine adulte;Culture et patrimoine;A l'aide de votre carte, partez à la  recherche des balises et découvrez Tréminis et son histoire !;;0/0d/13-0d600fe8-8bf9-3886-9b06-749df131c839.json
Canyon de l'Aspre Haut;Nature et détente;Sur la commune du Fau. Suivre le GR 400 depuis La Bastide. Rentrer dans la gorge à la lisière des bois noirs vers 1300 m;;0/0d/13-0d60b50e-67e6-3c8c-8092-2c577056e0e0.json
Auberge des Sapins;Hébergement;"Restauration traditionnelle et esprit familial.
Souris d'agneau à basse température, grenouilles, pièces du boucher, poisson selon arrivage, pizzas ...
Petite terrasse l'été et salle climatisée.";;0/0d/13-0d63bf5e-d321-3a68-8bb3-b23ab9e73d09.json
Gîte des Quirous;Hébergement;Le gîte des quirous est composé de 13 chambres, un salon TV wifi, une cuisine et uen salle de restauration, pour un total de 38 places;;0/0d/13-0d63c7b3-774c-3c91-9fbc-a718dc637e84.json
La Table du 20;Restauration et gastronomie;"Luc, Franck et leur équipe seront heureux de vous vous faire déguster des produits frais cuisinés avec amour et accompagnés de vins de qualité.
 Venez passer un agréable moment en découvrant la cuisine du bistro dans une ambiance décontractée.";;0/0d/13-0d689516-14e2-39c2-8543-9af50da823d8.json
Terrain de pétanque des Contamines;Autres points d'intérêt;"Le terrain de pétanque se situe sur la zone de loisirs, à proximité de l'aire de pique-nique et de la fontaine d'eau potable.
Attention : en hiver, le terrain est enneigé.";;0/0d/13-0d6bca3c-4883-3b00-98fe-c43385cbb6ed.json
Restaurant L'Auberge des Ris;Hébergement;"L'Auberge des Ris propose des plats ""fait maison"" dans un endroit agréable et verdoyant avec vue sur l'étang.";;0/0d/13-0d6cff33-06f8-3fb8-975a-03a68c67d91a.json
Randonnées proposées par le Camp des Dryades;Autres points d'intérêt;La montagne Bourbonnaise regorge de superbes espaces naturels protégés, de patrimoine paysan et d'artisans, de producteurs et d'artistes. Venez découvrir ces richesses méconnues accompagné par un professionnel lors de randonnées inoubliables.;;0/0d/13-0d6ebc54-665d-37d1-b207-a8628e491e23.json
A.S Karting le Coteau;Autres points d'intérêt;Initiation au karting (4 temps + kart enfant). A partir de 8 ans (1.40m).;;0/0d/13-0d6ff78d-b6ee-3fef-ae33-196b09eaee5c.json
Bibliothèque Municipale;Culture et patrimoine;Elle dispose d'environ 5000 ouvrages variés (romans, documentaires, BD, périodiques, CD, DVD, CDR ...) dont 800 en roulement avec Savoie-Biblio (renouvellement régulier, possibilité de réserver des documents spécifiques).;;0/0d/13-0d7a49ed-fb62-3d01-8047-addf9a91a9e7.json
Escape Game : Alerte Submersion;Autres points d'intérêt;"Alerte Submersion !
Le niveau de la Loire monte dangereusement, tentez d'échapper à la noyade !
De 2 à 6  joueurs.
À partir de 10 ans.";;0/0d/13-0d7b0e51-b4a1-3483-a7f4-c08041e72d51.json
Kebab Des Alpes;Autres points d'intérêt;Kebab, tacos et spécialités turcs.;;0/0d/13-0d7ccceb-5d05-3855-8abf-26acab3910fb.json
Les Rhodos;Autres points d'intérêt;"Le rendez-vous de la montagne et des montagnards.
Dans cette ambiance conviviale, vous croiserez les professionnels de la station pour discuter autour d'un café, d'un vin chaud ou d'une crêpe. 
WIFI, TV sport, petit restauration.";;0/0d/13-0d811f19-3b39-3123-90ac-5b75bc3ab2b2.json
Kwuisin’ du Bonheur;Autres points d'intérêt;Un accueil chaleureux dans ce restaurant de quartier qui sert un menu à l'ardoise en proposant une cuisine fraîche et confectionnée fait maison.;;0/0d/13-0d847c3b-9efe-30fe-9ee7-236641d249d2.json
Brasserie Au Bureau;Restauration et gastronomie;"Rendez-vous dans nos pubs authentiques et uniques…
Véritables lieux de vie aux décors anglo-saxons, Au Bureau rythme votre journée du matin jusqu’au soir : repas entre amis, apéro, sport, musique, danse…";;0/0d/13-0d88e769-c42a-3813-ae7c-b8cea3fcaac5.json
Terrains de tennis;Sports et activités outdoor;Courts de tennis à côté du camping.;;0/0d/13-0d89280b-92bc-3129-8842-ef8864adbe5e.json
La denrée savoyarde - Bar à Fondue;Restauration et gastronomie;"Un bar à fondue à Yvoire ! Une carte dédiée aux fondues suisse ou savoyarde 
Fromage d'Abondance, fribourgeois ou d'Etivaz., les fondues signatures à la truffe ou bolets Planches de charcuterie, croque-monsieur raclette ou feuilletés aux champignons frais";;0/0d/13-0d8b96cd-46e3-3952-a6ea-0762c0982dc1.json
Soirée du 14 juillet;Spectacles et événements;"Soirée du 14 juillet avec au programme repas/concert avec le groupe ""Les Insomniaques"", feux d’artifices et bal disco! Buvette et restauration sur place.";;0/0d/13-0d8caba4-1f32-3da8-bcd4-c6340d1a8c17.json
Village de Pont-en-Royans;Autres points d'intérêt;Situé au départ des Gorges de la Bourne et sur La route de la Grotte de Choranche, ce village médiéval se caractérise par une architecture unique dans le Dauphiné : des maisons suspendues aux façades colorées au-dessus du vide.;;0/0d/13-0d8cc5eb-025f-373e-bbaf-c8ae9b76a2a2.json
Le Tour de la Vallée Bleue en VTT électrique;Sports et activités outdoor;Découvrez l'aménagement du Rhône dans l'Ain et l'Isère, en passant par les ponts de Sault-Brenaz / Isle de la Serre et de Briord. Rive droite et Rive gauche se rejoignent par les chemins de halage en dévoilant quelques secrets...;;0/0d/13-0d950a20-85a8-3fae-822f-6b0fc0492bf5.json
Camping municipal Le Bel;Hébergement;Le camping municipal Le Bel est situé en bord de rivière. Vous pourrez pratiquer de nombreux loisirs ainsi que la randonnée.;;0/0d/13-0d9561e8-14c4-3334-a4ce-4d649a35797a.json
Aire d'accueil, recharge et équipements pour vélos;Services et activités encadrées;"Le bureau de l'Office de Tourisme de Lamastre vous propose son aire multi équipements pour vélos. 
A une minute du centre-ville et trois de la Dolce Via. 
- Prises de recharge
- Robinet à eau. 
- 25 arceaux à vélos.
- 16 casiers.";;0/0d/13-0d971ef7-0038-389e-bc8e-98494359a703.json
Tommy's Diner;Autres points d'intérêt;"Un Vrai Diner américain pour vous  retrouver ""Back to the 50'"" et découvrir la cuisine américaine traditionnelle (Brunch, Hamburgers, Dîners, Hot-dogs, Grills et Tex-Mex).";;0/0d/13-0d97b337-4fb3-3362-836d-0d5422b18798.json
Musée de Céloline : Minéraux et Fossiles;Culture et patrimoine;"C'est à l'âge de 7 ans que Fabrice Borel est tombé amoureux des minéraux, alors qu'on lui avait offert sa première améthyste. 
Un coup de cœur qu'il espère bien susciter aujourd'hui chez d'autres enfants. Pour cela, il leur a construit un musée...";;0/0d/13-0d98fa96-fc35-361a-9f87-434c518ebeb2.json
Tremplin 92 - Montagne & Olympisme;Nature et détente;"La nouvelle scénographie de la Maison des Jeux Olympiques !
Venez revivre les Jeux Olympiques d’Albertville de 1992 et découvrir leur territoire d’accueil.";;0/0d/13-0d9f9955-4923-3c37-a35f-740d544a7787.json
Spectacle de rapaces;Spectacles et événements;Les Aigles de Saint Maurice de Lignon investissent la Forteresse de Polignac pour 3 démonstrations de rapaces en vol libre.;;0/0d/13-0da36e6d-1469-3817-8604-789be5c99718.json
Sentier des Arpelières;Nature et détente;Au cœur de la réserve naturelle située sur le plateau du Lachat, ce sentier vous fera découvrir les particularités de la tourbière dans une ambiance rappelant les paysages scandinaves. Facile (3,6 km, plusieurs parcours possibles, de 1h30 à 4h).;;0/0d/13-0da3e847-44fd-3518-823b-3ddebc9a4ed5.json
Gîte La Vigne;Hébergement;Au cœur de la nature, un lieu idéal pour se ressourcer.;;0/0d/13-0da436be-24a5-332f-ae53-ef35a4684b8e.json
Site de pêche - Plans d'Eau de Saint-Eloy-Les-Mines et étangs aux alentours;Sports et activités outdoor;"Dans un rayon de 12 km, l'amicale des pêcheurs du bassin minier met à votre disposition 35 hectares de pêche repartis en 9 bassins et plans d'eau.
Pêche en eau close et gestion privée.";;0/0d/13-0da4c53c-c285-34f4-88e9-22397a339df0.json
Centre équestre Eywa;Sports et activités outdoor;Ce centre de 10 hectares situé en lisière de forêt, propose des promenades et randonnées à cheval accompagnées, des stages d'initiation pour enfants à partir de 3 ans, baptême et jeux pour les petits. Ambiance conviviale garantie. École équestre.;;0/0d/13-0da56d15-124f-31ac-abe3-5c5bfed515c7.json
Audition d'Orgue;Autres points d'intérêt;Chaque année, le Festival a l’honneur d’accueillir deux jeunes organistes en résidence, sélectionnés parmi les étudiants des Conservatoires nationaux supérieurs de musique et de danse (CNSMD) de Paris et de Lyon.;;0/0d/13-0da6baab-8f61-3299-80ed-1272432586fb.json
La table de Y'Anne;Restauration et gastronomie;"""Bien manger n'est plus un luxe""";;0/0d/13-0da7cc9e-b90d-36dd-b32e-e64627461545.json
The Soul Shine - Fête de la Saint Laurent;Spectacles et événements;Le show Soul To Soul propose une sélection des plus grands standards de la Soul des années 70/80. James Brown, Tom Jones, Wilson Picket, Kool and the Gang et bien d’autres sont mis à l’honneur dans un spectacle explosif.;;0/0d/13-0da834d7-4098-337b-b29f-ab7b1c74d7c8.json
Les 2 pieds sous la table;Restauration et gastronomie;Ouvert depuis 2015,  je m'inspire de cuisine du monde, et j'utilise des produits de qualité pour mon plaisir et le partager avec mes clients. Soirée à thème, caviar, truffe, homard et champagne. Brunch à thème.;;0/0d/13-0da895e8-451e-39ba-859a-3da2afaae339.json
Un Riad A Vichy;Autres points d'intérêt;Exceptionnel et unique Riad avec son patio extérieur et sa fontaine en plein centre de Vichy : hébergement, séminaire, événement, soirée, massage, yoga...;;0/0d/13-0da8a12d-199d-320b-87c8-78d7d44ceea4.json
Ranch équestre;Autres points d'intérêt;Balades à cheval ou à poney d'un quart d'heure à une demi-journée, stages poney pour les tout-petits dès 3 ans.;;0/0d/13-0da9dd3c-17ba-3e65-be1c-e0211c0a9020.json
Appartement / Gîte 8-10 personnes - Camping Les 7 Laux ***;Hébergement;Ce charmant appartement de montagne est situé sur le terrain de Camping Les 7 Laux, au deuxième étage de la maison, avec vue sur la montagne.;;0/0d/13-0dabafe8-89a9-3791-adcb-b4877d3ec7b8.json
Amphithéâtre Culturel du Campus Porte des Alpes;Autres points d'intérêt;Au sein du campus créé en 1972, il fut  le premier amphithéâtre dédié uniquement à la culture. Entièrement rénové et très bien équipé, il  peut recevoir tout type de manifestation (cinéma, danse, théâtre, musique, arts mixtes).;;0/0d/13-0dac84df-b9dd-33db-8fe4-90958e9fea3e.json
Pêche aux étangs de Mépieu;Sports et activités outdoor;Pêche sur le Grand Étang de Mépieu  - saison 2025/2026 - La réglementation nationale de seconde catégorie piscicole s’applique (timbre piscicole, mode de pêche, maille, quotas…).;;0/0d/13-0dad8fd8-1f43-38b2-974b-e6a489bf659e.json
La Fauge;Autres points d'intérêt;Vaste falaise ombragée située dans le cadre somptueux et sensible du vallon de la Fauge, au pied du col vert et des arêtes du Gerbier.;;0/0d/13-0daebaad-b2f5-3920-b79c-6446efda4cb4.json
Le parc de la biodiversité;Nature et détente;Découvrez le parc de la biodiversité et sa zone humide. Passez devant la mairie de Chenereilles sur le Chemin des Croix puis dirigez vous vers le parking, vous arrivez sur un espace ludique, l'aire de pique-nique et de jeux.;;0/0d/13-0db41d2b-d849-350a-9cf2-b6514243903b.json
Stade Jean Lavigne;Autres points d'intérêt;Complexe sportif Jean Lavigne.;;0/0d/13-0db4fa4c-a006-368a-8ec0-01978e328a64.json
Sun Stages;Autres points d'intérêt;"Une activité différente chaque jour : Aventure Parc, practice de golf, sports collectifs, escalade, trampoline, roller, VTT, rafting, canoë, paddle, mini tennis, skate… 
Accueil devant l'AgorAlp : lundi à 14h30.";;0/0d/13-0dbb7871-7556-39f4-b193-7a9cdc8707c6.json
Jardin rue André Lhote;Nature et détente;Petit jardin ombragé, botanique situé en dessous de l'office de tourisme. Présence d'une table de pique-nique et de banc.;;0/0d/13-0dbbeb60-8616-3f8a-be4b-f163302792a7.json
Exposition - En relief,  créer  en Arménie;Culture et patrimoine;Alors que Saint-Étienne vient de se jumeler avec la ville de Kapan, dans le sud de l’Arménie, la 13e Biennale Internationale Design de Saint-Étienne met à l’honneur ce pays et sa création contemporaine.;;0/0d/13-0dbc3a77-2d8c-3fef-8084-52558bace346.json
MB RACE - Coupe du monde de VTT;Sports et activités outdoor;C'est officiel, la MB Race, course la plus difficile au monde, revient du 4 au 6 juillet 2025. Le rendez-vous est donné entre Combloux et Megève pour cette nouvelle édition !;;0/0d/13-0dc1e402-aace-31ab-bec2-9d38304526b1.json
Aéroport de Clermont-Ferrand Auvergne - Les Espaces de Séminaires Évènements;Services et activités encadrées;"Faites décollez vos évènements ! 
L’Aéroport Clermont-Ferrand Auvergne vous accueille dans un lieu unique pour vos réunions et évènements tout au long de l’année. La location peut se faire à l’heure, à la demi-journée ou à la journée.";;0/0d/13-0dc2c260-5558-3582-840e-5df050db1401.json
Sancy guidage Pêche;Sports et activités outdoor;Monitorat et guidage pêche, truite et carnassiers, initiation et perfectionnement.;;0/0d/13-0dc34830-ac10-37c0-ace6-e15740a1c57e.json
Les Carnets de Chloé;Autres points d'intérêt;Chloé est une artiste papetière qui propose des ateliers ouvert à tous.;;0/0d/13-0dc369d4-5998-3391-bf33-1a1200ae050e.json
Espace bien-être - Sandaya;Autres points d'intérêt;Petite bulle de détente tout près du lac, l'espace bien-être de la Nublière vous accueille pour un moment de douceur. Profitez de la balnéothérapie et faîtes le plein d'air marin en buvant une tisane près du mur de sel de l'Himalaya.;;0/0d/13-0dc53f98-5a30-3126-8e0f-9555650b2146.json
Site du Collet d'Allevard - Décollage Nid d'aigle Ouest et Nord-Ouest;Autres points d'intérêt;Le site du Collet d'Allevard dispose de plusieurs décollages qui ont tous une orientation différente. Ce site est géré par le club des Coccin'ailes du pays d'Allevard.;;0/0d/13-0dc669ef-f547-3e81-b5b2-8428d1f0a9e0.json
Les Bonnes manières;Autres points d'intérêt;Restaurant traditionnel, plats faits maison à partir de produits frais. Service efficace, rapide si besoin. Ambiance conviviale et décontractée.;;0/0d/13-0dc73414-1cbe-3c8c-a83a-59c7057387f4.json
3 Vallées Yoga et Yoga Health Coaching;Sports et activités outdoor;Kate propose des cours de yoga particulier, privé et collectif. Elle vous propose le yoga, la respiration et la méditation en plein air, en salle ou à votre domicile. A chacun son yoga et de quoi profiter des vacances à fond.;;0/0d/13-0dc7f2df-bc2a-37e7-9823-99d10d07d4fa.json
La Boucherie;Shopping et artisanat;"Restaurant spécialisé dans la Viande. 
Menus Séminaires & Groupes.
Plats Terroirs & Menu enfant.
Poissons & Salades.
Service tardif et terrasse en saison - proche du carrefour des pistes & sortie d'autoroute Clermont nord.";;0/0d/13-0dca02c7-39cd-3bfd-8e7e-f3b6796d937f.json
Attelage Comtois Irignois;Autres points d'intérêt;Promenades familiales qui permettent de se fondre dans la nature, découvrir les espaces naturels aux quatre saisons, sans bruit de moteur, au rythme des pas et du trot d'Orion, cheval de trait.;;0/0d/13-0dca6dad-1387-3ca3-8890-a6e8fb3b6354.json
Restaurant Le Ballù;Restauration et gastronomie;Ballù, c'est une aventure en famille au cœur d'un village formidable, où l'on aime le bien vivre et le bien manger.;;0/0d/13-0dcb34b4-dcf5-3896-bd0a-c6ccd6fff501.json
Les Anes d'Alexandre et Sylvain;Autres points d'intérêt;Location d'ânes exclusivement réservée aux enfants. Choix entre promenade en forêt de 20mn ou location d'1h pour découvrir le site et les alentours.;;0/0d/13-0dcd94bc-991d-30cc-ab3d-746073a30169.json
Exposition et bourse oiseaux exotiques;Culture et patrimoine;Exposition d’oiseaux organisée par le Comité Ornithologique Drôme-Ardèche (CODA).;;0/0d/13-0dce0d69-91d2-3ca4-be43-3a8e6dd2a94d.json
Orion - Astronomie;Autres points d'intérêt;"Des amateurs désireux de partager leur passion pour l'astronomie et l'observation du ciel proposent des animations tout l'été. Rendez-vous à l'observatoire du Betz  pour regarder les étoiles à l""œil nu et avec les télescopes.";;0/0d/13-0dcefe4e-ba73-3b06-9969-25310fd21476.json
CGH Résidences & Spas L'Orée des Cimes;Autres points d'intérêt;Une fois arrivé à Peisey-Vallandry, située aux coeur de Paradiski, l'appel de la montagne ne se fait généralement pas attendre. La résidence CGH 4* L'Orée des Cimes n'attend que vous !;;0/0d/13-0dcf9a70-849e-38c8-8a15-da8cddcefcd9.json
Manoir de la Saigne;Autres points d'intérêt;Gîte aménagé dans le manoir du 18ème siècle entièrement restauré par les propriétaires;;0/0d/13-0dd101a7-f854-322c-bf02-ac1e809d7d6f.json
Au Restau Dix Vins;Autres points d'intérêt;Un lieu convivial où est servie une cuisine faite maison à base de produits frais.;;0/0d/13-0dd1197d-4896-3bee-aeab-aa81435e882c.json
Les Marmottes;Autres points d'intérêt;Bar, Restaurant Traditionnel / Spécialités Savoyardes / Crêpes Maison;;0/0d/13-0dd270a8-dba4-3dc8-9090-1b863d45daf7.json
Saint Jacques des Arrêts;Autres points d'intérêt;"Aujourd'hui, il s'inscrit sur le Chemin de Compostelle comme village accueillant les marcheurs qui effectuent le circuit via Cluny - Le Puy en Velay. 
Vous pourrez découvrir dans son église, des fresques de Jean Fusaro, peintre lyonnais contemporain.";;0/0d/13-0dd2d864-00c0-3c33-9cc5-f7fc2ddc27d6.json
"Escalade : grande voie ""Rocher de la Salla""";Autres points d'intérêt;Les rochers de La Salla culminent à 2217 m d'altitude. Ils séparent la combe de Paccaly de la combe de Tardevant.;;0/0d/13-0dd47574-deb6-30c6-a853-e3caace7c5cc.json
Hôtel le Cordonant ***;Hébergement;Hôtel plein de charme, 16 chambres, jardin ombragé, tout proche du village, et jouissant d'une très belle vue sur la chaîne du Mont Blanc.;;0/0d/13-0dd50ac1-f78b-3c41-9b33-41e3afee6658.json
Signature;Autres points d'intérêt;Le restaurant Signature vous accueille dans une ambiance conviviale et franchouillarde, pour déguster des plats raffinés concoctés à partir de produits frais et locaux.;;0/0d/13-0dd6618a-b9a6-330d-9721-9f59dafdb2aa.json
Bistro Chapouton;Autres points d'intérêt;Terrasses avec vue exceptionnelle, salle à manger au coin de la cheminée : le Bistro Chapouton propose une cuisine gourmande et généreuse à base de produits régionaux. Sur place, chambre contemporaines.;;0/0d/13-0dd75bc7-7530-33ad-9ede-b8dfcbb2078f.json
Bistrot Manali;Restauration et gastronomie;Bistrot Manali, le restaurant de l’hôtel Manali Lodge, reçoit tous les amateurs d’une pause épicurienne ensoleillée, au départ des plus belles randonnées de Courchevel Moriond pendant toute la saison d’été !;;0/0d/13-0dd91d21-3f04-38c6-a3e7-0ebc02eed8b7.json
Salle évènementielle;Autres points d'intérêt;La salle évènementielle en tout assis peut accueillir 5000 personnes (3500 en gradins et 1500 en parterre). La surface du parterre nu sans siège ni scène est de 3700m2. La surface de la salle est de 5000m2. Elle possède 5 loges avec bureaux et catering.;;0/0d/13-0dd96499-f5f2-37d8-b1a6-759656a1ce03.json
Théâtre de Vénissieux;Culture et patrimoine;Scène convetionée d'intérêt nationale  le Théâtre de Vénissieux propose une programmation pluridisciplinaire en théâtre, musique, danse et cirque. Il fonctionne au sein de La Machinerie avec Bizarre !, salle de musiques actuelles.;;0/0d/13-0ddb37f1-e194-3786-b36f-9b77cd4101bd.json
Le Saintonge;Autres points d'intérêt;Le Saintonge vous propose une cuisine traditionnelle française. Ambiance parisienne au cœur de Vichy.;;0/0d/13-0ddce55c-0736-3e4f-9eb7-f285c067aa87.json
Voie verte de Saint-Yorre à Billy - Via Allier;Nature et détente;La Via Allier, liaison cyclable qui relie le Bec d’Allier au littoral méditerranéen en longeant la rivière, s’étend sur 27km à travers le territoire de l’agglomération, mêlant nature et zone plus urbaine, entre Billy et Saint-Yorre.;;0/0d/13-0ddcf82f-322b-3ac0-8388-3ffb4c5f7552.json
Bibliothèque de Champanges;Culture et patrimoine;"Venez découvrir la bibliothèque de Champanges remplie de livre pour tout âge !

Nouveauté dans les bibliothèques du Gavot ! Empruntez vos livres numériques !";;0/0d/13-0ddd1519-3155-386a-ab41-a14da145e514.json
Auberge des Entremonts;Hébergement;C'est au cœur du village d'Entremont le Vieux, que nous vous accueillons dans une auberge conviviale et rénovée avec goût et en été sur une terrasse bien exposée, avec une cuisine soignée et des assiettes copieuses.;;0/0d/13-0ddf1b44-0eae-3573-a332-bf2e58d2c7e8.json
Médiathèque de Douvaine;Culture et patrimoine;"La bibliothèque propose livres, revues et disques. 
Chaque adhérent peut emprunter livres, revues et CD pour une période de trois semaines renouvelable.";;0/0d/13-0de0208a-9508-37c6-9abd-d0eeb22d8a6d.json
Multistade - Meillers;Autres points d'intérêt;Multistade comprenant : terrain de football en salle, terrain de football, terrain de basket-ball.;;0/0d/13-0de09022-b5fa-306e-a3ae-3efc507ad99d.json
Gîte Le Galant;Hébergement;Ancienne maison rénovée en deux gites  communaux mitoyens;;0/0d/13-0de1aa45-c64d-345c-8336-c11558101b4a.json
Village de Pinay;Autres points d'intérêt;Pinay est un village situé sur la route touristique des Gorges de la Loire. Son passé est très ancien : un oppidum gallo-romain dominait la Loire, voie stratégique de l'époque. On connait Pinay pour sa digue construite pour réguler le cours de la Loire.;;0/0d/13-0de203fc-4e4b-3ef0-bc0f-d338a5167af3.json
Site de blocs d'escalade Rioupéroux;Autres points d'intérêt;"Le site de blocs de Rioupéroux, ""fameux"" en Oisans, comprend une douzaine de secteurs. Un topo en répertorie 5, intéressants pour leur forte densité de passages et une escalade d’excellente qualité.";;0/0d/13-0de480d3-1913-3d29-a6ca-0d89ce983547.json
Marché - Quartier de Saint-Just;Spectacles et événements;"A Saint-Just, le marché se tient le samedi matin, Place Mellet Mandard.
Le marché de Saint-Rambert se tient Place de la République  les jeudi et dimanche matins.";;0/0d/13-0de498da-6b5c-3c14-949f-02a1686055da.json
Marché Biologique Place Henri;Spectacles et événements;Produits vendus : fruits et légumes. 2 commerçants.;;0/0d/13-0de8b59a-31fe-3f4b-8f9a-6b916d1120e5.json
Bryan's Cafe;Restauration et gastronomie;Bar pub irlandais. Retransmissions de match de football et rugby, concerts en live, karaoké, restaurant le midi et tapas le soir.;;0/0d/13-0debb099-6b15-325e-9230-8be88149031e.json
Golf Club de Valence Saint-Didier;Sports et activités outdoor;Le Golf Club s'étire sur 50 ha de verdure au pied du Vercors, à deux pas de Romans et de Valence. Le parcours de 18 trous s'enchaîne pour le plaisir des golfeurs débutants et confirmés. Les spécialités régionales peuvent être dégustés au club-house.;;0/0d/13-0deebfc9-120f-354c-92dc-268835e4a687.json
Restaurant Le Cèdre bleu;Restauration et gastronomie;"Restaurant, repas de familles, repas de groupes nous sommes à votre disposition et à votre écoute pour vous satisfaire.
Une vue panoramique sur Châtel-Guyon, nous proposons aux beaux jours sur notre terrasse des viandes et poissons grillés au barbecue.";;0/0d/13-0df092b6-95e8-31dd-bac0-9867e35177a3.json
Lac du Bouchet;Nature et détente;Volcan de type maar. La lave et l'eau se sont rencontrées dans les profondeurs de l'écorce terrestre pour donner naissance à un cratère de grande dimension à l'origine du lac actuel.;;0/0d/13-0df0bf51-a5ac-3181-b02c-1fb64835c5ae.json
Aire de pique-nique - Aire de Villeneuve-sur-Allier;Services et activités encadrées;Aire équipée de 10 tables ombragées.;;0/0d/13-0df1852b-1781-37e2-b4c0-b0561bf294be.json
Bibliothèque;Culture et patrimoine;Située dans la mairie de Sauxillanges, vous pourrez y emprunter gratuitement, romans, fictions, documentaires, albums jeunesse, BD... Pas un domaine ne manque dans les rayons...;;0/0d/13-0df330c2-0dac-3b4e-8ade-69574789690e.json
Cours et stage de golf;Sports et activités outdoor;David Mollier, professeur de golf diplômé d'Etat vous propose différentes formules pour découvrir ou progresser en golf.;;0/0d/13-0df4bf98-ea0e-309c-b602-91cd0a85a090.json
Le N'Bar du Novotel Gerland;Restauration et gastronomie;Le N'bar vous propose dans une ambiance chaleureuse et décontractée, des cocktails et des afterwork occasionnels.;;0/0d/13-0df62b90-0c68-3d37-899d-4e4c3cd2ae8d.json
Le tour de l'Oignin - Parcours de trail n°14;Sports et activités outdoor;Un barrage fantôme emporté dès sa création a heureusement laissé place à un projet plus sérieux qui nous vaut un bijou de lac.;;0/0d/13-0df828df-5ed1-3c0f-95de-4b95fbb754ae.json
Eglise de Saint Alban de Roche;Culture et patrimoine;A_GENERER_VIA_IA;;0/0d/13-0df93133-0f3a-3c05-aab5-8d0e665a98e6.json
McDonald's Roanne;Autres points d'intérêt;A_GENERER_VIA_IA;;0/0d/13-0df9db30-8832-3cff-8c7b-2e2ec39d1610.json
Village | Esplantas;Autres points d'intérêt;"Village d'Esplantas :
 Château avec donjon circulaire du XIIIe siècle. 
Église romane avec clocher peigne.
La Croix de Biasse";;0/0d/13-0dfbd3c5-d557-39bc-af4a-dafa8ad420d2.json
Réflexologue Emilie Llorca;Autres points d'intérêt;"Un accompagnement personnalisé, dans le respect et la bienveillance, adapté à vos besoins et votre rythme. 

Soignez corps et esprit, soulagez vos douleurs et retrouvez bonheur et joie de vivre avec sérénité en toute confiance.";;0/0d/13-0dfbe0be-ee9d-36f7-aeb8-f312cb6cbe0c.json
Camping municipal les Prades;Hébergement;Situé à 10 minutes à pied du bourg touristique et des commerces, le camping vous accueille sur un espace de plus de 3 hectares herbeux et ombragé grâce à sa pinède. Il se situe également à proximité immédiate d'un plan d'eau avec zone de baignade.;;0/0d/13-0dfcc740-c9ea-3a69-9488-b1737e78766b.json
Fédération Française de l'Apéritif;Autres points d'intérêt;La FFA, est une épicerie-bar spécialisée dans les produits artisanaux français pour l’apéro. Terrines, saucissons, tartinables de légumes, charcuteries et fromages à la coupe, vins, bières, spiritueux à emporter ou à déguster sur place !;;0/0d/13-0dfdb797-440b-38b2-bc1f-e9157e8d3487.json
La Ferme Agricool;Autres points d'intérêt;Visite guidée pour toute la famille à la découverte de 19 espèces différentes ! Participez au nourrissage des animaux et à de nombreux ateliers pédagogiques et/ou créatifs. Entrez dans les enclos avec l'animatrice pour un contact privilégié.;;0/0e/13-0e01c485-17b4-310c-b7db-47846f75d6ee.json
Restaurant La Colombière;Restauration et gastronomie;Située au col de la Colombière, la Colombière vous accueille après une randonnée dans le massif du Bargy. De nombreuses spécialités locales vous seront proposées.;;0/0e/13-0e038991-9ae9-38e8-a453-8c0a8b16a15b.json
Eglise Saint-Jean-Baptiste;Culture et patrimoine;"Eglise Saint Jean-Baptiste de Saint-Cirgues de Malbert.
XIXème siècle.";;0/0e/13-0e05a8ae-39e8-36d6-a716-9e560faf8421.json
Café des Arts;Restauration et gastronomie;"Le Café des Arts a ouvert ses portes en 1957 face à une usine de textile. Son nom fait écho aux ""arts et métiers"" de ce quartier autrefois industriel.
Il vous offre en semaine une restauration rapide et de qualité, idéale pour une petite pause déjeuner.";;0/0e/13-0e090fc0-8ca0-3279-b9e5-e931d16ed293.json
Voie vélos, piétons, rollers : La voie douce de la Payre;Autres points d'intérêt;"La Payre, voie douce d'Ardèche.
Partez à la découverte de cette vallée reliant Le Pouzin à Privas sur 20 km au départ de la ViaRhôna jusqu'à Privas à pied, à vélo ou en roller, c'est selon.";;0/0e/13-0e092c77-18b3-35bf-bc11-137868b445ab.json
Passage Kim En Joong;Autres points d'intérêt;Exposition permanente des œuvres de l’artiste Kim En Joong, originaire de Corée du Sud : 4 grandes œuvres sur verre, 2 céramiques de grande taille ainsi que des dizaines de toiles.;;0/0e/13-0e0d46b0-4a30-372a-9e58-a1e727f9159d.json
Bibliothèque municipale de St Hilaire de la Côte;Culture et patrimoine;La bibliothèque offre aujourd'hui une collection riche et diversifiée de plus de 8000 ouvrages. La consultation de documents et la recherche d'informations sont gratuites, de même que l'ensemble des animations.;;0/0e/13-0e126738-1db9-3a80-a1c7-3f6e3673bf76.json
"Circuit Bourbonrama ""Les Bourbons d'hier à aujourd'hui""";Nature et détente;Itinéraire de 60 km au départ de Souvigny à réaliser avec votre véhicule. L'application gratuite Izi Travel, à télécharger sur votre smartphone, vous guidera tout au long de ce parcours.;;0/0e/13-0e1346da-23e9-3f8b-8b50-bc97459cd21c.json
Laser game extérieur;Autres points d'intérêt;Ce laser game extérieur est l’activité idéale pour lâcher prise. Dans un cadre bucolique, vous affronterez l’équipe adverse dans la bonne humeur. On court, on crie et on rigole… beaucoup ! A partir de 8 ans.;;0/0e/13-0e156df0-9fed-3f44-a8b7-3a9f263b1710.json
La Gargotte;Autres points d'intérêt;La Gargotte est une ancienne pâtisserie du début du 20ème siècle. Le Chef propose aujourd’hui une cuisine personnelle bistronomique dans une ambiance chaleureuse, avec une carte qui change très régulièrement.;;0/0e/13-0e15fc37-73f3-34a9-aafc-b81abb5431e7.json
Quai 29;Autres points d'intérêt;"Au Quai 29, dans une ambiance “chic et chaleureuse"" notre Chef vous convie autour d’une table qui vous propose des plats goûteux!   Profitez quand il fait beau de manger dehors sur notre terrasse.";;0/0e/13-0e1644ec-be5b-3938-9550-48f10f2c1aae.json
Tour du Grand Galibier par le col de la Ponsonnière - Itinéraire de VTT / VTTAE;Sports et activités outdoor;Partez à la conquête d'une partie de la course mythique de l'Ultra Raid de la Meije. Ce parcours de haute voltige vous permettra d'admirer lacs d'altitude et paysages de haute montagne. Cols mythiques et terrains d'exception vous attendent.;;0/0e/13-0e1961c0-5ed9-39da-ae39-389d2130ee9c.json
Vertical Limit;Autres points d'intérêt;L’escalade ludique est accessible à tous dès 6 ans, seul, en famille ou entre amis avec des ateliers d’escalade sont proposés dans lesquels la couleur des éléments apporte un intérêt à l’accomplissement de nombreux défis !;;0/0e/13-0e1a3630-b351-3599-8f48-7be54047eb6b.json
Auberge de Larodde;Hébergement;"ACTUELLEMENT FERMEE

Auberge située au centre du village fleuri de Larodde, nous proposons une cuisine riche et variée basée sur un maximum de produits frais locaux.
L'été une vaste terrasse ombragée est à votre disposition.";;0/0e/13-0e1a6efa-819b-3794-8be4-524b605c603a.json
Circuit VTTAE n°10 (rouge) Coligny - Plateau de Vergongeat;Nature et détente;"Circuit VTTAE au départ de Coligny pour une ascension du plateau de Vergongeat. Là haut, un panorama  exceptionnel sur la Bresse, le Mâconnais, le Jura et les Alpes. 
Sur le chemin  le joli village de Salavre et la chapelle de St Rémy du Mont (Aller-R).";;0/0e/13-0e1a7936-f45a-3b69-ac07-c66808812b18.json
Musée numérique Micro-Folie;Culture et patrimoine;Le musée numérique propose des ateliers pour tous publics permettant de découvrir l'art à travers le numérique et le jeu. Le musée est ouvert tous les mercredis et les samedis matin. Tous les ateliers sont gratuits.;;0/0e/13-0e1ca5f9-54cd-38b2-acc3-ae71a0c5ada0.json
Le Saint-Georges;Autres points d'intérêt;Le chef F. Guironnet vous propose une cuisine bistronomique à base de produits frais cuisinés maison. La carte des vins, avec plus de 600 références, vous permet d'accompagner agréablement le repas.;;0/0e/13-0e1e98ef-52fe-3dbd-88c3-f4a35663ed23.json
Bagatel;Autres points d'intérêt;Rien de plus agréable que de siroter un verre sous le soleil sur la grande terrasse du Bagatel.;;0/0e/13-0e22aa2a-44e7-3297-8636-5f23dbedd92c.json
Expert Nature des Combrailles - ENS Val de Morge;Autres points d'intérêt;"Le livret Expert Nature des Combrailles consacré à l'Espace Naturel Sensible du Val de Morge permet la découverte de la rivière ""La Morge"", un site majeur de la biodiversité dans les Combrailles.
À visiter sur place les sources Desaix en bord de Morge !";;0/0e/13-0e22f0c2-0eb0-37d2-b1c8-97c1cc4c9969.json
Eglise Saint-André;Culture et patrimoine;L'Eglise Saint-André est ouverte au public les mercredis et dimanches.;;0/0e/13-0e2422ec-4ab2-3444-8960-d01c89cbb2d5.json
Chanaz;Autres points d'intérêt;Le village de Chanaz, niché à flanc de coteau en bordure du canal de Savière protège son fleuron architectural : la Maison de Boigne. Surnommée la petite Venise savoyarde cette citée de caractère a conservé toute son authenticité.;;0/0e/13-0e2479b2-89d4-3d54-ab69-d36b2080e41c.json
La Mamounia;Autres points d'intérêt;Thème : le Maroc, cadre typique et dépaysant, inspiré de la décoration des Riads.;;0/0e/13-0e25d64a-0f4e-367f-8839-de12e2e25d4e.json
Atelier galerie Le Fleuron;Culture et patrimoine;Atelier-galerie installé dans la cour des Fleurons, édifice de la fin du XVe siècle remarquable par son architecture. Deux ateliers : côté vitrine pour les chevalets sur pied et côté cour pour le chevalet de table ou sous-main.;;0/0e/13-0e2929f2-5282-3936-94fd-e20313c90505.json
Alliance des Sens - Le 2013;Autres points d'intérêt;"Nathalie et Pierre, membres des Toques d'Auvergne, passionnés de gastronomie se mettent à votre service.
Profitez de vos convives sans vous inquiéter du bon déroulement de vos repas fait maison composés de produits frais et de saison.";;0/0e/13-0e296215-85ca-3fb5-a255-6b61e4d0d152.json
Camping municipal Saint-Mayeul;Hébergement;"Terrain plat, herbeux et ombragé situé à proximité de la rivière ""la Bieudre"" et des commerces. Parcours de pêche familiale agréé par la fédération nationale des pêcheurs.";;0/0e/13-0e2c145c-127b-3d8b-ab1e-12c49906b6af.json
Brasserie Le Royal;Restauration et gastronomie;Brasserie située en face du Parc des Sources. Propose une carte brasserie, bar & glacier.;;0/0e/13-0e2c4191-fa0c-3207-b718-354c178e7d6c.json
Le Repère;Autres points d'intérêt;Nouveau tiers-lieu innovant qui propose Coworking, café associatif, Repaircafé, Fablab, Café culturel… Venez discuter avec les animateurs du lieu autour d’un verre !;;0/0e/13-0e2cc059-3a0f-387b-9973-bfc4eceb835e.json
Châteauneuf du Rhône;Autres points d'intérêt;Châteauneuf-du-Rhône est un village médiéval aux portes de la Drôme Provençale. Connu pour sa Fête Médiévale des Bateliers et de Saint-Nicolas qui a lieu tous les 2 ans début décembre.;;0/0e/13-0e2f82c3-f43b-34c3-bc53-4a35c494a513.json
Grange aux arcosses à Quarante Planes;Autres points d'intérêt;Une grange possédant une face faîte d'arcosses, dans le style traditionnel.;;0/0e/13-0e3078a1-4e84-3882-b457-6e9696f69dc8.json
La Terrasse du Beaujolais;Autres points d'intérêt;Cuisine traditionnelle et familiale dans un décor entièrement rénové. Vue panoramique. Terrasse. Salon de thé. Soirées avec animations.;;0/0e/13-0e317d54-5f41-3eb2-9a18-ee92bd0bc2f0.json
Hôtel le MiL8;Hébergement;Au MiL8, mettez les pistes à vos pieds ! L’hôtel bénéficie d’un emplacement exceptionnel au centre d'Avoriaz, idéal pour profiter des animations et partir ski aux pieds à la découverte des Portes du Soleil, l’un des plus grands domaines skiables d’Europe.;;0/0e/13-0e325061-fba6-37dc-995e-f926a4fe5e27.json
Chapelle de Notre-Dame de Pradelles;Culture et patrimoine;"En 1512, une statue de la Vierge fut retrouvée près de l'hôpital de Pradelles. Un siècle plus tard, les moines dominicains firent construire cette chapelle et développèrent le pèlerinage.
Concert en août : Duo Ziriab le 6 et la Clef des Champs le 23";;0/0e/13-0e325654-0c0b-379a-849d-0a29cb1cfd07.json
Brasserie La Taverne Alsacienne;Restauration et gastronomie;"Située en plein centre-ville, la Taverne Alsacienne vous propose, outre ses choucroutes, toute une carte de produits du terroir et artisanaux.
Plats à emporter : uniquement pour la choucroute. Nouveauté 2025 : décoration intérieure entièrement repensée.";;0/0e/13-0e3537cf-df5e-3346-b686-6f05a37822ed.json
Centre des cultures et congrès Athanor;Autres points d'intérêt;"Le Centre des cultures et congrès ""Athanor"" offre une riche programmation pour tous les publics : théâtre, variétés, humour, concerts, expositions commerciales et salons.";;0/0e/13-0e385e1d-66fd-3061-a275-b8c68e1a029e.json
Marché hebdomadaire de Ravel;Spectacles et événements;A_GENERER_VIA_IA;;0/0e/13-0e3a5e33-206a-30b3-ad57-ec2398145fb2.json
Hôtel les Platanes - Maison Vachon;Hébergement;Hôteliers restaurateurs de père en fils, la quatrième génération de la famille Vachon sera ravie de vous accueillir pour une étape savoureuse et confortable.Sur le chemin de St Jacques de Compostelle et en accès direct sur la voie verte Via Fluvia.;;0/0e/13-0e3cf177-5703-3564-9f31-16680a811375.json
Clermont Foot 63 vs Guingamp;Autres points d'intérêt;Rendez-vous au Stade Gabriel Montpied pour le prochain match à domicile du Clermont Foot 63 !;;0/0e/13-0e3f5d6d-d41f-3af0-9677-0187f022bded.json
Querini François - Sport, Nature et Yoga;Sports et activités outdoor;Professeur de Yoga, accompagnateur en montagne, moniteur/entraîneur de ski nordique, coach sport santé, François vit dans le Vercors depuis une trentaine d’années où il propose de vous accompagner dans vos activités.;;0/0e/13-0e41d762-f65e-3779-ae25-66181a583323.json
Aire de stationnement;Services et activités encadrées;Une place de stationnement payant spéciale camping-car à proximité immédiate du centre-ville.;;0/0e/13-0e446bf4-524d-366f-b919-8c586f591633.json
Scratch Restaurant;Restauration et gastronomie;"| Cuisine & vins naturellement |
Bienvenue dans cet écrin, au calme et au centre-ville, où cuisine d’auteur, menus-surprises et vins vivants se marient pour une expérience unique, dans une ambiance détendue.";;0/0e/13-0e4547d8-4fca-3e9b-892b-b052d6b162a9.json
Tentes Cocoon des 12 Cols;Autres points d'intérêt;Véritable cocon de repos après une belle journée de vélo ou de rando ou seulement l'envie de Grand Air pour un ressourcement en pleine nature.;;0/0e/13-0e46b1ae-def3-32f3-8f0c-49a056384ad2.json
Café Bernard;Restauration et gastronomie;Le cafe Bernard est un restaurant traditionnel français. Situé dans le village de Prunieres. Produit locaux et restaurant convivial.;;0/0e/13-0e47fe06-e7ca-358b-9304-6902f761bfd7.json
Ginette à la neige;Autres points d'intérêt;"Ginette et son équipe, propose une cuisine traditionnelle, gourmande et chaleureuse aux inspirations montagnardes et pas que ... 
Des plats fait de produits frais qui réchauffent et qui tiennent au corps tant la générosité et la qualité y sont présents.";;0/0e/13-0e48628f-1bf3-38bc-b77d-b5ca98f07800.json
Les Gnolus - Tic, tac, cadole !;Autres points d'intérêt;"Découvrez le Beaujolais avec le géocaching : une chasse aux trésors à vivre en famille ! 
À Ville-sur-Jarnioux, le Gnolu Yokâ s'est échappé dans le village ! À vous de l'attraper en suivant le parcours et en résolvant les énigmes de ces créatures.";;0/0e/13-0e4a3aa8-e779-3dee-9fa5-fe864cc74c15.json
La Casemate;Autres points d'intérêt;Implantée au cœur de l’agglomération grenobloise, La Casemate est un Centre de culture scientifique, technique et industrielle. Véritable espace de création,  d’ateliers, de rencontres et d’échanges pour petits et grands.;;0/0e/13-0e4a5143-411f-3145-8e6c-16f872ff0a83.json
Domaine de Randier;Autres points d'intérêt;Ferme équestre où l'on pratique l'équitation western et la ballade autour du ranch. Gîte à la ferme. Elevage, pension. Vente directe de viande bovine.;;0/0e/13-0e4abe5c-5f74-3cf4-acfe-9bb1473199e9.json
Restaurant  Casa Nostra;Restauration et gastronomie;Dans une ambiance conviviale et chaleureuse, notre chef Kirian Poulmarc'h  vous propose une cuisine gourmande 100% faite maison.;;0/0e/13-0e4ad8a7-e58e-346f-9c9c-de3daa4c9634.json
Tour des Bauges à vélo - Etape Cœur de Savoie - Du Lac Saint André au Lac de Grésy;Nature et détente;Au pied du versant sud du massif des bauges cette étape vous permettra de traverser les vignobles de Savoie avec une vue sur le Mont Blanc . Villages et plans d'eau seront également l'occasion de faire une halte.;;0/0e/13-0e4b27c7-39cc-3a04-9b23-5b19a733d1df.json
Fresque : Jolie Juliette;Autres points d'intérêt;"""Jolie Juliette"", représente une jeune fille.
(motifs découpés pour une vue décalée)";;0/0e/13-0e4b97f6-1040-3558-8301-52c31af84830.json
Nature et amitié;Autres points d'intérêt;Aire de camping naturiste, conviviale et calme, située sur un terrain de 2,5 ha, un véritable havre de paix et de verdure. Carte FFN (Fédération Française de Naturisme) obligatoire. Accueil Camping-car (7.50m maximum).;;0/0e/13-0e4bcdb5-00c7-3442-b286-c72bf11d5b33.json
Hôtel du Commerce;Hébergement;Bar PMU avec salle de restaurant.;;0/0e/13-0e4d5095-513a-3cdb-96bf-f878c093fb58.json
Marché de Lamure-sur-Azergues;Spectacles et événements;Chaque samedi de 9h à 10h, ce marché de producteurs locaux accueille de 10 à 20 commerçants ambulants (alimentaires, vestimentaires, accessoires...).;;0/0e/13-0e4d9a7d-876f-32b6-b4e8-b6602368bee9.json
Ivoirebene;Autres points d'intérêt;En plein centre de Lyon, se cache un espace multiculturel dédié au bien-être et à la détente.;;0/0e/13-0e4e4035-1db3-3850-a315-d184774a6806.json
Aires de stationnement camping-cars;Hébergement;"Aire non équipée où peuvent stationner temporairement les camping-car. Gratuit.
Accueil camping-car au camping municipal les Aires en période d'ouverture (15 mai/15 septembre), emplacements équipés.";;0/0e/13-0e4e53e0-a5b6-3baa-82be-407cdf9a4290.json
Aire de fitness en plein air;Sports et activités outdoor;Aire de renforcement musculaire en extérieur avec des modules de cross training ainsi que 6 agrès fitness guidés.;;0/0e/13-0e51b7a8-f0f7-3044-abad-2bd3c57c6d65.json
Exposition Albert Londres en reportage de Whitechapel à Jaffra;Culture et patrimoine;"Albert Londres en reportage de Whitechapel à Jaffa. Exposition de photo de l'AFP "" Gaza """;;0/0e/13-0e52b08a-1530-3ae9-8d00-9517e6aad374.json
Village de gîtes et de pêche 4 étoiles en Auvergne - Cantal Emotions;Sports et activités outdoor;Village de gîtes et de pêche 4 étoiles dans le Cantal. Au cœur de l'Auvergne, profitez d'un cadre nature, et proche de toutes les commodités.;;0/0e/13-0e535e79-ab58-3447-be05-90544087312c.json
Le Spa L'Antidote;Autres points d'intérêt;"Spa urbain proposant un service sur-mesure et des soins de qualité. 
Un univers confidentiel et chaleureux en plein cœur de la ville.";;0/0e/13-0e556f38-7791-3742-a43c-cc9803d5bb86.json
L'Alpage de l'Herney;Nature et détente;"Très joli restaurant de montagne, de pierre et de bois, au cœur des alpages de l'Herney,  jouissant d'un panorama exceptionnel sur le massif du Mont-Blanc ;  Spécialités fromagères ainsi que les ""fameux"" beignets de pomme de terre le midi.";;0/0e/13-0e557517-3bf7-3f97-8e31-a8894af1d246.json
Etang de pêche Hector;Sports et activités outdoor;"Carpediem01 c'est un carpodrome de 3 hectares au coeur de la Dombes entouré de forêt pour vous offrir l'opportunité d'assouvir votre passion dans un cadre typiquement dombiste.
Nous avons 4 postes sur ce plan d'eau . 2 postes avec chalets .";;0/0e/13-0e55d5ef-8d6d-34dc-bad4-b8daf1fb749e.json
Auberge de Bise;Hébergement;Tout est fait maison, cuisine naturelle, locale avec beaucoup d'ingrédients bio et de cueillette. Repas végétarien bio sur commande de 48 h. Réservation conseillée.;;0/0e/13-0e58e974-b7dc-36d2-b431-9751d6448dec.json
Restaurant Honoré Clermont;Restauration et gastronomie;"Restaurant niché au pied de la cathédrale de Clermont-Ferrand où les saveurs de l'Auvergne et du terroir sont mises à l'honneur.
Truffade 100% maison, servie à tout moment de la journée.
Une belle terrasse offre un petit havre de paix au cœur de la ville.";;0/0e/13-0e5ae566-53c9-3f25-8e7a-0bfbdd3d1be3.json
Le Seyssel;Autres points d'intérêt;Embarquez en petit comité sur le Haut-Rhône depuis Seyssel et profitez de la douceur de nos paysages. Partez en promenade pour 1h  pour revivre l'histoire de la navigation sur un bateau en bois à fond plat.;;0/0e/13-0e5ae866-3708-37f3-b239-b73d02707264.json
Camping Les Berges du Guiers;Hébergement;Si vous souhaitez passer des vacances dans un camping simple et convivial, Les Berges du Guiers est le lieu idéal avec sa localisation en plein cœur de Massif de la Chartreuse et à proximité de la rivière.;;0/0e/13-0e5c24ed-4483-38c4-8d5f-02d740af20c3.json
Salon de thé - L'Amuse Gueule;Restauration et gastronomie;L'Amuse Gueule vous accueille dans un univers chaleureux où vous pourrez vous arrêter pour petit déjeuner et/ou goûter. Pâtisseries maisons, glaces, milk-shakes, boissons chaudes, Bubble Tea… Le lieu idéal pour une pause gourmande, en salle ou terrasse !;;0/0e/13-0e5ce46a-dfac-3abf-9d10-707fdcec1a6e.json
Neaclub les Lavandes Drôme Provençale;Autres points d'intérêt;Au cœur du parc des Baronnies, Les Lavandes vous accueillent en famille, entre amis ou en groupe ! Profitez de son confort et de ses infrastructures : piscine chauffée, sauna, hammam, salle de sport, terrasse avec vue panoramique, local vélo, boulodrome.;;0/0e/13-0e5d4866-14a4-3913-abb4-c08b07febbd2.json
L'atelier de Philomène;Autres points d'intérêt;"Cours de cuisine Bistronomique collectif les 
Formule DUO Cuisine/ Nuitée/ Brunch 
Cours Privés (de 2 à 6 pers) à la demande
Cours Parents-Enfants 
Réalisation de Menus complets élaborés dans le respect des saisons et partagé dans une ambiance conviviale.";;0/0e/13-0e5d6dbd-4849-302c-8281-73cd7d939a07.json
Cinéma Panoramic;Culture et patrimoine;Le cinéma de Megève propose à la fois des films commerciaux, et des films d’auteur. Il y a deux séances par jour, et chaque jour un film différent est projeté ! N’hésitez pas à jeter un coup d’œil à la programmation sur Allociné !;;0/0e/13-0e5fb5c7-6fca-36ad-bee5-03c9aff393cd.json
Mercure Annemasse Porte de Genève;Autres points d'intérêt;Idéalement situé pour vos séjours d'affaire ou de loisir, à proximité de Genève, de son aéroport et de son Parc des Expositions ainsi que des stations de ski, le tout dans un cadre de verdure, bienvenue à l'hôtel Mercure Annemasse Porte de Genève.;;0/0e/13-0e610d8d-c4ce-3d15-803c-e19bf1ae62c9.json
Les Mélèzes;Autres points d'intérêt;"Nana, Sylvain et leur équipe vous accueillent au cœur de la station,  avec des spécialités de montagne, crêpes, ravioles, pizzas, grillades, snack. Vente de fruits de saison. 
Des soirées concerts sont organisées dans le restaurant.";;0/0e/13-0e622da2-946d-3ae5-a94d-d2a888cf8c37.json
Via ferrata du Diable - Chemin de la Vierge;Nature et détente;Un des parcours de la via ferrata du diable. Le Chemin de la Vierge offre un itinéraire sauvage qui alterne entre parois, sentiers et passerelles. Accès direct par une passerelle piétonne (suivre le balisage) depuis le parking de la Redoute Marie-Thérèse.;;0/0e/13-0e638c55-dd9e-3126-92dd-f1968c741914.json
Auris - Parcours d'orientation patrimoine : les Hameaux d'Auris;Culture et patrimoine;Découvrez les hameaux d'Auris et leurs secrets grâce au parcours d'orientation !;;0/0e/13-0e639c58-dd41-3fff-a377-68497a491eaf.json
Barrage d'Enchanet;Autres points d'intérêt;Admirer les gorges de la Maronne et les multiples points de vue sur le lac de la retenue...;;0/0e/13-0e64018b-6f9f-3f93-88e7-ab8d75c38823.json
Source de l'Hôpital;Autres points d'intérêt;Idéal pour curistes, au cœur de la ville et proche du quartier thermal et des commerces (200 mètres), ce F2 de 35 m² traversant, entièrement rénové et équipé, est classé 2 étoiles. Il est situé au rez-de-chaussée d'une petite résidence.;;0/0e/13-0e67e33d-db26-340d-a55e-25ed7a31d57a.json
Espace luge pour enfants 1700;Sports et activités outdoor;Espace luge gratuit à disposition pour les petits sur le front de neige de Chamrousse 1700 à côté du jardin enfant ESF.;;0/0e/13-0e69cead-4b60-3c00-90db-014bed827af2.json
L’Association : Le Chien à 3 Pattes;Autres points d'intérêt;"Une fois par mois, l'association ""Le Chien à 3 Pattes"" organise, dans deux salles équipées (à Belleville et Montmerle), des concerts vivants, autour de la création actuelle dans la grande tradition du jazz et des musiques improvisées.";;0/0e/13-0e6a5a0a-77db-3965-a967-006255358972.json
Parcours No Kill de la Déôme;Nature et détente;"Le parcours est géré par l’AAPPMA « La Gaule Bourguisanne »
D’une longueur de 800 mètres, ce parcours s’étend entre les limites suivantes :
    - Limite amont : seuil du quartier Almandet (carrefour Market)
   -  Limite aval : Pont de l’Allier";;0/0e/13-0e6b7fe7-c9e6-39ca-86ab-a461166c02aa.json
Camping le Colporteur;Hébergement;Camping calme, familial et verdoyant situé dans le village de Bourg d'Oisans à 5 min à pied du centre et des commerces. Nous vous proposons des chalets ou mobiles-home pouvant accueillir de 3 à 7 pers.;;0/0e/13-0e6bbb18-f209-3382-b6c6-a3571f0f8fc5.json
L'Annexe Gannat;Autres points d'intérêt;Située au cœur de la ville, l'Annexe Gannat peut accueillir jusqu'à 10 personnes dans un cadre exceptionnel. Organisée sur 3 niveaux, cette maison climatisée a été rénovée pour fournir une expérience unique.;;0/0e/13-0e6bfcf7-b273-3628-bae0-fca9d947385a.json
Le Bistrot de la Galerie;Restauration et gastronomie;Et si on vous disait que l'une des plus grandes galeries d'art moderne et contemporain de France, propose aussi un restaurant qui fait honneur à la cuisine de marché, locale et authentique, vous y croiriez ?;;0/0e/13-0e6c0ef3-2076-33a3-883e-02886659aba3.json
Maison Nivon Valence Sud;Autres points d'intérêt;"La nouvelle boutique Nivon vous ouvre ses portes ! En plus de retrouver vos produits gourmands, profitez des espaces intérieurs et extérieurs pour les déguster !
Qui vient découvrir notre nouvel univers gourmand ?";;0/0e/13-0e6e5b2b-8b3c-39c1-ad4a-ec9d49c317ea.json
Église Saint-Jacques le Majeur;Culture et patrimoine;Édifiée au XIIème siècle, cette église romane offre, vers son chœur, une très belle collection de chapiteaux représentant des colombes, l'ange Gabriel et Marie.;;0/0e/13-0e6f0d51-810f-3edd-b335-51ee132fdd42.json
Le Vaffieu;Autres points d'intérêt;Chalet restaurant idéalement situé dans un cadre paisible, en haut du Pléney à l'arrivée du télésiège du Belvédère. Grande terrasse baignée de soleil toute la journée. Grand choix de plats originaux cuisinés avec des produits frais locaux. Cuisine maison.;;0/0e/13-0e701d12-6950-3484-bd11-b953f7747b01.json
Le Buron de Font de Cère;Autres points d'intérêt;"Situé au pied des pistes et sur le GR 400.
Auberge traditionnelle en pierre, cadre rustique avec cheminée et grande terrasse. Cuisine traditionnelle et spécialités auvergnates : truffade, chou farçi, pounti...";;0/0e/13-0e724711-4fda-386f-8c3d-c6fd243f4808.json
Terrain de Football des Fiz;Sports et activités outdoor;A_GENERER_VIA_IA;;0/0e/13-0e7523aa-0cff-3244-bbf9-1fa10dbd2853.json
La Ferme de Lorette;Autres points d'intérêt;Avec nos 70 vaches laitières, nous produisons toute l'année du lait que nous transformons directement à la ferme après chaque traite. Étant situés en zone AOP Reblochon Fermier, nous fabriquons quotidiennement ce fromage incontournable.;;0/0e/13-0e770b4a-7e05-3938-a25b-9c97a6eec6f2.json
Le zinc;Autres points d'intérêt;Restaurant, brasserie, située en plein centre historique de Montferrand.;;0/0e/13-0e783a35-0c8e-3aae-96bb-a138f21f5229.json
Conférence de Pierre Mazet;Autres points d'intérêt;"La Coccinelle, café associatif, vous propose une conférence avec Pierre Mazet : ""Aux origines du polar"".";;0/0e/13-0e78795e-5d73-304f-a3bd-164a8f732b23.json
Golf Vichy forêt de Montpensier;Sports et activités outdoor;Tout près de Vichy, ce parcours 18 trous, PAR 72 (5 893 m), s'étend au cœur d'une forêt de chênes centenaires et dispose d'une structure d'enseignement adaptée à tous.;;0/0e/13-0e78bd06-f51c-34d6-b226-eb5ea4013608.json
Les 3 villages engloutis;Autres points d'intérêt;En regardant le lac du Chambon, on ne se doute pas que cette paisible étendue d’eau, où se reflètent les sommets environnants, cache toute une vie à jamais disparue : les 3 villages engloutis, le Chambon, le Dauphin et Le Pariset.;;0/0e/13-0e7f2d5f-a312-38d2-8457-c999463704c0.json
Gîte Hôtel le Ptit Cham;Hébergement;Gîte Hôtel chaleureux au cœur des montagnes, situé au pied des pistes à la source de la Dordogne, venez profiter de la superbe vue sur le Val de Courre. A proximité des GR30 et GR4 et du téléphérique du Sancy, point de départ de nombreuses randonnées.;;0/0e/13-0e7fd3aa-226d-35a6-ada8-50bcc6102847.json
Evolution 2 - Ecole de Ski, VTT et d'Aventure;Sports et activités outdoor;La montagne offre des opportunités uniques : moment d'aventure, de détente ou riche en adrénaline, découvrez de nombreuses activités sportives ou plaisir.;;0/0e/13-0e8641e6-f902-3267-a19b-1819eb859d71.json
Les 2 Zèbres;Autres points d'intérêt;"Restaurant - Bar - Pizzeria. 
Le bar restaurant pizzéria Les 2 Zèbres, idéalement situé en front de neige et accessible depuis la rue commerçante de Montalbert, vous accueille en salle ou en terrasse pour déguster une cuisine maison 100% produits frais.";;0/0e/13-0e887dea-d891-3d64-8333-e774222f2db8.json
Camping L'Imprévu 3*;Hébergement;Ce camping, situé dans un village lacustre au pied du massif de Belledonne,  est  un endroit agréable et privilégié, au charme étonnant. Cet écrin de verdure est un lieu idéal pour se ressourcer et profiter d’un cadre de vie calme et authentique.;;0/0e/13-0e88a1e1-4fcc-3eab-b3e0-6787b7b30310.json
La Chaponie;Autres points d'intérêt;"La Chaponie est un gîte de groupe (pour vos réunions familiales, stages, séminaires,…)
aménagé dans un ancien corps de ferme comprenant la maison des propriétaires.
A 5 km au sud du Puy-en-Velay, dans un cadre naturel et calme.";;0/0e/13-0e89d93d-6b48-3aa7-91e4-b4477cb16b6e.json
Chartreuse Bike Park - Pumptrack;Autres points d'intérêt;Sur le pumptrack de Saint Pierre de Chartreuse, que ce soit à vélo, en trottinette, en roller ou en skate l'objectif est de ne pas pédaler.;;0/0e/13-0e8c5613-db88-341a-ba63-7505314f7f44.json
Apéro concert avec Trabendo;Spectacles et événements;"Apéro-concert organisé par l'association du village ""sur le chemin des sources"" avec Trabendo.";;0/0e/13-0e8cbb4a-f1b1-3c36-b463-b4ebef97107c.json
Base de loisirs - La Plaine Tonique;Autres points d'intérêt;Envie de vacances en plein air ? La Plaine Tonique vous accueille au cœur de l'Ain ! Profitez de son parc de loisirs aquatiques et des nombreuses activités proposées, sensations garanties !;;0/0e/13-0e8d962f-214f-3325-876e-89987e014c0b.json
Auberge de Boffres;Hébergement;"Un restaurant où tout est fait maison et cuisiné au feu de bois à partir d'ingrédients frais, issus d'une agriculture paysanne locale et respectueuse de l'environnement !
RESTAURANT - BAR - EPICERIE - RELAIS POSTE - GITES";;0/0e/13-0e8db21b-2545-3536-8de9-1a665b26ced9.json
Palais des Parcs;Autres points d'intérêt;F3 / 4 personnes;;0/0e/13-0e8dd606-8e20-32aa-91e6-5f4196156276.json
Les Terrasses des Augustins;Autres points d'intérêt;"Situé en plein cœur de Crémieu, à proximité du cloître et de l’hôtel de ville, sur la place de la Nation, le restaurant & café ""Les Terrasses des Augustins"" vous propose une cuisine authentique et traditionnelle dans un cadre agréable et chaleureux.";;0/0e/13-0e8ebce4-5ed9-321d-a1ea-18d4810ea5ec.json
Château de Champ-Renard;Culture et patrimoine;Château d’origine médiévale en pierres dorées, rénové aux XVème, XVIIIème et XIXème siècles. Visites  proposées toute l’année pour découvrir les extérieurs, le parc romantique du XIXème siècle, les anciennes salle de garde, salle de justice et prison.;;0/0e/13-0e910a9a-8052-3a6b-9755-e7e9fe98be8c.json
N°35 La Matheysienne VTTAE - Noir;Autres points d'intérêt;Cette rando d'envergure reprend une partie des grands parcours du site régulièrement empruntés par la Matheysienne VTT. Parcours n°35 balisé en noir.;;0/0e/13-0e92e166-5c31-307f-abec-6ca74d4fafa8.json
Salle Marcel Pacaud - Pole Montrevel-en-Bresse CA3B;Autres points d'intérêt;La salle Marcel Pacaud est gérée par le pole de Montrevel-en-Bresse de l'Agglomération du bassin de Bourg-en-Bresse.;;0/0e/13-0e935576-441f-38bc-a422-06c80e02371d.json
Bibliothèque de Balan;Culture et patrimoine;La bibliothèque bénéficie d’un service public de proximité grâce au prêt de la bibliothèque départementale (BDP).  Le dernier mardi du mois, un moment « Heure du conte » est proposé par l’animatrice de la bibliothèque.;;0/0e/13-0e9592b8-fcec-3e1d-aed6-1fb177e68aeb.json
Sentier muséographique du palais de la mine (hiver);Nature et détente;Le site de la mine de galène date du XVI XVII siècles. Il est classé monument historique. Un sentier et 12 panneaux pour comprendre à votre rythme. Une superbe allée de mélèzes bi-centenaires.;;0/0e/13-0e98eb04-8e27-3512-9360-40d29e13c8c7.json
Circuit VTTAE n°21 (rouge) Vignoble du Revermont - Tour de Gravelles;Nature et détente;Un parcours pour découvrir le vignoble du Revermont avec des passages dans les vignes de Journans, Gravelles, Rignat et de Ceyzériat... un paysage pour se régaler.;;0/0e/13-0e9942b1-2090-3405-8c3f-34e33818d05a.json
Source des Célestins;Autres points d'intérêt;Cette source d’émergence naturelle a pris le nom du monastère qui se situait sur la partie haute du rocher.;;0/0e/13-0e99f182-edc9-37fb-9c42-4a7d8aece6c1.json
Marché hebdomadaire;Spectacles et événements;Marché hedomadaire du village : alimentation, vêtements, produits locaux...;;0/0e/13-0e9ea397-080a-3d15-b7c7-017548b3c1fe.json
Hôtel Bayard-Bellecour;Hébergement;Idéalement situé sur la majestueuse Place Bellecour, entre Rhône et Saône, l’hôtel Bayard et ses 24 chambres doubles vous accueilleront pour un séjour sous le signe de la découverte. Ce sera le point de départ idéal pour visiter Lyon et ses richesses.;;0/0e/13-0e9ec0b3-2522-3b21-838c-bb847d19d25c.json
Marché de Villereversure;Spectacles et événements;Découvrez le marché de Villereversure, le rendez-vous incontournable pour savourer des produits régionaux authentiques, chaque semaine. Venez y trouver le meilleur de notre terroir local !;;0/0e/13-0ea1cc4e-0c68-30ea-8936-6ec53437cedd.json
"La Guinguette ""Chez Patou""";Autres points d'intérêt;"Restaurant de plein air au bord de l'Ardèche, avec terrasse ombragée et rafraichie. Brochettes, grillades, fritures de petits poissons : Bœuf ""Fin Gras du Mézenc"", salades, grand choix de glaces.";;0/0e/13-0ea4b042-f446-3a44-93b7-d300954785ca.json
Bibliothèques de Chambéry - Georges Brassens secteur jeunesse;Autres points d'intérêt;Réalisée par les architectes Dominique Chapuis et Christine Royer en 2001, elle met à disposition du public livres, magazines, journaux, cd, dvd... ainsi qu'un atelier multimédia et des collections d'ouvrage pour les malvoyants.;;0/0e/13-0ea72767-da0a-353a-9901-a1ea59ffdc0f.json
"Fresque : ""La Farandole des visages""";Autres points d'intérêt;Réalisation de 6 portraits d'enfants expressifs. Les enfants du collège passant devant régulièrement, l'artiste espère que ses portraits feront à terme partie de leur quotidien.;;0/0e/13-0ea96f5d-55d0-3bb4-ba78-6b6649bf9b88.json
City Stade;Autres points d'intérêt;Ce city stade est à votre disposition pour jouer au football ou au basket.;;0/0e/13-0eaaddef-f614-37e3-8a5c-013bb9cc91e2.json
Bateaux croisières : Compagnie des Bateaux Aix les Bains Riviera des Alpes;Autres points d'intérêt;Tout au long de l'année, la compagnie vous propose des croisières restaurant ou promenade sur le plus grand lac naturel de France, le canal de Savières et le Haut Rhône. Motorisation 100% électrique.;;0/0e/13-0eab813e-8444-36e7-8a22-ff796cbdce46.json
Marché hebdomadaire de Longes;Spectacles et événements;Fromages de chèvre et de vache, épicerie, charcuterie, viande.;;0/0e/13-0eadbf54-5543-3e5c-bf80-50273a2b7448.json
Snack Chez Habibou;Restauration et gastronomie;"Venez découvrir notre snack place Paul Mercier à Largentière avec terrasse ombragée et intérieur climatisé.
Sandwichs, salades, kebabs, tacos, hamburgers, wings, legs, tenders, assiettes au choix ...
Sur place ou à emporter. Commander au 06 60 16 43 56";;0/0e/13-0eb0a583-4173-3702-a801-18206a285128.json
Parcours course d'orientation - Bozel bois de chevelu - parcours noir;Nature et détente;"Découvrez le parcours d'orientation du bois de Chevelu de Bozel qui vous emmènera sur un parcours varié en pleine forêt, un espace naturel idéal. 
Le parcours noir est un parcours très sportif, accessible (petits et grands) en solo ou à plusieurs.";;0/0e/13-0eb2668b-2194-33e0-a140-9a01d782123a.json
Ancien hôtel de ville;Hébergement;Jusqu'en 1855, l'hôtel de ville d'Annecy était installé dans une maison située place Notre-Dame. Il se signalait par une façade construite dans les années 1770. Elle est reconnaissable à son traitement élégant, son fronton et les armoiries de la ville.;;0/0e/13-0eb49a5d-0336-33e0-b521-3c643e6a8137.json
Terrain Multisport du Parc Thermal;Nature et détente;Construit sur une surface de 24 mètres par 13 mètres, ce terrain de jeux de ballons extérieur, clôturé et en gazon synthétique, permet la pratique de nombreuses disciplines : football, handball, basketball, volley-ball…;;0/0e/13-0eb5e119-f4f6-3a86-990d-a123b8bdb10c.json
Le GRAT 63;Autres points d'intérêt;L'école de guitare Le G.R.A.T 63 propose un enseignement complet des différents styles de la guitare.;;0/0e/13-0eb65ca4-b214-3731-83c1-7ccd55afa960.json
Auberge des Sablons;Hébergement;Une salle de réception de 60 m² est à votre disposition pour vos soirées privées.;;0/0e/13-0eb798f8-93e8-3ba5-a160-e112aafa3a65.json
Equilibre vertical;Autres points d'intérêt;"Envie de gravir des sommets en ville ? Equilibre Vertical vous fait découvrir l'escalade indoor au centre de Lyon ou sur les sites naturels en périphérie de la ville ; et aussi la via ferrata et le canyoning.";;0/0e/13-0eb9a2af-8f4d-34bc-994d-cabc0944e1a6.json
Le Capitole;Autres points d'intérêt;"Cuisine actuelle et copieuse style brasserie.
Trois salles avec ambiance et décoration différentes,  relookées au goût du jour (en 2017). Deux pour le restaurant avec une salle privative et une pour le bar snack.
Terrasse ensoleillée et exposée plein sud.";;0/0e/13-0eba3279-6d85-32af-a89a-61599b3d279a.json
Les Rhodos - piste de ski de randonnée permanente;Sports et activités outdoor;"Départ sur le front de neige de la Sétaz
Arrivée sur le plateau de Thimel (sommet de la télécabine de la Sétaz).";;0/0e/13-0eba5059-f359-3917-909d-1e5846c38dfd.json
Bureau des Guides La Clusaz;Autres points d'intérêt;Le Bureau des Guides de La Clusaz vous accueille toute l'année, pour organiser vos activités de montagne.;;0/0e/13-0ebbf4eb-582b-3984-ad80-06227c1e2f45.json
Le père Noël est une vieille grappe;Autres points d'intérêt;"Soirée musicale et caritative organisée par l'association Grap'N'Roll
Plus d'informations à venir.";;0/0e/13-0ec0ae65-ac21-3182-b8ef-f2599ce6537d.json
Le Piaf Megève;Autres points d'intérêt;"C'est à la montagne que Le Piaf a décidé de faire son nid après le succès de l'établissement parisien éponyme autoproclamé ""lieu d'encanaillement"" pour les amoureux de la fête.";;0/0e/13-0ec11d67-0588-354c-a56e-de8d356d4912.json
Bar Constantin;Restauration et gastronomie;Le bar Constantin, institution du village ouvert 365 jours par an, vous reçoit autour d'une incontournable fondue savoyarde. Probablement la meilleure d'Albiez-Montrond. Réservation obligatoire.;;0/0e/13-0ec1ab58-fbf3-3843-bbaa-11a6378620ee.json
Chasse au trésor, escape game, jeux en bois;Nature et détente;"Escape game en forêt, chasse au trésor et jeux en bois, durant tout l'été au chalet.
Résolvez des énigmes au coeur des bois, une aventure immersive pour petits et grands. Toutes les infos à l'accueil du chalet.";;0/0e/13-0ec39a93-40fd-3cfa-bdcb-5f7a2d54d9a2.json
Salle des fêtes de Clelles;Autres points d'intérêt;Salle pouvant accueillir 300 personnes.;;0/0e/13-0ec72b62-739a-33cb-a50d-3a4343320693.json
La Casa Alpinifood;Autres points d'intérêt;Alpinifood est un snack italien familial situé à Salins les Thermes. Ils vous régalent de pizzas, pâtes et plats italiens savoureux et délicieusement réconfortants, préparés comme à la maison par le chef Sandro.;;0/0e/13-0ec76a03-c691-3e09-a114-a44f524a9f22.json
Le K;Autres points d'intérêt;L'équipe du K vous accueille  tous les jours au sommet de la Télécabine dans son Restaurant Lounge Bar. Service à table, Snack et Self, cuisine de produits frais et de qualité.;;0/0e/13-0ec93d5d-b5e0-3ce6-a301-95c65488b42e.json
Le Spa des Thermes;Autres points d'intérêt;Adossé à un volcan et choyé par des eaux déjà prisées des Romains, le spa de Neyrac-les-Bains ravira votre peau par leurs bienfaits ! Hydrothérapie, hammam, massages, sauna, piscine et soins du corps pour un esprit léger...;;0/0e/13-0ec99f68-509c-3730-bedc-0b84e1995565.json
Terrain de Pétanque les Mouilles;Autres points d'intérêt;Un terrain est à votre disposition dans un cadre agréable.;;0/0e/13-0ec9b532-98f2-3c49-9d45-a3bfab49944b.json
Auberge Le Collet;Hébergement;"Un cadre nature et authentique,  une cuisine créative et gourmande, aux couleurs locales «fait maison» avec des produits bruts de qualité et locaux le plus possible. 
Terrasse ombragée, salon avec cheminée pour l'apéritif.";;0/0e/13-0ec9d6b5-ce32-3598-b3a3-f53bfdaee18b.json
Becyclet' - location de vélos électriques et musculaires;Hébergement;Location de vélos classiques, vélos électriques, VTT, ville, fat bikes. Location à la demi-journée, journée, semaine, ...;;0/0e/13-0ecb9f18-9b9b-3238-bb60-05e993b83c7e.json
Maison Saint-Benoit;Autres points d'intérêt;"Accueil pour un temps spirituel et un moment de partage avec les sœurs.
De mi-mai à mi-octobre : accueil des pèlerins randonneurs.";;0/0e/13-0ecf9073-abc5-3fa3-bc11-5d886f515429.json
Circuit Baludik : Le dernier tanneur;Nature et détente;Connaissez-vous la légende du dernier tanneur de Maringues ?;;0/0e/13-0ecf92a1-b3d7-3a4e-ae64-a16d132bd634.json
Eglise de Charette;Culture et patrimoine;L'église actuelle date de 1893. Elle a remplacé la précédente qui tombait en ruine. Rénovée en 1989, elle a été dotée de vitraux en résine et repeinte avec des couleurs harmonieuses.;;0/0e/13-0ed584d9-c086-359d-bf67-7b87310edc36.json
La P'tite Cantine;Autres points d'intérêt;La P'tite Cantine est un bar/café associatif permettant de favoriser le lien social et culturel. Des évènements en tout genre y ont lieu : apéros littéraires, dégustation de bières ou de vins, projections de films, et bien d'autres surprises !;;0/0e/13-0ed88f3a-4ec9-30bf-9e34-8e55f4ad5301.json
Baignade surveillée sur les rives de la Loire;Autres points d'intérêt;La base de loisirs d'Aurec-sur-Loire est un site de baignade propice aux plongeons rafraîchissants dans la Loire. Baignade surveillée en saison.;;0/0e/13-0ed8aed7-93fd-39b8-8253-43910cb170b4.json
Camping Des Nières;Hébergement;"Agréable situation en bord de rivière,  proche de toutes commodités. Piscine chauffée.
Restaurant La Guinguette ouvert à tous : Repas à thème Concerts / Snack.
Nombreuses activités sur places pour le plaisir de tous = Canoë directement au camping !";;0/0e/13-0eda11f6-5774-379c-92e6-3b734b439012.json
Parc de Haute Claire;Nature et détente;Grand parc de 44 000 m2. Parc idéal pour les familles, promeneurs, pour se détendre et passer un agréable moment. Jeux, grandes étendues d'herbes, arbres pour ombrager vos pique-nique... Sur place : toilettes sèches et fontaine pour boire.;;0/0e/13-0eddc56a-1bff-326c-87ba-319eeebd5a57.json
Marché de producteurs;Spectacles et événements;Divers produits comme de la volaille, des légumes, des noix, du fromage de chèvre ... sont à découvrir au marché des producteurs situé au cœur de l'exploitation agricole de Martin Volailles.;;0/0e/13-0ede6efa-1529-347b-b03c-81ff1d8f9c8b.json
Journée porte-ouverte et projection du documentaire 'Et si on levait les Yeux;Services et activités encadrées;"Au programme: 
Visite de l'école l'après-midi sur inscription
16h:  goûter partagé 
17h : projection du documentaire de Gilles Vernet 'Et si on levait les yeux ?'";;0/0e/13-0ee8796c-943c-3d81-bc24-e3fda8eb7a0b.json
Resto Mobile;Autres points d'intérêt;restaurant mobile pour vos soirées à partir de 80 personnes;;0/0e/13-0ee8ba9a-950f-3004-886b-08f590c2101c.json
Location de salle La Synapserie;Hébergement;Une salle de réunion est proposée à la Synapserie. Elle peut être loué pour un temps allant de 1h à la journée entière.;;0/0e/13-0eeaf3b1-95b3-3a97-a48b-1da3b69345b5.json
"Savanna ""Jungle Kids"" - Complexe de loisirs Savanna & Cie";Autres points d'intérêt;"Entrez dans le monde de Savanna & Compagnie, univers de jeux et d'aventure.
Profitez en famille d'un endroit magique et ludique ou petits et grands pourront s'amuser en toute sécurité.
Parc d'attractions couvert de 2500 M2 pour les enfants de 0 à 12 ans.";;0/0e/13-0eecb5e2-466e-3443-9517-4087b06f419e.json
La Matinière;Autres points d'intérêt;Au calme, au cœur d'un village dauphinois, un hôtel-restaurant de 5 chambres doté d'un bar, entouré de maisons dauphinoises et d'une place centenaire. 1 cheminée Logis de France (bon confort), 2 cocottes.;;0/0e/13-0eee2817-d0f6-30b8-bd5b-58c9f3cde8d2.json
Pêcher dans le Pays de Gex;Autres points d'intérêt;Entre lacs et rivières, le Pays de Gex offre de nombreuses possibilités de pratiquer la pêche.  Il reste un lieu privilégié pour la pêche de la truite et de l'ombre commun descendant des Montagnes du Jura.;;0/0e/13-0eee61c6-7bf3-3b92-b16e-8660b837b2c8.json
Gîte de la Paille;Hébergement;Joli gîte entièrement restauré dans une maison typique du village de Charroux. Entrée indépendante. Terrasse et jardin.;;0/0e/13-0eee76f4-559b-3f3a-84b9-717d4e83fa05.json
Salle du volley;Autres points d'intérêt;A_GENERER_VIA_IA;;0/0e/13-0eeee13d-d624-39fd-97b5-efa1bd4740e9.json
Boite à petits bonheurs;Autres points d'intérêt;Ce géocache vous attend le long du chemin du petit bonheur. Vous pourrez livrer votre petit bonheur à la postérité en déposant ce qui vous passe par la tête, quelque chose d'heureux écrit en quelques lignes sur une des cartes à disposition dans la boite.;;0/0e/13-0eeeef2a-1452-3a3d-baed-645a37433379.json
Spa des Alpages;Autres points d'intérêt;"Le bain nordique est un spa en bois d’extérieur, de forme ronde. Traditionnellement chauffé au bois, la température de l’eau se situe autour de 40 degrés.
Les avantages du bain nordique sont multiples : relaxation, chaleur, convivialité, vitalité …";;0/0e/13-0ef1dc8b-0da7-3bb9-b33c-6f03b175b4ce.json
Le 1980;Autres points d'intérêt;Situé sur les extérieurs de Charlieu, profitez d'une terrasse avec nos formules menu du jour, entrecôtes et grenouilles. Cuisine à base de produits frais et fait maison. Spécialité : foie gras et grenouilles persillées.;;0/0e/13-0ef25986-fab5-3ce1-9daf-9e858b045d07.json
Vélorail du Velay;Autres points d'intérêt;Une aventure de 15 km à travers des paysages sauvages du Velay, sur une voie ferrée de montagne: viaducs, tunnels et de longues descentes: frissons garantis pour tous! Montée en vélorail à assistance électrique ! Réservation recommandée.;;0/0e/13-0ef7726b-0427-3bdf-bb35-029c7a0ee4db.json
Aire de pique-nique - Les Diots;Services et activités encadrées;Aire de pique-nique ombragée.;;0/0e/13-0ef93a18-3632-3237-97d9-409a36ab7dca.json
L'Abside;Autres points d'intérêt;L’abside est situé au cœur du centre-ville Aurillacois. Ce bar-brasserie est ouvert 7j/7 et assure un service de restauration du lundi au samedi uniquement le midi.;;0/0e/13-0efad91c-f6f0-3dd0-b76f-83609fd0be36.json
Parcours d'orientation randonnée et sportif sur Macot - parcours rouge;Nature et détente;"Bienvenue sur le parcours d'orientation randonnée et sportif de Macot la Plagne !
Un parcours de 6km avec 400mD+ et ses 7 balises.";;0/0e/13-0efcbeeb-d1e9-3d3a-98ad-b7a29c6e4cc5.json
Itinéraire VTT Mont-Blanc;Sports et activités outdoor;Itinéraire pour découvrir l’enduro sur un sentier facile et ludique entre Plan Bois et Les Coches;;0/0e/13-0eff00e8-4c5f-309d-9b42-daec971859aa.json
Gîte la Ravarette;Hébergement;Un séjour de grand repos dans un cadre enchanteur. Au cœur du Jura Sud, à moins d'une heure des grandes métropoles de Lyon, Genève et Annecy, venez vous ressourcer dans ce gîte de 10 places situé dans un petit village de 700 habitants à 850m d'altitude.;;0/0e/13-0effefe0-1367-3e46-a885-cc37d8601f98.json
Décollage du Prarion;Autres points d'intérêt;"Pratique : parapente
Orientation : Nord-Est / Ouest";;0/0f/13-0f018886-720e-37d5-948f-f848d8594fb9.json
Le Tournesol;Autres points d'intérêt;Restaurant Bistronomique avec une cuisine inventive et créative, à base de produits frais et locaux dès que c'est possible. Une très belle cartes des vins avec plus 400 références. Le tout servi dans un cadre de pierres et de bois, ambiance chaleureuse...;;0/0f/13-0f01d24a-9a1f-3d49-901a-1b8b20e56709.json
Piscine Municipale de Seyssinet-Pariset;Sports et activités outdoor;"Un bassin de 250m² , d'une profondeur de 0.80m à 2m, équipé de 4 couloirs de nages.
Piscine fermée : du vendredi 28 juin au dimanche 7 juillet 2024";;0/0f/13-0f0463af-cc7c-3757-afe2-613a5c4a71e2.json
Terrain de pétanque;Autres points d'intérêt;Terrain de pétanque extérieur exposition sud au bord du lac, plage aménagée, terrain de volley et tables pique-nique à proximité immédiate.;;0/0f/13-0f0544bb-e1a2-3ddb-afe0-2b3fb5c87f50.json
Apothicairerie;Autres points d'intérêt;Apothicairerie décorée de superbes boiseries en noyer patinées par le temps, mettant parfaitement en lumière le bleu colbat des faïences nivernaises ornant des buffets de style Renaissance.;;0/0f/13-0f05f417-14a4-3e38-b6bf-7715570503d4.json
La Mairie de Vic sur Cère;Autres points d'intérêt;L’édifice actuel est composé de trois bâtiments dont deux corps anciens du 16è et 17è s. et un corps récent perpendiculaire, construit en 1963 (esplanade avec l’entrée principale de la mairie).;;0/0f/13-0f08442e-f711-3456-bb52-19b7120147bd.json
Centre équestre des Oures;Sports et activités outdoor;Une carrière de travail de 1500 m², une carrière de détente de 600 m². 2 selleries, un petit manège abrité. Pension des chevaux dans des box individuels de 9 m² et un paddock de détente de 600 m².;;0/0f/13-0f09b087-f964-3456-9498-e42efd8ec48a.json
Mini-golf St-Martin-Valmeroux;Sports et activités outdoor;Un parcours en 12 trous avec des édifices reconstitués, caractéristiques de la région (four, château, pont...).;;0/0f/13-0f0bc15d-ff5b-3c55-adc3-b4368a16c60b.json
Laser Park;Autres points d'intérêt;Venez défier vos amis au Laser Game en plein air. Aucun projectile, aucune douleur, aucune tenue spécifique, aucun impact sur l'environnement, juste de l'adrénaline, de la technologie et du sport : 0% de douleur et 100% d'action !;;0/0f/13-0f0d9fd1-d5ed-3695-9d3b-af8efeffcb50.json
Village d'Usinens;Autres points d'intérêt;A_GENERER_VIA_IA;;0/0f/13-0f0f0839-13a8-3b7d-bdfe-a6f2eb52dc17.json
Quartier Moyennâgeux;Autres points d'intérêt;Ce quartier et notamment la rue des Halles avec ses maisons à colombages et encorbellements des 16ème et 17ème siècles, datent de la reconstruction de Chalamont au pied de la colline après sa destruction par le Marquis de Treffort en 1595.;;0/0f/13-0f0ff3a1-6d3a-3dae-9fd1-455cf4513044.json
Galerie Deza;Culture et patrimoine;Installée à Roanne ainsi qu'à Lyon, la galerie participe à de nombreuses foires et salons d'art contemporain en France comme à l'étranger. À la fois marchand d'art et collectionneur, elle soutient ses artistes lors d'évènements sur le territoire.;;0/0f/13-0f10dbd0-f6e2-32e5-ae4e-1801ae95137e.json
Pointe d'Abeau;Autres points d'intérêt;"Pointe d'Abeau vous propose des locations de bureaux (9 à 24 m²) prêts à l’emploi et une salle de réunion pouvant accueillir jusqu’à 50 pers.
Nombreux services à disposition ( Domiciliation, affranchissement, copies, traiteur, salle détente, réfectoire).";;0/0f/13-0f119bf5-906c-3c3d-8ddd-362f3a3e2721.json
Ibis Styles Grenoble Centre Gare;Services et activités encadrées;"Envie d’un hôtel chaleureux, confortable et d’une ambiance familiale ? Ibis Styles Grenoble Centre Gare est fait pour vous !  
Vous serez séduit par son emplacement idéal entre la gare et le centre-ville et son confort avec la nouvelle literie Sweet Bed.";;0/0f/13-0f14ab40-b7a1-33c2-b691-83ff4f61b9db.json
Galerie Phoebus;Culture et patrimoine;Galerie d'art à la campagne spécialisée dans la photographie d'auteurs qui questionne la campagne, la ruralité, l'environnement...Ouverte à l'année;;0/0f/13-0f175700-0147-3fc2-adc6-c00e502f0143.json
Le Gourmet;Autres points d'intérêt;"Cuisine traditionnelle. Menus du jour du lundi au vendredi, les midis.
Week-end (sur réservation) : repas de famille, banquet, pour les particuliers.";;0/0f/13-0f178d8c-48e7-3e2b-9f51-cab5c4526674.json
Le Domanial;Autres points d'intérêt;Hébergement familial, climat privilégié, piscine communale gratuite, site d'escalade, randos pédestres, pêche, canoë, VTT, accueil de cavaliers... tout pour vous détendre.;;0/0f/13-0f1a72f5-0209-36e1-a155-72f7ba91eccc.json
Balade culturelle en 2cv : Novezan et la Route des Crêtes;Autres points d'intérêt;Du centre ville, en passant par des oliveraies et des vignobles, jusqu'au charmant village de Venterol et le hameau de Novezan.. Par une pinède ombragée, jusqu'au plateau des Estangs. La route des crêtes offre un panorama sur le Mont Ventoux.;;0/0f/13-0f1a89e6-c032-392e-9418-5376d19dd693.json
Sentier découverte de la forêt - sentier pédestre;Nature et détente;Le temps d’une promenade, venez découvrir la botanique, la faune et la forêt montagnarde sur un sentier qui serpente dans la pessière (forêt d’épicéa) d’altitude au sol tapissé de myrtilles.;;0/0f/13-0f1bf4fc-0e53-34ab-85f1-21e045b5ca01.json
Parcours de visite fléchée de Murat;Nature et détente;Murat possède une identité patrimoniale forte due à la variété des styles et à l’état de conservation des bâtiments. Un circuit d’interprétation du patrimoine de la ville permet de la découvrir avec 26 panneaux apposés sur directement sur les bâtisses.;;0/0f/13-0f1c5db0-7d84-3ead-a622-297db8529d24.json
Théâtre Pêle-Mêle;Culture et patrimoine;Promouvoir le spectacle vivant et les artistes locaux, professionnels et amateurs, au sein d'un théâtre de 49 places. Programmation de spectacles, Festival du Rire, séances scolaires. Animation de groupes de création théâtrale. Création de spectacles.;;0/0f/13-0f1e4b9d-d36b-3c6c-a02b-12591c3aa63c.json
Parc de la Feyssine;Nature et détente;Entre le campus de la Doua et le Rhône, le parc naturel urbain de la Feyssine s’étend sur 45 hectares et cette ancienne zone de captage des eaux s’affiche comme le plus grand espace vert de Villeurbanne.;;0/0f/13-0f1fc9aa-940f-3aba-890c-35244b895bec.json
Cinéma Le Doron;Culture et patrimoine;2 salles de cinéma vous proposent les dernières sorties de films.;;0/0f/13-0f20cfea-a0d9-3011-a58b-721890b37690.json
Kota grill - La roche aux Fées;Autres points d'intérêt;"Dans un environnement boisé de pins sylvestres, ""La Roche aux Fées"" est le nom donné aux hébergements insolites situés sur le site d’un ancien moulinage de soie et de roches énergétiques. De nombreux équipements indépendants sont  à votre disposition.";;0/0f/13-0f21d54f-b873-3d82-907b-c60f7ca07281.json
MOS PUB Bellecour;Restauration et gastronomie;Bar-restaurant situé à l'angle de la célèbre rue des Marronniers, à 50 mètres de la place Bellecour au centre de Lyon, le MOS PUB vous accueille sur sa terrasse ou au sein de ses deux étages chaleureux.;;0/0f/13-0f268aae-b7c5-370e-8b6a-6bcfa58d1f8e.json
Résidence le Roc Noir;Hébergement;Au pied des pistes de la Rosière et à proximité des commerces, la Résidence Le Roc Noir vous séduira par sa situation idéale. Elle propose des studios et appartements qui peuvent accueillir de 2 à 20 personnes.;;0/0f/13-0f293a22-29a6-31f6-9d1c-cfde67fbb48b.json
MMV Les Clarines;Autres points d'intérêt;Idéalement située au cœur de la station des 2 Alpes, la résidence propose des appartements à louer, parfaits pour vos vacances, à proximité des restaurants et des remontées mécaniques.;;0/0f/13-0f29a5c3-ee37-3c8a-91fc-4638f187875a.json
Porte d'accès aux écuries du Château;Culture et patrimoine;La porte d'accès aux écuries du château est datée de 1691.;;0/0f/13-0f2bfb15-d41b-3dd9-862a-8ba3ea721157.json
Médiathèque - Espace Gabriel Péri;Culture et patrimoine;Une médiathèque, quatre espaces, un réseau et une équipe à votre disposition pour vous accueillir et vous guider dans vos recherches.;;0/0f/13-0f2c77c9-efbf-32f7-9b0a-020e94c7487d.json
Stade de Biathlon Espace Sportif des Plans d'Hotonnes;Autres points d'intérêt;Lieu d'entrainement préféré et privilégié des biathlètes, le stade est accessible à tous sur réservation pour la pratique du ski roue, du roller et pour s'initier au biathlon. C'est aussi un lieu dédié aux équipes de sport adapté et handisport.;;0/0f/13-0f2f064c-690e-338d-9074-9b6dd82205a0.json
Itinéraire pédestre : Morillon et ses hameaux;Autres points d'intérêt;Ce parcours facile vous permettra de découvrir quelques hameaux de Morillon (Les Miaux, le Châtelard, le Bosson) ainsi que l'architecture locale et le patrimoine religieux au travers des chapelles.;;0/0f/13-0f346bc1-7aac-32a1-a86b-f8f7231c881c.json
Festival Art et Culture en Gervanne;Spectacles et événements;Art et Culture en Gervanne-Sye est heureux de vous présenter le programme de son Festival de l'été 2025 : 7 évènements à savourer ...;;0/0f/13-0f3579a5-ceba-35ff-96c2-0b3a208dde8f.json
Auberge des Voyageurs;Hébergement;"Sandrine & Eric vous accueillent dans leur auberge de campagne sur la route remarquable n°4. Ils privilégient la qualité d'une cuisine végétarienne BIO à base de produits du terroir.  ""En résonance avec la simplicité volontaire"". Soyez les Bienvenus !";;0/0f/13-0f360de6-2f0c-3a38-aa51-39a8d20976d8.json
Pêche au lac des Mines d'Or;Sports et activités outdoor;Charmant petit lac artificiel situé au fond de la Vallée de la Manche dans un paysage d'alpage, le lac des Mines d'Or est une véritable pépite pour les passionnés de pêche à la truite...;;0/0f/13-0f36629f-d225-3def-b033-eca528c92177.json
Restauration rapide : Les Canailles Saint-Jean;Autres points d'intérêt;Cette cave à vin installée dans un cadre agréable vous propose charcuterie, salaison et fromages à déguster en planches à partager sur place, à emporter ou en livraison. Le tout accompagné bien sûr des meilleurs cuvées et crus de vin de nos régions !;;0/0f/13-0f376db8-7b99-3056-9b63-a9da604c6599.json
Jeu de piste 6 ans - Viens découvrir Bonneville avec Charles et Ninon;Autres points d'intérêt;Partez à la découverte du centre ville de Bonneville, ses lieux incontournables, ses monuments et son histoire. Ce jeu de piste vous propose des énigmes adaptées pour les enfants (dès 6 ans),  découvrez des détails amusants et insolites sur la ville !;;0/0f/13-0f3b5849-895f-329f-bd1a-8e1607c3cde0.json
Restaurant Auberge de la Tour;Hébergement;Ludovic Coulon, gérant et chef de cuisine et Géraldine, serveuse, vous accueillent chaleureusement. Savourez au restaurant semi-gastronomique, une cuisine créative à base de produits régionaux.;;0/0f/13-0f3b9fb0-bb5a-3b0c-8447-2d8d4b736629.json
Pavillon Stéphane Hessel;Autres points d'intérêt;Construit au-dessus de caves voûtées datant du Moyen-Âge, ce pavillon abrite la salle des mariages et la salle du conseil municipal et accueille ponctuellement des expositions.;;0/0f/13-0f3dc9f7-05a7-3620-a09b-adb281933ef0.json
Restaurant Chalet Flachaire;Hébergement;Au cœur de la vallée d’Abondance, vous découvrirez une cuisine raffinée accompagnée d’un accueil chaleureux et personnalisé, proposé par un couple de passionnés.;;0/0f/13-0f3e2fa0-b92c-33bf-8eb2-1cf6f775fa25.json
Piste de skate;Autres points d'intérêt;Piste permettant la pratique du roller, du skate, des patins à roulettes et du bi-cross (port du casque et de protections).;;0/0f/13-0f3ea14f-3478-3e6b-9d11-78487002b2ee.json
Location de vélos - Intersport Tournon sur Rhône;Hébergement;Louer votre vélo auprès du spécialiste Intersport. Possibilité de louer vélos à assistances électriques ou musculaires, remorques, sièges enfants... De la demie journée à plusieurs jours. Nombreuses solutions facilitante autour de la Dolce Via !;;0/0f/13-0f3f5cab-931e-3132-8fb8-5e214b55daa0.json
Bureau des Guides de Sixt-Fer-à-Cheval;Sports et activités outdoor;Guides diplômés, passionnés par leur métier qui vous proposent toutes les activités de haute-montagne.;;0/0f/13-0f3f8956-a587-3e5f-98eb-559323175b7f.json
Galerue - Galerie sur rue;Culture et patrimoine;La Galerue expose les artistes ou élèves talentueux souhaitant proposer leurs réalisations aux passants.;;0/0f/13-0f41e2de-fc22-396c-b142-18133ae7d0fd.json
Marsanne;Autres points d'intérêt;Marsanne, village perché entre plaine et montagne à 15 kilomètres au nord-est de Montélimar, offre un éventail riche en découvertes nature et en manifestations culturelles.;;0/0f/13-0f42d46d-57f6-3870-9a0e-68247a0183bb.json
BSKS Paintball;Sports et activités outdoor;"Venez jouer sur notre terrain de 2,5 hectares semi boisé, avec une colline, des tours, deux forteresses et des obstacles multiples et variés.
Pour les 8 à 12 ans, un terrain spécial a été aménagé avec des obstacles gonflables pour jouer en toute sécurité.";;0/0f/13-0f42ea96-d29b-399b-bc18-0d9da97af8bb.json
Au coeur de la Montagne bourbonnaise;Nature et détente;Avec plus de 1 000 mètres de dénivelé et le franchissement de deux cols, ce circuit de 62 kilomètres est le plus sportif du département de l’Allier !;;0/0f/13-0f4435a0-4a6f-36e9-b72d-40163020215b.json
Base VTT Pays de Grignan - Enclave des Papes;Sports et activités outdoor;"La Base VTT du Pays de Grignan - Enclave des Papes comprend 12 circuits avec toujours à minima un point de vue, un site ou un intérêt remarquable.
6 circuits au départ de Grignan, 3 Chamaret et 3 Taulignan.
Tout vous invite à découvrir notre territoire.";;0/0f/13-0f498f2f-e4e5-343a-8af9-162f8a21f009.json
Prêt Uniski;Autres points d'intérêt;L'Uniski est destiné aux personnes ayant une incapacité des membres inférieurs. Il leur permet après une initiation d'accéder aux plaisirs de la glisse et de skier de façon autonome et performante.;;0/0f/13-0f4b0454-021b-3a01-a89e-384fd0101fe4.json
Eglise Saint-Etienne (Sollières Endroit);Culture et patrimoine;Ne vous fiez pas aux apparences : une fois les portes de cette église franchies, l’exubérance baroque tranche avec la simplicité extérieure. Laissez-vous surprendre !;;0/0f/13-0f4d24b4-a1af-3cc0-a336-159218009761.json
De St-Hilaire-du-Rosier à la cité médiévale de St-Antoine-l'Abbaye;Culture et patrimoine;Découvrez  les paysages vallonnés des Chambaran et rendez-vous à Saint-Antoine-l'Abbaye, cité médiévale classée parmi Les plus beaux villages de France. Sur votre route, profitez également d’une halte pour découvrir le Château de l’Arthaudière.;;0/0f/13-0f4f5f5f-1ee1-31fe-bd8c-d3d01820203c.json
L'Anacardier;Autres points d'intérêt;A_GENERER_VIA_IA;;0/0f/13-0f508762-44f0-3d0d-8987-b06e8c4288be.json
Chalet La Petite Bergerie;Hébergement;"Envie de casser la croûte ou se désaltérer au pied des pistes ? Retrouvez le chalet ""La Petite Bergerie"" pour répondre à vos désirs.";;0/0f/13-0f50bbee-e627-3e5d-8bc9-92fdf4837f35.json
Le lac Noir;Nature et détente;Plus petit et beaucoup moins profond que le Lou, le lac Noir accueille aussi une population d'ombles chevaliers : plus gros, ils sont aussi plus difficiles à capturer.;;0/0f/13-0f51a0d2-40b9-36ae-91b1-0fbff0f0bc30.json
Équilibres Café;Restauration et gastronomie;A Equilibres Café, vous dégusterez de bons plats 100% fait maison avec des produits éthiques, locaux, bio et de saison. Au menu : tartes généreuses, croques gourmands, grandes salades...;;0/0f/13-0f549680-d5bb-3f4c-9faa-1e6ecd13fbdb.json
Place du Château;Culture et patrimoine;Napoléon, en route pour Grenoble, traverse la ville et cette place le 7 mars 1815. Il n'entrera pas dans le château et continuera sa route en direction de Grenoble.;;0/0f/13-0f54ad27-b913-3412-a916-c2453209f1af.json
Voies d'escalade la falaise de Copponex;Nature et détente;Découvrez le site d'escalade de la falaise de Copponex.;;0/0f/13-0f54daa4-9fe9-3a3f-bbe4-ba7b0372fedd.json
La Petite Auberge;Hébergement;"Restaurant à Bourg-Saint-Maurice.
Ambiance familiale. Généreuses spécialités locales à partager en famille ou entre amis.";;0/0f/13-0f558aca-37b0-3a09-9eca-66a75cb66831.json
Église Saint-Mary de Colamine-sous-Vodable;Culture et patrimoine;Solitaire au milieu des champs, sur le rebord d’une combe dominant la vallée du Lembron, l’église de Colamine est un exemple typique de l’Art Roman Auvergnat. Visites guidées gratuites (individuelles ou en groupe) sur réservation.;;0/0f/13-0f56ab1a-70c1-3c73-b41d-a36cc4080fde.json
Le Gîte du vigneron;Hébergement;Au cœur du vignoble Saint Pourçinois, vous pourrez vous ressourcer et goûter aux plaisirs de notre belle campagne bourbonnaise. Notre gîte entièrement rénové et équipé, vous permettra de passer un séjour agréable et confortable.;;0/0f/13-0f5791a0-4ea6-3965-a71d-eb68ee0241f2.json
Marché hebdomadaire;Spectacles et événements;Vivant et coloré, vous y trouverez volailles de Bresse, fruits et légumes et autres productions locales. Habillement, arts de la table complètent cette liste. 100 à 150 exposants selon la saison.;;0/0f/13-0f581d85-8966-3541-b2a3-77deb13143ef.json
Village | Venteuges;Autres points d'intérêt;"Église du XVe siècle et calvaire du XIXe siècle
Ruines du château de Meyronne du XIIIe siècle
 Maison forte de La Fagette (privée)";;0/0f/13-0f5a3468-b17a-3224-97a7-7df7f7b0a6ea.json
Tournoi des Volcaniques;Autres points d'intérêt;Les Volcaniques vous donnent rendez-vous pour le traditionnel tournoi de pré-saison.;;0/0f/13-0f5d19ac-352e-3ec8-93f9-4de128282a5f.json
Mendelssohn / Brahms;Autres points d'intérêt;Les musiciens de l’ONL partagent un précieux moment avec leur directeur musical Nikolaj Szeps-Znaider. Derrière ces deux pages de jeunesse particulièrement fiévreuses de Mendelssohn et Brahms se dessine la présence d’une même figure tutélaire : Beethoven.;;0/0f/13-0f5e0f00-a50e-3735-9596-77a90d8cbf0d.json
Château de la Cour en Chapeau;Culture et patrimoine;Les origines du château de la Cour remontent au milieu du XVe siècle. L'état actuel est l'œuvre d'Antoine Verne, maire de Moulins en 1595.;;0/0f/13-0f5eeee5-3f6f-3638-a3e5-068822184f2c.json
Pro D2 - Oyonnax Rugby reçoit l'USON Nevers;Autres points d'intérêt;Pour la 14ème journée de Pro D2, l'US Oyonnax Rugby reçoit l'USON Nevers. Tous à Mathon pour supporter votre équipe !;;0/0f/13-0f602470-cb44-3f34-beaa-8ec1e90feaa3.json
Blugeon Hélicoptères;Autres points d'intérêt;Christian Blugeon fondateur, gérant et pilote de BLUGEON HÉLICOPTÈRES entouré de son équipe familiale et locale. Nous vous proposons des vols pour tous les goûts afin de vous faire vivre un moment exceptionnel et hors du commun.;;0/0f/13-0f618be9-9a45-3b54-94c7-8486d900e1a1.json
Journées Européennes du Patrimoine;Culture et patrimoine;(Re) découvrez Donzère lors des Journées Européennes du Patrimoine 2025 !;;0/0f/13-0f62e099-ada1-38dc-9b8d-a67567a362fc.json
Chambres d'hôtes du Domaine de Gorneton;Autres points d'intérêt;"Vous cherchez un lieu paisible pour vous reposer lors de votre séjour dans la région lyonnaise ou séjourner lors d'un déplacement professionnel ? 
Nous avons la solution, situé à proximité de Vienne : Le Domaine de Gorneton !";;0/0f/13-0f64f20d-0025-3bf1-8d10-73105abda69d.json
Sentier pédagogique;Nature et détente;Au départ de la Maison du Patrimoine et de l’Environnement à Chamrousse, aux portes des grandes zones naturelles de Belledonne, vous pourrez marcher le long d'un itinéraire pédagogique et découvrir sa faune et sa flore.;;0/0f/13-0f64fd22-b73f-32a7-be27-299feb18f85c.json
Golf de Sainte-Agathe;Sports et activités outdoor;Sainte-Agathe met à la disposition des golfeurs un parcours de golf 18 trous, un practice de 17 postes dont 5 couverts, un putting-green d'entrainement et un green d'approche. Club-house et pro-shop.;;0/0f/13-0f665e68-6739-3a9f-b0c5-0842292ef480.json
Hôtel du Helder;Hébergement;Proche du centre de Lyon et idéalement situé entre les gares TGV Part-Dieu et Perrache, cet hôtel charmant vous accueille dans une atmosphère conviviale.;;0/0f/13-0f6c36a0-6510-3a07-8924-66be9f090e03.json
GIN'Steve, votre guide de poche !;Autres points d'intérêt;Visites guidées dans les musées et sur les sites patrimoniaux, balades urbaines d'1 ou 2 heures ou combinées en circuit à la journée, mais aussi des animations familiales telles que chasses au trésor, ateliers créatifs...;;0/0f/13-0f6cd0c1-4ce0-327f-8ee4-5a8ec50d887d.json
Warwick Reine Astrid Lyon;Autres points d'intérêt;Le Warwick Reine Astrid – Lyon dévoile son nouveau look ! Les 88 Suites de cet établissement situé au cœur du 6ème arrondissement, face au parc de la Tête d’Or, ont été rénovées dans un style résolument contemporain.;;0/0f/13-0f6ddb2a-283a-38a7-af80-43454ea2fc59.json
Auberge de la Besbre;Hébergement;L'Auberge de la Besbre propose une cuisine traditionnelle mettant en avant des plats préparés majoritairement sur place, à partir des meilleurs ingrédients locaux.;;0/0f/13-0f6e4d4a-0365-3cc1-bcde-a6f0f81df498.json
Alba Équitation;Sports et activités outdoor;"Notre équipe d’enseignants diplômés d’Etat vous propose de nombreuses activités. 
Grâce à une cavalerie adaptée, nous proposons à tous des promenades dans les collines ardéchoises.
Promenades et enseignement sur RDV.";;0/0f/13-0f6ec217-fd82-337e-b0cb-bf20f35d9813.json
Pêche;Sports et activités outdoor;Profitez du calme des lacs et torrents savoyards dans un cadre sauvage et naturel.;;0/0f/13-0f7260c8-a1c4-37f4-85b8-2ea280fb7187.json
Rise Up;Autres points d'intérêt;Avec Rise Up, vivez le Mont-Blanc intensément ! Tentez le baptême de chute libre ou les vols en ULM.;;0/0f/13-0f731a4d-45b9-3ed0-9140-d55845a72f89.json
Via Allier (V70) - Saint-Haon - Le Nouveau Monde | Langogne;Autres points d'intérêt;Cette aventure cyclable sur la Via Allier touche à sa fin et pourtant Le Nouveau Monde inaugure avec brio cette dernière étape.;;0/0f/13-0f746034-7643-3694-ba6f-f3dd23fc6503.json
Terrain de foot;Autres points d'intérêt;Terrain de foot communal.;;0/0f/13-0f75f159-c110-3025-bec7-bfc5cc3e0179.json
le P'Tit Creux;Autres points d'intérêt;Dans notre petit chalet, Le P'tit Creux vous offre un mariage parfait entre qualité et service. Plus de 45 variétés de pizzas à emporter, allant des classiques salées aux savoureuses créations salées-sucrées. Venez nombreux pour un moment gourmand !;;0/0f/13-0f77b41b-9e7e-39c9-a721-a054958b0f93.json
Bowling La Petite Ferme;Sports et activités outdoor;"500 m2 d’espace de loisir dédié à votre plaisir situé derrière l'Office de Tourisme.
Salle de jeux et 4 pistes de bowling pour vous défier en journée et en soirée.
Retransmissions sportives.";;0/0f/13-0f790f29-9f56-3306-a43f-57b48213a03b.json
Enduro : Blue Cheese;Autres points d'intérêt;"Une belle section de virage relevé au milieu d’une forêt claire ! Ca fait envie non ?
Tout y est ! Section roulante, section ludique, variante technique à l’ancienne, c’est le combo parfait pour un bel enduro !";;0/0f/13-0f7c4ff6-a7c6-3838-a660-dab9a46728b5.json
Pizzeria le Pinocchio;Restauration et gastronomie;Restaurant-pizzéria situé dans le centre bourg des Martres de Veyre.;;0/0f/13-0f7d7c7f-ec90-3926-94f5-baf47405b670.json
Le plus grand Before #9 - Portes en fête;Spectacles et événements;"DJ féminine N°1 en France pendant 7 ans consécutifs, Maëva Carter s'est imposée comme une figure incontournable de la scène techno.
Collectif Métissé : si la joie de vivre est contagieuse, alors le groupe doit être reconnu d’utilité publique.";;0/0f/13-0f803e1f-4d70-3e0c-88fb-505dcb71585e.json
Via ferrata - Les Plates de la Daille;Autres points d'intérêt;Un itinéraire aérien et exigeant réservé aux grimpeurs expérimentés. Affrontez des passages athlétiques et vertigineux pour une ascension intense face aux sommets de la Vanoise.;;0/0f/13-0f81e7e5-7ebc-35b8-878b-3f35e6491ffc.json
LE MELTING-POT;Autres points d'intérêt;Pizzeria snack, tacos, focaccias, burgers frites maison. Sur place ou à emporter .;;0/0f/13-0f8264d0-acea-3733-9f5a-891544a1bf64.json
Location de vélos électrique vintage avec les bikes à papa - Journée;Hébergement;"Concept unique en Ardèche, Location de vélos électriques vintage 
Autonomie 90km qui permet de découvrir notre belle région
3 types de vélos disponibles : 
Sodas : style Bmx à partir de 1m45
Outsider : style moto
Vacay Lady : look féminin";;0/0f/13-0f86160c-e668-38f3-bb79-afd935feacfc.json
Bibliothèque de Vignieu;Culture et patrimoine;Retrouvez un large choix de documents, romans, dont certains en large vision, albums et romans, mangas pour les enfants et ados… .;;0/0f/13-0f86f9ae-139d-3248-8b6c-19be0bb94497.json
L'Auberge de la Mère Coeur;Hébergement;Le restaurant vous fera découvrir des spécialités franco-marocaines dans une ambiance sympathique. Tout en étant confortablement installé dans une magnifique bâtisse aux multiples services (épicerie, bar, restaurant, chambres d’hôtes);;0/0f/13-0f88619c-ad3e-312a-8709-806202a55adb.json
Église Sainte-Marie;Culture et patrimoine;Cette petite église de la Montagne Bourbonnaise a pour particularité sa décoration intérieure de style Art déco. En effet, en 1934 le curé du village fut chargé d'instruire les paroissiens et de les guider vers les exercices de la vertu.;;0/0f/13-0f8bf023-9859-34d0-99b5-4c41e1fb80bb.json
Restaurant le Pèse-lait;Restauration et gastronomie;Le Pèse Lait, bar/restaurant de village vous propose un service d’épicerie ainsi qu'un service de restauration ouvrière toute la semaine. Jean Luc vous concocte ses plats maison pendant que Sylvie vous prépare vos rafraîchissements !;;0/0f/13-0f8d9a10-9902-3e08-9294-e8222ce1a610.json
Le Piquenchagne;Autres points d'intérêt;Installés dans un belle bastide du XVIIe siècle entourée de jardins aux essences diverses, Le Piquenchagne vous propose une cuisine gastronomique et traditionnelle.;;0/0f/13-0f8dc995-fd85-3d54-9b2b-d9eb03d019d0.json
Exposition de livres et dédicaces;Culture et patrimoine;"Christophe Savard expose ses livres à la Coccinelle du 2 au 17 août, et propose 2 séances de dédicace, le 2 et le 16 août à 15h.
Son style particulier vous transportera dans un univers aux portes de sa réalité-fiction.";;0/0f/13-0f8e61f8-54a5-3135-aa8a-045e6f4deecf.json
Site d'escalade des Révotes;Autres points d'intérêt;"Le rocher des Révotes, calé dans un méandre de la Loire, est une dalle d'une quinzaine de mètres barrée par un surplomb, les pieds dans l'eau.
L'accès au site n'est pas adapté pour les jeunes enfants.";;0/0f/13-0f90a837-551e-3b52-83d8-89136d792d3d.json
Concert d'hiver - Maîtrise de l'Opéra de Lyon;Spectacles et événements;Retrouvez la talentueuse Maîtrise de l’Opéra  de Lyon au Radiant-Bellevue dans un programme éclectique entre répertoire classique et surprises musicales : la promesse d’un concert de festivités !;;0/0f/13-0f92d3b2-5f05-3da0-9b95-87405cf5a7aa.json
Parcours de pêche « Prendre et relâcher » sur le Chéran et le Nant d’Aillon à leur confluence;Sports et activités outdoor;Le Chéran, labellisé rivière sauvage, large et torrentueuse, vous offre ici des conditions idéales pour la pêche à la mouche en plein cœur du Parc naturel régional des Bauges.;;0/0f/13-0f94575b-72b5-34f2-9201-a8fa0e4ba7e5.json
Stade international de biathlon;Autres points d'intérêt;Le centre permanent d'entrainement est l'un des plus hauts d'Europe. Idéalement situé, il permet la pratique des activités d'entrainement ou de loisirs dans des conditions optimales. Stade de biathlon : 30 cibles pour la pratique du tir à 10 m et 50 m.;;0/0f/13-0f949b01-9478-3fca-a7fc-3fc4dffe4092.json
Restaurant Chromosome;Restauration et gastronomie;« Un P’tit resto en plus » avec du personnel porteur de handicap, pour des rencontres surprenantes !;;0/0f/13-0f95f3a4-8f8f-3edc-a22b-641385ed7053.json
L'Atelier de Parfumerie naturelle;Autres points d'intérêt;L'Atelier de Parfumerie naturelle est un organisme de vulgarisation et de formation sur le parfum. Sa spécialité est la parfumerie 100% naturelle. Une offre culturelle d'animations, d'ateliers découverte et perfectionnement, et de stages.;;0/0f/13-0f967d01-1217-3c38-9ad1-af8779902cce.json
Champeix, cité des jardins - Petite Cité de Caractère ®;Autres points d'intérêt;En route vers le Sancy, arrêtez-vous pour visiter Champeix. Le quartier haut et le Marchidial valent bien un détour ! Dans l'imbrication des ruelles et des maisons, découvrez les jardins scéniques, aménagés en terrasse. Visite commentée sur demande.;;0/0f/13-0f9cc6c1-b9d1-3e10-ac9e-0c8903b937da.json
Restaurant Ice;Restauration et gastronomie;Maxime et Solène vous accueillent avec convivialité et bonne humeur dans un cadre chaleureux fait de bois et de pierre. Une cuisine traditionnelle et montagnarde à base de produits frais et de qualité. La terasse est exposé plein sud.;;0/0f/13-0f9e83ff-fb48-39b3-b03a-1e74a4f55d30.json
Imouto;Autres points d'intérêt;Une cuisine en duo avec Junko Matsunaga pour une cuisine fusion entre le Vietnam et le Japon, influencée par la cuisine française et avec des produits de saison pour le plaisir de vos papilles !;;0/0f/13-0f9f59ed-5a67-35ad-805c-4fc47248cd06.json
Etang de pêche de Pont-de-Vaux;Sports et activités outdoor;Cet étang de 4 ha est situé au cœur de la ville de Pont de Vaux, en bordure de la Reyssouze. Il offre de belles prestations pour des parties de pêche en famille ou entre amis. Brochets, black-bass, sandres, carpes et poissons peuplent l'étang.;;0/0f/13-0fa32764-d944-30e8-9e11-54ca721582fd.json
Le Jardin des 4M;Nature et détente;La Cheffe met en valeur les produits locaux, frais et de saison par sa cuisine créative, adaptée sur demande aux régimes alimentaires spécifiques. Menu unique. Salon de thé sam. et dim. après-midi. Terrasse de juin à sept.;;0/0f/13-0fa37797-c317-3651-a83b-d27c6837fb28.json
V and B;Autres points d'intérêt;V and B, c'est vivre de bons moments en toute simplicité, sur place côté bar, ou à emporter côté cave. C'est se retrouver après le travail, pour profiter d'un verre entre amis ou collègues, suivant la tendance de l'afterwork.;;0/0f/13-0fa7e3bc-2431-3f2d-a4ee-c01195e3f378.json
Résidence Épinat II Le 181;Hébergement;Grand appartement design offrant tout le confort nécessaire (cuisine équipée, chauffage central, Wifi, machine Nespresso....). Parfait pour découvrir Vichy et ses environs, il est à proximité de la gare, du centre-ville et du marché couvert.;;0/0f/13-0fa8e1c8-121c-3aff-8812-8e85366e037a.json
Descente VTT : Piste noire de la grande Ourse - Balme - Secteur Vallorcine;Sports et activités outdoor;"Piste noire du sommet de la télécabine de Vallorcine à Vallorcine village.
Attention : plusieurs traversées de routes 4x4 et de 2 chemins piétons.";;0/0f/13-0fa9a068-395a-36ad-9c8f-c5a264f245c9.json
Le lac Curtalès;Nature et détente;En dessous du lac des Bataillières et près des Hautes-Alpes, le lac Curtalès contient truites fario et arc-en-ciel, qui feront le bonheur des pêcheurs cherchant le calme et la pureté de la montagne.;;0/0f/13-0faa2a29-aeb9-3d7d-9470-59bb5d9e84fe.json
Les Bruyères;Autres points d'intérêt;Venez parcourir les 10 circuits du territoire de Varennes.;;0/0f/13-0faa9953-6423-3c84-839b-bab2bf929129.json
Ferme équestre La Licorne Bleue;Autres points d'intérêt;De la découverte de l'équitation au perfectionnement. Ecole d'équitation sur cheval et poney, promenades, stages, baptême poney, pension chevaux. Visite de la ferme, soin aux animaux, atelier de médiation animale.;;0/0f/13-0fad2356-8c34-3642-ac7b-f6f50c493a31.json
Hôtel Albert-Élisabeth;Hébergement;Hôtel indépendant convivial proche de la gare SNCF et à quelques minutes à pied du centre historique.;;0/0f/13-0fae9b37-f07c-398d-b8cc-601767c2e05a.json
Parc accrobranche : Val aventure;Sports et activités outdoor;Au milieu d’une forêt de 3 hectares, découvrez les parcours dans les arbres au-dessus du Château de Val et du barrage de Bort-les-Orgues.;;0/0f/13-0fafe3e0-9c96-39bd-888c-1ee312f88d81.json
Restaurant Les Trois Marches d'Ainay;Restauration et gastronomie;"À l'entrée de la cité médiévale d'Ainay le Château, ce café/Bar/Restaurant vous propose des menus “ouvrier” le midi en semaine; avec une agréable terrasse ombragée pour déjeuner.";;0/0f/13-0fb0a196-f081-3c5c-9244-ea15e92ce6dc.json
Boucle VAE - Sacrée châtaigne;Autres points d'intérêt;Tout ce qui incarne l’Ardèche. A deux pas de Lamastre, cet itinéraire vous emmène au cœur des forêts de châtaigniers, découvrir le métier de castanéiculteurs, aimer leurs produits et admirer leur travail.;;0/0f/13-0fb15ee1-2cda-3786-b1d7-8738c1110ecf.json
Centre équestre de Bonnemontesse;Sports et activités outdoor;"Un petit club familial, chaleureux ...
Il y fait bon vivre pour tout quadrupède ou bipède aimant la nature, le soleil mais souhaitant avant tout se faire plaisir !";;0/0f/13-0fb19b42-9687-36b0-bcb2-6407d788b5ab.json
Concours de boules - challenge de la municipalité;Autres points d'intérêt;Concours de boules 16 quadrettes  -  organisé par l'association sportive de boule;;0/0f/13-0fb1ce42-3004-3b73-9e53-aa9b39ad8ab8.json
La Clé du Vercors;Autres points d'intérêt;Bienvenu dans notre gîte entièrement restauré par nos soins dans une ancienne colonie de vacance qui vous accueil pour votre séjour en famille ou entre amis équipé pour un gain de temps, d'organisation .;;0/0f/13-0fb2b5c0-bf6b-3c36-a949-c72f976209dc.json
Eglise Saint-Pierre ou Saint-Christophe;Culture et patrimoine;L'église est construite dans la basse-cour d'une motte castrale du Xème siècle, située au milieu du bourg.;;0/0f/13-0fb2c8eb-461e-3620-ac06-3fd92345f4f1.json
Court de tennis;Sports et activités outdoor;Le court de tennis d'Allemond est à nouveau accessible et refait à neuf!;;0/0f/13-0fb38cea-154c-3c59-a328-34397a1baa38.json
Le Kiosque à pizzas Saint-Pourçain;Autres points d'intérêt;Pizzas artisanales. Vente à emporter. Ouvert 7j/7 midi et soir. Toutes les infos sur le site Internet et la page Facebook. Recettes locales.;;0/0f/13-0fb41aa1-9dc9-3e9c-be2e-33426cbd60dc.json
Parcours VTTAE 30 rouge - La Semine - Espace FFC Ain Forestière;Nature et détente;"Boucle sportive débutant par une longue descente qui rejoint le circuit n°12. 
Le parcours longe la Semine avant d'attaquer la montée pour rejoindre le point de départ.";;0/0f/13-0fb4b4bd-85bb-35b0-b3fb-183107537350.json
Le Verre Y Table;Restauration et gastronomie;"La formule est basée sur le plat du jour avec une carte minimaliste.
Tout est fait maison, c'est simple et efficace.";;0/0f/13-0fb67046-949f-3f47-a907-f959ba817d77.json
Halte Fluviale des Terreaux;Autres points d'intérêt;Halte fluviale sur la Saône au centre de Lyon, dans le quartier de l'Hôtel de Ville.;;0/0f/13-0fb9dba5-36ba-3f98-b2f0-d398e2ade06a.json
Atelier découverte de la randonnée et de l'environnement;Sports et activités outdoor;Association d'accompagnateurs en montagne proposant des randonnées accompagnées toute l'année, pour tous publics.;;0/0f/13-0fbcf597-a08d-3673-9f53-00e27142e0e4.json
Les collines de Mazerier - 14 km;Autres points d'intérêt;Ces collines offrent de beaux points de vue sur la vallée de la Sioule et ses viaducs (versant ouest) ainsi que sur la Limagne et les montagnes lointaines (versant est).;;0/0f/13-0fbdfbf2-bbf1-320a-9d15-14d41219fb40.json
Halte fluviale de plaisance;Autres points d'intérêt;"La Halte fluviale permet l'accostage des petits bateaux de plaisance jusqu'à 15m. (12 anneaux)
Point d'eau et électricité uniquement d'avril à octobre.
Accessible en escale de courte durée de 72h maximum";;0/0f/13-0fbe3785-c1ff-3b22-b296-477fb8883b8f.json
Chez Tonton;Autres points d'intérêt;Bar, jeux, soirées jazz, soirées dégustations de vins, location de salle (anniversaire, réunion…);;0/0f/13-0fc0346e-7bf6-3748-80e9-3f0b4b417ed9.json
Eglise Sainte-Marie;Culture et patrimoine;Construite dès le XIe ou XIIe siècle, l'église est l'une des rares de la vallée à conserver d'importants vestiges romans, reconnaissables aux petites arcatures aveugles de l'abside et du clocher. Son décor intérieur vous propose de traverser les siècles !;;0/0f/13-0fc29d7d-2e0c-3e4e-85e0-f9ba55093d6d.json
Église Saint-Martin - Louroux-Bourbonnais;Culture et patrimoine;Visite libre. L’église Saint-Martin (ISMH) appartenait au diocèse de Bourges et dépendait alternativement de l’abbaye de Plaimpied en Berry et du prieuré de Souvigny.;;0/0f/13-0fc3fa81-e9d1-3dcf-bfcb-df1080611898.json
Camping Belle Roche - Cabane du randonneur;Hébergement;Jolie cabane en bois pour vous reposer après une bonne journée de randonnée et pour vous éviter de monter la tente. Equipée de 3 lits avec matelas confortables et oreillers ( il faut apporter son sac de couchage) .;;0/0f/13-0fc4f8e7-a7e3-3899-8946-1325da74211c.json
Restaurant Le Liberty;Restauration et gastronomie;"Restaurant grill ouvert du lundi au samedi, midi et soir. 
Salle climatisée, terrasse ombragée, parking, groupes.
Cadre et accueil chaleureux. 
Grillades et plats régionaux.
Vente à emporter";;0/0f/13-0fc5499b-9f1c-31dd-ae75-ee31a2ae497b.json
Location ski roues;Hébergement;Le ski-roues est une excellente manière de découvrir les sensations du ski de fond hors saison.;;0/0f/13-0fc70f28-526f-3eff-919e-cf25b14d326d.json
La Coupole;Autres points d'intérêt;La Coupole est une agence d’événements professionnels (Coupole Event), une salle de réception dans un bâtiment classé en centre-ville (Coupole Spectacle) et un prestataire technique spécialisé en captation et retransmission audiovisuelle (Coupole Studio).;;0/0f/13-0fc82d27-2298-38ab-81bb-1cf7877b2a00.json
Courts de tennis;Sports et activités outdoor;Que vous habitiez La Rochette ou leurs environs vous pouvez pratiquer le tennis au niveau qui vous convient (loisir ou compétition). A La Rochette: 3 courts découverts dont 2 éclairés avec club house.;;0/0f/13-0fc89831-7ccd-3777-8f31-b972538a089e.json
N°9 Entre Loire et plaine;Autres points d'intérêt;Ce parcours présente d’importantes portions sur le goudron ou sur des pistes carrossables avec un superbe passage en bords de Loire.;;0/0f/13-0fcab460-8c66-312d-845e-c5ac29a0fe73.json
Spa de l'abri du château;Culture et patrimoine;Situé à vingt-cinq kilomètres de Lyon au coeur des pierres dorées, l'Abri est le fruit d'une auto-construction inspirée de nos voyages. Petite maison en ossature bois : un espace privatif et intimiste pensé pour votre bien être.;;0/0f/13-0fcc6972-26ab-3b45-9b42-32078fd97360.json
Gout'T;Autres points d'intérêt;Restaurant traditionnel des Monts du Lyonnais.;;0/0f/13-0fd208c5-aae4-314e-b4ed-79023fb1e685.json
Cinéma Le Paradiso;Culture et patrimoine;"Cinéma d'art et essai. Salle équipée en Dolby Stéreo SR. 108 places, climatisation, fauteuil ""club"", accessible aux personnes à mobilité réduite.
Deux films vous sont présentés chaque semaine avec des séances tous les jours.";;0/0f/13-0fd3adaf-544f-32c4-90bc-8328e633dc88.json
Billot Sylvain;Autres points d'intérêt;Sylvain Billot, moniteur guide de pêche diplômé d'état, est un spécialiste de la pêche à la mouche, grâce à une déjà longue  expérience tant en rivière qu'en lacs de montagne.;;0/0f/13-0fd4a2e0-c8d8-3200-b30a-9b4ace5d07cc.json
Parc Saint-Jean;Nature et détente;Accès libre. Le parc de plus de 3 hectares dont environ 19 000 m² de pelouse  est un heureux compromis entre le jardin paysager et le jardin classique.;;0/0f/13-0fd4aedf-f8a4-3a6e-9cb6-400f2dc815f3.json
Camping Ciela Village - Le Bontemps;Hébergement;Venez séjourner en famille dans un parc de 6ha boisé et paysagé en bord de rivière, en location tout confort ou avec votre tente, caravane ou camping-car.;;0/0f/13-0fd672b3-3039-3372-b2a5-0146f97e04c7.json
Brasserie de la Paix - Chez Mimi et Sam;Restauration et gastronomie;Venez passer un bon moment dans un cadre sympathique et chaleureux. Découvrez une cuisine préparée par un chef avec des produits frais tous les midis sauf le dimanche ! Glaces artisanales en été.;;0/0f/13-0fdad66a-c55e-360a-a538-487b93d3370a.json
Hôtel Campanile Annemasse Centre - Genève;Hébergement;Situé à proximité directe de la Gare TGV & CEVA  d’Annemasse et au cœur de la ville et du nouveau quartier, le Chablais Parc, découvrez votre nouvel hôtel Campanile*** Annemasse Centre - Gare : une étape incontournable pour vos séjours affaires ou loisirs;;0/0f/13-0fdbd7c7-1e71-30f1-8e98-47e40303d8c0.json
Bibliothèque Latulu;Culture et patrimoine;Les bibliothèques vous proposent livres, magazines, CD, DVD, liseuses et tablettes à consulter sur place ou à emprunter, ainsi que d’autres services numériques. La carte unique vous permet d’accéder aux 15 bibliothèques du Pays Mornantais.;;0/0f/13-0fdde93f-1b53-39fe-97ef-d57dab30079d.json
Houblon ou Brune;Autres points d'intérêt;Un petit bar à bière où l'ambiance et conviviale, l'été vous pouvez même vous installer en terrasse ! Noellie saura vous conseillez sur des bières du monde entier (anciennement Bière et Montagne);;0/0f/13-0fde3243-56bd-3175-abde-ae91de9592f1.json
Restaurant La Table d'Alain Bleton;Restauration et gastronomie;"La Table d'Alain Bleton est ouverte du mercredi au dimanche inclus 
Restaurant semi-gastronomique, cuisine française soignée et de qualité, tous nos plats sont élaborés et cuisinés par notre chef et son équipe, sur place, produits frais - vins locaux";;0/0f/13-0fdf6373-06a2-3561-b72c-5b9f16f2dbb6.json
Circuit des Gorges de l'Ain;Nature et détente;En suivant la route pittoresque des Gorges de l'Ain au départ de Poncin se succèdent sites naturels étonnamment préservés, villages et hameaux typiques aux maisons vigneronnes en pierre.;;0/0f/13-0fe01c8a-5bcc-308c-a6bc-a874fd4caaab.json
Piscine Aqua Mira La Mure;Sports et activités outdoor;Piscine territoriale couverte de La Mure.;;0/0f/13-0fe38f58-cfec-384b-b894-a5b4e23e2cd4.json
L' ABCdaire protestant;Autres points d'intérêt;Un regard engagé. Vérité, transparence, effondrement... Les philosophes nous permettent de s'interroger sur le sens des mots.;;0/0f/13-0fe63822-6991-3f1e-8906-026a826aed9c.json
La Part du Colibri;Autres points d'intérêt;Situé dans le centre historique de la ville, nous vous proposons une cuisine 100% maison, élaborée à partir de produits bruts, locaux, biologiques, et toujours de saison ! Carnivores et végétariens trouveront facilement de quoi flatter leurs papilles.;;0/0f/13-0fea9b7d-c02a-3ae5-9907-30dd2d2f5c6e.json
Le Chalet du Mini-Golf;Hébergement;"Situé entre les thermes et le casino, ce restaurant vous accueille dans un cadre ""nature"" au coeur du parc thermal.
Vous y trouverez une cuisine fine et gourmande avec une carte à base de produits frais de saison, pour des plats entièrement “fait maison”.";;0/0f/13-0feb69a5-9a4c-358d-83b0-e657614439b0.json
La Popote;Autres points d'intérêt;Situés sous la télécabine Transarc et au dessus de la gare routière des Villards sur la place Aiguille des Glaciers, nous proposons de délicieux produits FRAIS.;;0/0f/13-0fed03e5-622c-3a2f-be88-295bdd045b0c.json
La Tablée;Autres points d'intérêt;Restaurant de cuisine traditionnelle et de spécialités de montagne.;;0/0f/13-0ff40600-9197-389a-bd4d-23501976df22.json
Marché hebdomadaire;Spectacles et événements;Marché hebdomadaire;;0/0f/13-0ff58c33-b7b7-3c7f-9637-4ba244c65233.json
Combe noire - Noire;Autres points d'intérêt;A_GENERER_VIA_IA;;0/0f/13-0ff5cbba-e1ea-3976-9160-65d7d07a9e39.json
Le Relais d’Enghien – Logis Jacquette;Autres points d'intérêt;Le logis Jacquette, maison de charme avec un parking privé sur place, peut accueillir cinq personnes. Idéalement situé en  plein centre-ville, à 10 mn de la gare,  il permet de découvrir à pied les quartiers historique et commerçant. A 30 km du PAL.;;0/0f/13-0ff60e07-8f7f-3f32-982b-e2d24a136101.json
Le Saint-Nicolas;Autres points d'intérêt;Notre Chef, Marvin Lance, propose chaque soir une cuisine gastronomique dans l'air du temps, autour de produits frais. Technique, simplicité et justesse sont les maîtres-mots dans un lieu chaleureux et convivial.;;0/0f/13-0ff67d10-8568-3eaa-959f-4d1495db32dd.json
Restaurant Le Mas de Champel;Restauration et gastronomie;Restaurant et bar. Cuisine faite maison avec des produits frais, locaux et de saison. A la carte, remplie de saveurs, pizzas et plats du jour cuisinés avec amour !;;0/0f/13-0ff6ba55-0f5f-3d19-9bdf-aabed9d6ba6d.json
Location de trottinette - Intermarché;Hébergement;"Intermarché vous propose de louer une trottinette confortable, avec un grand guidon, de grosses roues et un look d'Harley Davidson ! 
Sur réservation. BSR ou permis auto obligatoire.";;0/0f/13-0ff6e368-d124-3c19-b94b-a51c06c42d23.json
École de parapente du Salève - Salève Airlines;Autres points d'intérêt;Accompagné d’un moniteur diplômé, vous découvrirez les joies du vol en parapente à partir du Salève.;;0/0f/13-0ff8f2eb-b79c-3de6-a12d-b10ec91e2fe6.json
Comptoir des Criques & CO Messidor;Autres points d'intérêt;Le Comptoir vous propose 2 espaces de restauration distincts : un service express et un service traditionnel. Vous trouverez au Comptoir des criques, une cuisine familiale gourmande, de fabrication maison, dans un cadre chaleureux et dynamique.;;0/0f/13-0ffb9a3f-26ab-3beb-a45d-40243a867d0b.json
La Table Marbozienne;Restauration et gastronomie;Restaurant traditionnel, cuisine maison,pizzeria, traiteur;;0/0f/13-0ffbb7ce-b5f1-3972-8db4-1baca5fee1af.json
Le Pick'Nic;Autres points d'intérêt;"Restauration rapide de qualité, pour des burgers délicieux !
Produit locaux cuisinés avec soin... et musique !
Le Pick'Nic se déplace aussi sur vos évènements, n'hésitez pas à me contacter !";;0/0f/13-0ffc160e-449d-371d-bd0f-118be7ce9cb3.json
Les Ecuries des Esserons;Autres points d'intérêt;Centre équestre / Equitation;;0/0f/13-0ffdd892-b0ec-3901-a03c-dee0c39473d9.json
Le Refuge;Autres points d'intérêt;"Chalet de charme de tradition savoyarde idéalement situé au coeur du domaine skiable Espace San Bernardo. 
Classée 4 étoiles, notre résidence vous propose des appartements chaleureux de haut standing avec cheminée en pierre et wifi gratuit.";;0/0f/13-0fff15c4-e1fe-3f2d-bbd9-f4d01e81b51e.json
